/*
 Navicat MySQL Data Transfer

 Source Server         : bj-cdb-2e8tmkee.sql.tencentcdb.com
 Source Server Version : 50718
 Source Host           : bj-cdb-2e8tmkee.sql.tencentcdb.com
 Source Database       : rest_gamma

 Target Server Version : 50718
 File Encoding         : utf-8

 Date: 11/12/2019 18:44:11 PM
*/

SET NAMES utf8;
SET FOREIGN_KEY_CHECKS = 0;

-- ----------------------------
--  Table structure for `sys_announcement`
-- ----------------------------
DROP TABLE IF EXISTS `sys_announcement`;
CREATE TABLE `sys_announcement` (
  `id` varchar(36) NOT NULL,
  `content` varchar(100) NOT NULL,
  `enable` varchar(1) NOT NULL,
  `create_time` timestamp NOT NULL DEFAULT CURRENT_TIMESTAMP ON UPDATE CURRENT_TIMESTAMP,
  `update_time` timestamp NOT NULL DEFAULT CURRENT_TIMESTAMP ON UPDATE CURRENT_TIMESTAMP,
  `extension` varchar(50) NOT NULL DEFAULT '',
  `dp_id` varchar(36) NOT NULL,
  PRIMARY KEY (`id`)
) ENGINE=InnoDB DEFAULT CHARSET=utf8;

-- ----------------------------
--  Records of `sys_announcement`
-- ----------------------------
BEGIN;
INSERT INTO `sys_announcement` VALUES ('1', '1', '1', '2019-11-08 15:06:30', '2019-11-08 15:06:30', '', '1'), ('2', '1', '1', '2019-11-08 15:06:32', '2019-11-08 15:06:32', '', '1'), ('3', '3', '1', '2019-11-05 17:30:30', '2019-11-05 17:30:30', '', '4'), ('4', '11111', '1', '2019-11-05 17:32:38', '2019-11-05 17:32:38', '', '3'), ('5', '11111', '1', '2019-11-05 17:32:44', '2019-11-05 17:32:44', '232', '3');
COMMIT;

-- ----------------------------
--  Table structure for `sys_department`
-- ----------------------------
DROP TABLE IF EXISTS `sys_department`;
CREATE TABLE `sys_department` (
  `id` varchar(36) NOT NULL COMMENT 'ID',
  `name` varchar(50) NOT NULL COMMENT '机构名称',
  `parent_id` varchar(36) NOT NULL COMMENT '上级机构ID',
  `branch_id` varchar(36) DEFAULT NULL,
  `section_id` varchar(36) DEFAULT NULL,
  `enable` smallint(1) NOT NULL DEFAULT '1',
  `sort` int(11) NOT NULL DEFAULT '99' COMMENT '排序序号',
  `flag` varchar(20) NOT NULL DEFAULT '' COMMENT '科室标识',
  `create_time` timestamp NOT NULL DEFAULT CURRENT_TIMESTAMP ON UPDATE CURRENT_TIMESTAMP,
  `update_time` timestamp NOT NULL DEFAULT CURRENT_TIMESTAMP,
  `extension` varchar(350) NOT NULL,
  PRIMARY KEY (`id`)
) ENGINE=InnoDB DEFAULT CHARSET=utf8;

-- ----------------------------
--  Records of `sys_department`
-- ----------------------------
BEGIN;
INSERT INTO `sys_department` VALUES ('0', '解放军医院组织机构', '-1', '0', '0', '1', '99', '组织机构', '2019-11-12 16:05:21', '2019-11-12 16:05:07', ''), ('1', '301总院', '0', '1', '1', '1', '0', '总院', '2019-11-12 13:38:05', '2019-11-08 13:59:56', ''), ('10001', '呼吸科', '1', '1', '', '1', '99', '301总院呼吸科', '2019-11-12 13:38:25', '2019-11-12 13:37:24', ''), ('10002', '内科', '1', '1', null, '1', '99', '301总院内科', '2019-11-12 13:39:28', '2019-11-12 13:39:28', ''), ('10003', '内科导诊', '10002', '1', null, '1', '99', '301总院内科导诊', '2019-11-12 13:40:40', '2019-11-12 13:40:07', ''), ('2', '302分院', '0', '2', '2', '1', '0', '302分院', '2019-11-12 16:02:49', '2019-11-08 13:59:58', ''), ('3', '303分院', '0', '3', '3', '1', '0', '303分院', '2019-11-12 16:02:51', '2019-11-08 14:00:01', ''), ('4', '304分院', '0', '4', '4', '1', '0', '304分院', '2019-11-12 16:02:53', '2019-11-08 14:00:04', ''), ('7460f4f0-2ed8-4a3c-a111-d558f15ce83d', 'B科室', '2', null, null, '1', '0', 'dept-flag-3', '2019-11-12 18:00:18', '2019-11-12 18:00:18', 'string'), ('f99e5ca4-1c3c-4916-91d5-734d4bf3e14c', 'AAXXyy2科室', '1', null, null, '1', '0', 'dept-flag-3', '2019-11-12 18:33:32', '2019-11-12 17:58:24', '备注信息123456');
COMMIT;

-- ----------------------------
--  Table structure for `sys_dictionary_type`
-- ----------------------------
DROP TABLE IF EXISTS `sys_dictionary_type`;
CREATE TABLE `sys_dictionary_type` (
  `id` varchar(50) NOT NULL,
  `code` varchar(50) DEFAULT NULL COMMENT '类型码',
  `description` varchar(200) DEFAULT NULL COMMENT '描述',
  `parent_id` varchar(50) DEFAULT NULL COMMENT '父节级字典ID',
  PRIMARY KEY (`id`)
) ENGINE=InnoDB DEFAULT CHARSET=utf8 COMMENT='字典类型表';

-- ----------------------------
--  Records of `sys_dictionary_type`
-- ----------------------------
BEGIN;
INSERT INTO `sys_dictionary_type` VALUES ('1001', 'permission-element', '权限基础元素', '1000'), ('1002', 'menu-type', '菜单类型', '1000'), ('1003', 'user-group', '用户组', '1000'), ('1004', 'post-type', '职务或岗位类型', '1000'), ('1005', 'department-flag', '组织机构标志', '1000');
COMMIT;

-- ----------------------------
--  Table structure for `sys_dictionary_value`
-- ----------------------------
DROP TABLE IF EXISTS `sys_dictionary_value`;
CREATE TABLE `sys_dictionary_value` (
  `id` varchar(50) NOT NULL,
  `type_id` varchar(50) DEFAULT NULL COMMENT '字典类型ID',
  `name` varchar(200) DEFAULT NULL COMMENT '字典值name',
  `value` varchar(50) DEFAULT NULL COMMENT '字典值value',
  `sort` int(11) DEFAULT NULL COMMENT '排序号',
  PRIMARY KEY (`id`)
) ENGINE=InnoDB DEFAULT CHARSET=utf8 COMMENT='字典值表';

-- ----------------------------
--  Records of `sys_dictionary_value`
-- ----------------------------
BEGIN;
INSERT INTO `sys_dictionary_value` VALUES ('10000001', '1001', '访问', 'access', '1'), ('10000002', '1001', '查看', 'view', '2'), ('10000003', '1001', '新增', 'add', '3'), ('10000004', '1001', '删除', 'delete', '5'), ('10000005', '1001', '导出', 'export', '6'), ('10000006', '1001', '导入', 'import', '7'), ('10000007', '1001', '设计', 'design', '8'), ('10000008', '1001', '修改', 'edit', '4'), ('10000009', '1003', '护士组', 'nurse-group', '1'), ('10000010', '1003', '医生组', 'doctor-group', '2'), ('10000011', '1004', '办公室主任', 'post-office-1', '1'), ('10000012', '1004', '信息科主任', 'post-info-1', '2'), ('10000013', '1005', '门诊', 'dept-flag-1', '1'), ('10000014', '1005', '急诊', 'dept-flag-2', '2'), ('10000015', '1005', '体检', 'dept-flag-3', '3');
COMMIT;

-- ----------------------------
--  Table structure for `sys_menu`
-- ----------------------------
DROP TABLE IF EXISTS `sys_menu`;
CREATE TABLE `sys_menu` (
  `id` varchar(36) NOT NULL,
  `parent_id` varchar(36) NOT NULL DEFAULT '0' COMMENT '父菜单ID，一级菜单为0',
  `name` varchar(50) NOT NULL DEFAULT '' COMMENT '菜单名称',
  `url` varchar(200) NOT NULL DEFAULT '' COMMENT '菜单URL',
  `type` int(11) NOT NULL DEFAULT '0' COMMENT '类型   0：目录   1：菜单   2：操作',
  `permission_code` varchar(36) NOT NULL DEFAULT '',
  `sort` int(11) NOT NULL DEFAULT '0' COMMENT '排序',
  `create_time` timestamp NOT NULL DEFAULT CURRENT_TIMESTAMP,
  `update_time` timestamp NOT NULL DEFAULT '0000-00-00 00:00:00' ON UPDATE CURRENT_TIMESTAMP,
  `enable` varchar(1) NOT NULL DEFAULT '1' COMMENT '0 代表不可用； 1 代表可用',
  `extension` varchar(50) NOT NULL DEFAULT '',
  `sys_id` varchar(36) NOT NULL,
  PRIMARY KEY (`id`),
  UNIQUE KEY `url_index` (`url`) USING BTREE
) ENGINE=InnoDB DEFAULT CHARSET=utf8 AVG_ROW_LENGTH=372 COMMENT='菜单管理';

-- ----------------------------
--  Records of `sys_menu`
-- ----------------------------
BEGIN;
INSERT INTO `sys_menu` VALUES ('1', '0', '系统管理', '/sys', '0', 'sys', '0', '2019-11-01 13:42:29', '2019-11-06 16:07:55', '1', '', ''), ('1001', '101', '用户查看', '/sys/user#view', '2', 'sys:user:view', '1', '2019-11-06 15:57:31', '2019-11-06 19:57:27', '1', '', ''), ('1002', '101', '用户新增', '/sys/user#add', '2', 'sys:user:add', '2', '2019-11-06 16:00:38', '2019-11-06 19:57:32', '1', '', ''), ('1003', '101', '用户访问', '/sys/user#access', '2', 'sys:user:access', '0', '2019-11-06 16:02:30', '2019-11-06 19:57:36', '1', '', ''), ('1004', '101', '用户修改', '/sys/user#edit', '2', 'sys:user:edit', '3', '2019-11-06 16:03:24', '2019-11-06 19:57:45', '1', '', ''), ('1005', '101', '用户删除', '/sys/user#delete', '2', 'sys:user:delete', '4', '2019-11-06 16:05:03', '2019-11-06 19:57:50', '1', '', ''), ('1006', '101', '用户导出', '/sys/user#export', '2', 'sys:user:export', '5', '2019-11-06 16:05:39', '2019-11-06 19:57:56', '1', '', ''), ('1007', '101', '用户导入', '/sys/user#import', '2', 'sys:user:import', '6', '2019-11-06 16:06:13', '2019-11-06 19:58:01', '1', '', ''), ('1008', '101', '设计页面', '/sys/user#design', '2', 'sys:user:design', '7', '2019-11-06 16:06:50', '2019-11-06 19:58:05', '1', '', ''), ('101', '1', '用户管理', '/sys/user', '1', 'sys:user', '1', '2019-11-01 13:42:29', '2019-11-06 19:56:45', '1', '', ''), ('102', '1', '角色管理', '/sys/role', '1', 'sys:role', '2', '2019-11-01 13:42:29', '2019-11-06 19:56:50', '1', '', ''), ('103', '1', '机构管理', '/sys/dept', '1', 'sys:dept', '3', '2019-11-01 13:42:29', '2019-11-06 19:56:55', '1', '', '');
COMMIT;

-- ----------------------------
--  Table structure for `sys_operation_log`
-- ----------------------------
DROP TABLE IF EXISTS `sys_operation_log`;
CREATE TABLE `sys_operation_log` (
  `id` varchar(50) CHARACTER SET utf8 COLLATE utf8_unicode_ci NOT NULL COMMENT '主键',
  `user_id` varchar(50) CHARACTER SET utf8 COLLATE utf8_unicode_ci NOT NULL COMMENT '用户主键',
  `operation_time` timestamp(3) NOT NULL DEFAULT CURRENT_TIMESTAMP(3) COMMENT '操作时间',
  `client_ip` varchar(50) CHARACTER SET utf8 COLLATE utf8_unicode_ci NOT NULL COMMENT '客户端IP',
  `module` varchar(100) CHARACTER SET utf8 COLLATE utf8_unicode_ci NOT NULL COMMENT '功能模块',
  `operation_type` varchar(100) CHARACTER SET utf8 COLLATE utf8_unicode_ci NOT NULL COMMENT '操作类型',
  `user_name` varchar(100) CHARACTER SET utf8 COLLATE utf8_unicode_ci DEFAULT NULL COMMENT '用户名',
  `dp_id` varchar(36) NOT NULL,
  PRIMARY KEY (`id`),
  KEY `idx_operation_time` (`operation_time`) USING BTREE,
  KEY `idx_user_name` (`user_name`) USING BTREE,
  KEY `idx_module` (`module`) USING BTREE
) ENGINE=InnoDB DEFAULT CHARSET=utf8 COMMENT='系统操作日志';

-- ----------------------------
--  Table structure for `sys_operation_param`
-- ----------------------------
DROP TABLE IF EXISTS `sys_operation_param`;
CREATE TABLE `sys_operation_param` (
  `id` varchar(50) NOT NULL COMMENT '主键',
  `log_id` varchar(50) NOT NULL COMMENT '日志主键',
  `request_param` text COMMENT '请求参数',
  `response_param` text COMMENT '响应结果',
  `dp_id` varchar(36) NOT NULL,
  PRIMARY KEY (`id`)
) ENGINE=InnoDB DEFAULT CHARSET=utf8 COMMENT='系统操作参数记录';

-- ----------------------------
--  Table structure for `sys_permission_element`
-- ----------------------------
DROP TABLE IF EXISTS `sys_permission_element`;
CREATE TABLE `sys_permission_element` (
  `id` varchar(255) NOT NULL,
  `name` varchar(255) NOT NULL,
  `description` varchar(255) DEFAULT NULL,
  PRIMARY KEY (`id`)
) ENGINE=InnoDB DEFAULT CHARSET=utf8;

-- ----------------------------
--  Records of `sys_permission_element`
-- ----------------------------
BEGIN;
INSERT INTO `sys_permission_element` VALUES ('100', 'access', '访问'), ('101', 'view', '查看'), ('102', 'add', '新增'), ('103', 'edit', '修改'), ('104', 'delete', '删除'), ('105', 'export', '导出'), ('106', 'import', '导入'), ('107', 'design', '设计');
COMMIT;

-- ----------------------------
--  Table structure for `sys_role`
-- ----------------------------
DROP TABLE IF EXISTS `sys_role`;
CREATE TABLE `sys_role` (
  `id` varchar(36) NOT NULL,
  `role_name` varchar(100) DEFAULT NULL COMMENT '角色名称',
  `remark` varchar(100) DEFAULT NULL COMMENT '备注',
  `create_time` timestamp NOT NULL DEFAULT CURRENT_TIMESTAMP COMMENT '创建时间',
  `update_time` timestamp NOT NULL DEFAULT '0000-00-00 00:00:00' ON UPDATE CURRENT_TIMESTAMP COMMENT '更新时间',
  `enable` varchar(1) NOT NULL DEFAULT '1' COMMENT '0 代表不可用； 1 代表可用',
  `extension` varchar(50) NOT NULL DEFAULT '' COMMENT '扩展字段',
  `sys_id` varchar(36) NOT NULL DEFAULT '',
  PRIMARY KEY (`id`)
) ENGINE=InnoDB DEFAULT CHARSET=utf8 AVG_ROW_LENGTH=16384 COMMENT='角色';

-- ----------------------------
--  Records of `sys_role`
-- ----------------------------
BEGIN;
INSERT INTO `sys_role` VALUES ('1', '角色1', '备注', '2019-11-01 14:02:33', '0000-00-00 00:00:00', '1', '', ''), ('2', '角色2', '11', '2019-11-01 14:02:33', '0000-00-00 00:00:00', '1', '', ''), ('3', '3', '3', '2019-11-01 14:02:33', '0000-00-00 00:00:00', '1', '', ''), ('333', 'aaaa', null, '2019-11-01 14:02:33', '0000-00-00 00:00:00', '1', '', ''), ('4', '4', '4', '2019-11-01 14:02:33', '0000-00-00 00:00:00', '1', '', ''), ('5', '5', '5', '2019-11-01 14:02:33', '0000-00-00 00:00:00', '1', '', ''), ('6', '6', '6', '2019-11-01 14:02:33', '0000-00-00 00:00:00', '1', '', ''), ('7', '7', '7', '2019-11-01 14:02:33', '0000-00-00 00:00:00', '1', '', ''), ('f19ef746-b4f7-4f12-9bba-2e79625952ee', '角色ssss', '测试角色', '2019-11-01 14:02:33', '0000-00-00 00:00:00', '1', '', '');
COMMIT;

-- ----------------------------
--  Table structure for `sys_role_menu`
-- ----------------------------
DROP TABLE IF EXISTS `sys_role_menu`;
CREATE TABLE `sys_role_menu` (
  `id` varchar(36) NOT NULL,
  `role_id` varchar(36) DEFAULT NULL COMMENT '角色ID',
  `menu_id` varchar(36) DEFAULT NULL COMMENT '菜单ID',
  PRIMARY KEY (`id`)
) ENGINE=InnoDB DEFAULT CHARSET=utf8 AVG_ROW_LENGTH=4096 COMMENT='角色与菜单对应关系';

-- ----------------------------
--  Records of `sys_role_menu`
-- ----------------------------
BEGIN;
INSERT INTO `sys_role_menu` VALUES ('1', '1', '1');
COMMIT;

-- ----------------------------
--  Table structure for `sys_role_scope`
-- ----------------------------
DROP TABLE IF EXISTS `sys_role_scope`;
CREATE TABLE `sys_role_scope` (
  `id` varchar(36) NOT NULL,
  `role_id` varchar(36) NOT NULL,
  `dp_id` varchar(36) NOT NULL,
  PRIMARY KEY (`id`)
) ENGINE=InnoDB DEFAULT CHARSET=utf8;

-- ----------------------------
--  Records of `sys_role_scope`
-- ----------------------------
BEGIN;
INSERT INTO `sys_role_scope` VALUES ('1', '1', '1'), ('2', '1', '2'), ('3', '2', '4');
COMMIT;

-- ----------------------------
--  Table structure for `sys_user`
-- ----------------------------
DROP TABLE IF EXISTS `sys_user`;
CREATE TABLE `sys_user` (
  `id` varchar(36) NOT NULL,
  `username` varchar(50) NOT NULL COMMENT '用户登陆名',
  `password` varchar(100) NOT NULL DEFAULT '' COMMENT '密码',
  `salt` varchar(20) NOT NULL DEFAULT 'RestToken' COMMENT '盐',
  `normal_name` varchar(50) NOT NULL DEFAULT '用户名',
  `num` bigint(50) DEFAULT NULL COMMENT '用户编号',
  `email` varchar(100) NOT NULL DEFAULT '' COMMENT '邮箱',
  `mobile` varchar(100) NOT NULL DEFAULT '' COMMENT '手机号',
  `dp_id` varchar(36) NOT NULL DEFAULT '-1' COMMENT '部门ID',
  `subgroup` varchar(36) NOT NULL,
  `photo` varchar(50) NOT NULL DEFAULT '/profile/photo/default.jpg' COMMENT '头像',
  `idcard` varchar(36) DEFAULT NULL COMMENT '身份证号',
  `sex` varchar(2) NOT NULL COMMENT '性别',
  `nation` varchar(30) DEFAULT NULL COMMENT '民族',
  `marital_status` varchar(2) DEFAULT NULL COMMENT '婚姻状况',
  `title` varchar(30) NOT NULL DEFAULT '' COMMENT '职称',
  `rank` varchar(10) NOT NULL DEFAULT '' COMMENT '级别',
  `post` varchar(36) NOT NULL DEFAULT '' COMMENT '职位',
  `enable` tinyint(4) NOT NULL DEFAULT '1' COMMENT '状态  0：禁用   1：正常',
  `create_time` datetime NOT NULL DEFAULT CURRENT_TIMESTAMP COMMENT '创建时间',
  `update_time` datetime NOT NULL DEFAULT CURRENT_TIMESTAMP COMMENT '更新时间',
  `extension` varchar(350) DEFAULT '' COMMENT '扩展',
  PRIMARY KEY (`id`),
  UNIQUE KEY `username` (`username`)
) ENGINE=InnoDB DEFAULT CHARSET=utf8 AVG_ROW_LENGTH=2048 COMMENT='系统用户';

-- ----------------------------
--  Records of `sys_user`
-- ----------------------------
BEGIN;
INSERT INTO `sys_user` VALUES ('04291823-668c-4111-8c48-5202e69cebcd', '189', '139a60c179ff3648bd2bf25c960599c417abe9b164e632d198059f2edd335959', 'rexen', '', '0', 'string', '1', '4', '10000010', '/profile/photo/default.jpg', '', '', '', '', '', '', '', '1', '2019-04-15 13:22:12', '2019-04-15 13:22:12', ''), ('0bb11ed4-ff9e-4573-af5a-e15bb0b6102b', 'rrrr', 'rrrr', 'rrrr', '', '0', 'rrrr', 'rrrr', '1', '10000010', '/profile/photo/default.jpg', '', '', '', '', '', '', '', '1', '2019-04-15 13:22:12', '2019-04-15 13:22:12', ''), ('1', 'admin', 'e7de9edb9a5e6dd6eac79d38f3b74ef1672fd97174ee6ea215d1f350b7a17b55', '111', '', '0', '111', '111', '1', '10000010', '/profile/photo/default.jpg', '', '', '', '', '', '', '', '1', '2019-04-15 13:22:12', '2019-04-15 13:22:12', ''), ('12ac525b-d6c4-4fb2-85ae-75375d0883e5', '188', '32ba21f5cf8b432448044f68c6d1078d4d3c5d6994eec0363ca4db955e4a7ac5', 'FOoiMNza', '', '0', 'string', '1', '1', '10000010', '/profile/photo/default.jpg', '', '', '', '', '', '', '', '1', '2019-04-15 13:22:12', '2019-04-15 13:22:12', ''), ('1c5fa525-6bb2-4aa6-9955-308ebac22b86', '1909', 'e7de9edb9a5e6dd6eac79d38f3b74ef1672fd97174ee6ea215d1f350b7a17b55', 'RestToken', '', '0', 'e', 'm', '4', '10000010', '/profile/photo/default.jpg', '', '', '', '', '', '', '', '1', '2019-04-15 13:22:12', '2019-04-15 13:22:12', ''), ('2038eece-4635-4af8-909d-a8559abb8593', 'sys8', '40e29188df9ca95621d926dfd7caaf82a0ccf9dd08f8c071b79acbe6313463ca', 'CwPrpi7o', '', '0', '497491@qq.com', '18888821111', '1', '10000010', '/profile/photo/default.jpg', '', '', '', '', '', '', '', '1', '2019-04-15 13:22:12', '2019-04-15 13:22:12', ''), ('222333', '222', '222', '22', '', '0', '222', '222', '1', '10000010', '/profile/photo/default.jpg', '', '', '', '', '', '', '', '2', '2019-04-15 13:22:12', '2019-04-15 13:22:12', ''), ('30a4bf2f-3203-4573-b119-03743d2501b4', 'sys11', '97025adccb54fa01fd9a79ac7fa7a29a68fbcc79ccbc71cc8bed66a2ce180fee', 'L9Kwjxs6', '', '0', '497491@qq.com', '18888821111', '1', '10000010', '/profile/photo/default.jpg', '', '', '', '', '', '', '', '1', '2019-04-15 13:22:12', '2019-04-15 13:22:12', ''), ('343c1ceb-171d-4bfb-86a2-baa5791b1151', 'sys99999', '821bb393e964b0fa26c09b7ffaf1821969f43bcb88bc4d1dc46ea257e204318b', 'UVUwKalQ', '', '0', '497491@qq.com', '18888821111', '1', '10000010', '/profile/photo/default.jpg', '', '', '', '', '', '', '', '1', '2019-04-15 13:22:12', '2019-04-15 13:22:12', ''), ('40b4478c-05c7-48ce-93c9-3e9d6d138561', 'string', '097f60f4c30c03a9ed2484277405e6b0fb072de5fe61b62c3d92a524e962d095', 'RestToken', '', '0', 'string', 'string', 'string', '10000010', '/profile/photo/default.jpg', '', '', '', '', '', '', '', '1', '2019-04-15 13:22:12', '2019-04-15 13:22:12', ''), ('43409473-39bc-4a29-8c1c-d0ee91f66e79', 'syy666665', 'e45a65d64c841a8e3a8929c414f6a9f335f70f94c82aada3d6ac4af7ef12af73', 'Wvs1nv9o', '', '0', '497491@qq.com', '18888821111', '1', '10000010', '/profile/photo/default.jpg', '', '', '', '', '', '', '', '1', '2019-04-15 13:22:12', '2019-04-15 13:22:12', ''), ('444', '333', '444', '444', '', '0', '444', '444', '1', '10000010', '/profile/photo/default.jpg', '', '', '', '', '', '', '', '1', '2019-04-15 13:22:12', '2019-04-15 13:22:12', ''), ('4d242461-8dd6-4099-a972-3a49add30c11', 'sys3', '1c9c191aa4f5873db0d58fad1c07449c51f5f99661c91a66ad53aeed8132c021', 'W4iqc2Rj', '', '0', '497491@qq.com', '18888821111', '2', '10000010', '/profile/photo/default.jpg', '', '', '', '', '', '', '', '1', '2019-04-15 13:22:12', '2019-04-15 13:22:12', ''), ('51101260-54a3-4e2b-8afd-ee660de8d200', 'sys7', 'ea9cde1574ec02f41e0188e461d28a0af03ca7e35171aba7e1e45dda77f55e2f', 'h8Sh2i8N', '', '0', '497491@qq.com', '18888821111', '1', '10000010', '/profile/photo/default.jpg', '', '', '', '', '', '', '', '1', '2019-04-15 13:22:12', '2019-04-15 13:22:12', ''), ('555', '444', '555', '555', '', '0', '555', '555', '1', '10000010', '/profile/photo/default.jpg', '', '', '', '', '', '', '', '1', '2019-04-15 13:22:12', '2019-04-15 13:22:12', ''), ('60542c22-2427-4e2c-8608-117388b30e4b', '1902', 'e7de9edb9a5e6dd6eac79d38f3b74ef1672fd97174ee6ea215d1f350b7a17b55', 'RestToken', '', '0', '4', '4', '4', '10000010', '/profile/photo/default.jpg', '', '', '', '', '', '', '', '1', '2019-04-15 13:22:12', '2019-04-15 13:22:12', ''), ('6196b3f8-a727-4230-8dc1-771221d2d578', 'syy55555', 'e7de9edb9a5e6dd6eac79d38f3b74ef1672fd97174ee6ea215d1f350b7a17b55', 'RestToken', '', '0', '497491@qq.com', '18888821111', '1', '10000010', '/profile/photo/default.jpg', '', '', '', '', '', '', '', '1', '2019-04-15 13:22:12', '2019-04-15 13:22:12', ''), ('666', '555', 'e7de9edb9a5e6dd6eac79d38f3b74ef1672fd97174ee6ea215d1f350b7a17b55', '666', '', '0', '666', '666', '1', '10000010', '/profile/photo/default.jpg', '', '', '', '', '', '', '', '1', '2019-04-15 13:22:12', '2019-04-15 13:22:12', ''), ('6d188cfb-a819-4774-8cfa-fb5bbd277b2f', '1910', 'e7de9edb9a5e6dd6eac79d38f3b74ef1672fd97174ee6ea215d1f350b7a17b55', 'RestToken', '', '0', 'e', 'm', '4', '10000010', '/profile/photo/default.jpg', '', '', '', '', '', '', '', '1', '2019-04-15 13:22:12', '2019-04-15 13:22:12', ''), ('6dea5be1-376e-486b-aca2-6f25980ab17f', 'sys9', 'affe091899a54b7560c1625d757b86afd52f63881238a30678bd208dd8ea3a59', 'C65xxy6B', '', '0', '497491@qq.com', '18888821111', '1', '10000010', '/profile/photo/default.jpg', '', '', '', '', '', '', '', '1', '2019-04-15 13:22:12', '2019-04-15 13:22:12', ''), ('708c9bb4-0b3b-4da4-ba81-f59a5b236b49', 'sys333332', '9043e1a25c6f6694ed122b8a6b4d3a68b492d63ef0a1bf3683308bdb91b9c2c5', 'desrQcpY', '', '0', '497491@qq.com', '18888821111', '1', '10000010', '/profile/photo/default.jpg', '', '', '', '', '', '', '', '1', '2019-04-15 13:22:12', '2019-04-15 13:22:12', ''), ('88678240-acb9-4950-89d9-67f7ce0c2b0d', 'sys6', '3e891277cce06fd725ea19bd5521b7085b34ae63d32aada7e128ea5a0bf27954', 'yiygisQX', '', '0', '497491@qq.com', '18888821111', '1', '10000010', '/profile/photo/default.jpg', '', '', '', '', '', '', '', '1', '2019-04-15 13:22:12', '2019-04-15 13:22:12', ''), ('8c2d8157-aded-4841-8639-1f9181d2b4d3', '1907', 'e7de9edb9a5e6dd6eac79d38f3b74ef1672fd97174ee6ea215d1f350b7a17b55', 'RestToken', '', '0', 'e', 'm', '4', '10000010', '/profile/photo/default.jpg', '', '', '', '', '', '', '', '1', '2019-04-15 13:22:12', '2019-04-15 13:22:12', ''), ('8da5e85d-48ed-4745-9c20-4f14efeaed09', 'sys1', '438f02d5aed1ddead045eadfc3450d65639efa4348ff70ae79225ac91af0f924', 'TpiQzGwm', '', '0', '497491@qq.com', '18888821111', '1', '10000010', '/profile/photo/default.jpg', '', '', '', '', '', '', '', '1', '2019-04-15 13:22:12', '2019-04-15 13:22:12', ''), ('95e7313c-a04f-49cb-850c-64d8f6258881', 'sys22222', '14cddf4ecf8815411f49b09359934d2eef0db987aa6c11300b142cc50154050b', 'SiUN5jqN', '', '0', '497491@qq.com', '18888821111', '1', '10000010', '/profile/photo/default.jpg', '', '', '', '', '', '', '', '1', '2019-04-15 13:22:12', '2019-04-15 13:22:12', ''), ('a761ad30-5f72-4b56-9402-ff36f0970544', '1906', 'e7de9edb9a5e6dd6eac79d38f3b74ef1672fd97174ee6ea215d1f350b7a17b55', 'RestToken', '', '0', 'e', 'm', '4', '10000010', '/profile/photo/default.jpg', '', '', '', '', '', '', '', '1', '2019-04-15 13:22:12', '2019-04-15 13:22:12', ''), ('b8994aa7-b34f-4584-9a81-04a3bcea77fb', 'sys10', '9ae4a020c3de695ad222459f2f00c485be77e6ebef87883705973cc4f56f6db9', 'WynBDo7M', '', '0', '497491@qq.com', '18888821111', '1', '10000010', '/profile/photo/default.jpg', '', '', '', '', '', '', '', '1', '2019-04-15 13:22:12', '2019-04-15 13:22:12', ''), ('d9901871-f5d8-469c-8afc-3549c2f91613', '1905', 'e7de9edb9a5e6dd6eac79d38f3b74ef1672fd97174ee6ea215d1f350b7a17b55', 'RestToken', '', '0', '4', '4', '4', '10000010', '/profile/photo/default.jpg', '', '', '', '', '', '', '', '1', '2019-04-15 13:22:12', '2019-04-15 13:22:12', ''), ('e4e7bee4-ecdb-4458-a926-7d95ffdeed7b', 'sys44444', '943d4a76da91b7d1a1470bb480e64425ebf960a7e0e223041bb205fcf8dfe41f', 'aBoWDOyo', '', '0', '497491@qq.com', '18888821111', '1', '10000010', '/profile/photo/default.jpg', '', '', '', '', '', '', '', '1', '2019-04-15 13:22:12', '2019-04-15 13:22:12', ''), ('e7ec00a3-c69d-4666-8c6b-a6c12cc825f3', '190', '40fff5684bc9ac5b8725404dc8dedc29b41833eff824904edb8a04f897a0618c', 'RestToken', '', '0', '', '1', '2', '10000010', '/profile/photo/default.jpg', '', '', '', '', '', '', '', '0', '2019-11-11 07:33:29', '2019-11-11 07:33:29', '111'), ('ebe49f90-26e1-438c-a208-9bd48c70ffbe', '1911', 'e7de9edb9a5e6dd6eac79d38f3b74ef1672fd97174ee6ea215d1f350b7a17b55', 'RestToken', '', '0', '1', '1', '3', '10000010', '/profile/photo/default.jpg', '', '', '', '', '', '', '', '1', '2019-04-15 13:22:12', '2019-04-15 13:22:12', ''), ('f6725a15-9697-4493-98bf-6c9c4469271d', '1903', 'e7de9edb9a5e6dd6eac79d38f3b74ef1672fd97174ee6ea215d1f350b7a17b55', 'RestToken', '', '0', '4', '4', '4', '10000010', '/profile/photo/default.jpg', '', '', '', '', '', '', '', '0', '2019-04-15 13:22:12', '2019-04-15 13:22:12', ''), ('sadf', '666', '123456', '213121', '', '0', '497966@qq.com', '18686460379', '1', '10000010', '/profile/photo/default.jpg', '', '', '', '', '', '', '', '1', '2019-04-15 13:22:12', '2019-04-15 13:22:12', ''), ('sadf1', '777', '123456', '213121', '', '0', '497966@qq.com', '18686460379', '1', '10000010', '/profile/photo/default.jpg', '', '', '', '', '', '', '', '1', '2019-04-15 13:22:12', '2019-04-15 13:22:12', '');
COMMIT;

-- ----------------------------
--  Table structure for `sys_user_role`
-- ----------------------------
DROP TABLE IF EXISTS `sys_user_role`;
CREATE TABLE `sys_user_role` (
  `id` varchar(36) NOT NULL,
  `user_id` varchar(36) DEFAULT NULL COMMENT '用户ID',
  `role_id` varchar(36) DEFAULT NULL COMMENT '角色ID',
  PRIMARY KEY (`id`)
) ENGINE=InnoDB DEFAULT CHARSET=utf8 COMMENT='用户与角色对应关系';

-- ----------------------------
--  Records of `sys_user_role`
-- ----------------------------
BEGIN;
INSERT INTO `sys_user_role` VALUES ('0fd65ab6-da86-4a61-92e7-0e3bc9bf5c09', '60542c22-2427-4e2c-8608-117388b30e4b', '2'), ('1334a311-b115-4dc0-b93c-7283833219bc', '04291823-668c-4111-8c48-5202e69cebcd', '1'), ('19877938-382c-4fa3-b40a-f2a21fccf419', '6d188cfb-a819-4774-8cfa-fb5bbd277b2f', '4'), ('2beec4d5-0e02-45ba-8301-00b987efd8d8', 'f6725a15-9697-4493-98bf-6c9c4469271d', '2'), ('495e6d99-fbc8-42ef-afdc-314c62301aee', 'e7ec00a3-c69d-4666-8c6b-a6c12cc825f3', '1'), ('6196b3f8-a727-4230-8dc1-771221d2d570', '6196b3f8-a727-4230-8dc1-771221d2d578', '2'), ('6f6a08e2-5e91-4499-89b1-900ada2c3b7d', '0bb11ed4-ff9e-4573-af5a-e15bb0b6102b', '1'), ('74d8800d-2f84-4c6b-ba84-b4cf127a41ed', 'ebe49f90-26e1-438c-a208-9bd48c70ffbe', '3'), ('804f7024-5dfd-48c5-958a-c0c4470d6bf7', 'd9901871-f5d8-469c-8afc-3549c2f91613', '2'), ('c196c4e8-8aea-4b23-93fd-2be20f41f662', '8c2d8157-aded-4841-8639-1f9181d2b4d3', '1'), ('ccf3829c-34ad-42b3-af02-7bfe4a922f2b', '1c5fa525-6bb2-4aa6-9955-308ebac22b86', '1'), ('d4cf7a13-823c-4784-afa5-3a248b30e53f', '0bb11ed4-ff9e-4573-af5a-e15bb0b6102b', '2'), ('d610b028-96ec-4f1a-8a42-92f8a833fd99', '12ac525b-d6c4-4fb2-85ae-75375d0883e5', '1'), ('df784354-aeb4-475b-b742-c6e8ed3d4f34', '40b4478c-05c7-48ce-93c9-3e9d6d138561', 'string'), ('e2e911d6-e1f7-4a94-a036-b0de4435a1c7', 'a761ad30-5f72-4b56-9402-ff36f0970544', '1'), ('e4d7916b-94ae-4d2a-ae56-761357884433', '0bb11ed4-ff9e-4573-af5a-e15bb0b6102b', '4');
COMMIT;

-- ----------------------------
--  Table structure for `workflow_definition`
-- ----------------------------
DROP TABLE IF EXISTS `workflow_definition`;
CREATE TABLE `workflow_definition` (
  `id` varchar(50) NOT NULL,
  `name` varchar(300) DEFAULT NULL COMMENT '流程名称',
  `event_type` varchar(500) DEFAULT NULL COMMENT '事件类型',
  `review_level_count` int(11) DEFAULT NULL COMMENT '一共几级审核',
  `enable` int(1) NOT NULL DEFAULT '1',
  PRIMARY KEY (`id`)
) ENGINE=InnoDB DEFAULT CHARSET=utf8 COMMENT='事件流程模板';

-- ----------------------------
--  Records of `workflow_definition`
-- ----------------------------
BEGIN;
INSERT INTO `workflow_definition` VALUES ('054b17b0-cd0f-4a42-b596-aa630478c151', '新流程创建转抄错误', '101f1125-76f3-11e9-8482-00505684f8da', '1', '1'), ('5fb3f398-83c6-469b-b81b-c66a72543ef1', '测试4', '08960bfc-76f4-11e9-8482-00505684f8da', '3', '1'), ('626d0e16-270b-486a-99e6-bf4bf3908d5d', 'Q一级事件流程（新）', '4bc9ad82-76f2-11e9-8482-00505684f8da', '1', '1'), ('6efde8c4-4e86-4031-969a-ac32d719715e', '流程事件测试3', '0892e7b5-76f4-11e9-8482-00505684f8da', '3', '1'), ('8a877680-029f-4874-8948-cf83dd922258', 'Q三级事件流程（新）', '4bd37863-76f2-11e9-8482-00505684f8da', '3', '1'), ('990e25c9-be49-47e1-813a-b36993a3ee52', 'Q二级事件流程', '087e0bab-76f4-11e9-8482-00505684f8da', '2', '1'), ('a69a9f01-9956-434b-8e77-dbf1b5ae8c2e', '院内、院外人员跌倒', '509c0fc9-76f8-11e9-8482-00505684f8da', '2', '1'), ('b12fd71b-0b22-4c93-a16d-e5f20cf26a59', '流程事件测试1', '086ebee8-76f4-11e9-8482-00505684f8da', '1', '1'), ('c4c9a01d-c59e-400b-9d42-03bbeb5ad8c3', 'Q二级事件流程（新）', '4bcfd70c-76f2-11e9-8482-00505684f8da', '2', '1'), ('c9acead0-82dc-4564-bf45-3f13147b35db', '流程事件测试2', '087e0bab-76f4-11e9-8482-00505684f8da', '2', '1');
COMMIT;

-- ----------------------------
--  Table structure for `workflow_definition_activity`
-- ----------------------------
DROP TABLE IF EXISTS `workflow_definition_activity`;
CREATE TABLE `workflow_definition_activity` (
  `id` varchar(50) NOT NULL,
  `workflow_definition_id` varchar(50) DEFAULT NULL COMMENT '流程ID',
  `activity_name` varchar(50) DEFAULT NULL COMMENT '节点名称',
  `activity_num` int(11) DEFAULT NULL COMMENT '节点顺序',
  `activity_type` varchar(50) NOT NULL COMMENT '流程活动单元类型',
  `assigners` varchar(200) DEFAULT NULL COMMENT '此节点指定的审核人',
  `properties` varchar(200) DEFAULT NULL,
  `successful_redirect` varchar(50) DEFAULT NULL,
  `failed_redirect` varchar(50) DEFAULT NULL,
  `enable` int(1) NOT NULL DEFAULT '1',
  PRIMARY KEY (`id`)
) ENGINE=InnoDB DEFAULT CHARSET=utf8 COMMENT='流程细节，用来指定每个节点的执行人';

-- ----------------------------
--  Records of `workflow_definition_activity`
-- ----------------------------
BEGIN;
INSERT INTO `workflow_definition_activity` VALUES ('006d7f0d-b576-4c3a-8c51-579defc05b13', '8a877680-029f-4874-8948-cf83dd922258', '事件追踪', '6', 'TraceActivity', 'e6g71ee4-ecdb-4458-a926-7d85ffdeed7b', '{\"maxLevel\":3,\"level\":3}', '7', null, '1'), ('0261be84-1695-4ae9-945c-48325a755160', 'c9acead0-82dc-4564-bf45-3f13147b35db', '事件审核', '3', 'AuditActivity', 'e6g7bee4-2cdb-4458-a926-7d85ffdeed7b', '{\"maxLevel\":2,\"level\":2}', '4', '2', '1'), ('0b60e611-2586-4043-b49b-e9a5979d4f30', 'c4c9a01d-c59e-400b-9d42-03bbeb5ad8c3', '整改审核', '7', 'ReformAuditActivity', null, '{\"maxLevel\":2,\"level\":2}', '8', '6', '1'), ('1331db58-34f5-4124-baaf-21a5f3a08db6', 'a69a9f01-9956-434b-8e77-dbf1b5ae8c2e', '整改审核', '7', 'ReformAuditActivity', null, '{\"maxLevel\":2,\"level\":2}', '8', '6', '1'), ('14ca7f9e-f5f1-47ea-86a8-da7551bfa932', '6efde8c4-4e86-4031-969a-ac32d719715e', '事件整改', '7', 'ReformActivity', null, '{\"maxLevel\":3,\"level\":3}', '8', null, '1'), ('166de8f5-3ec1-490d-a995-76e3b5b2645d', 'b12fd71b-0b22-4c93-a16d-e5f20cf26a59', '事件结案', '3', 'CloseActivity', 'e6g7b1e4-ecdb-4458-a926-7d85ffdeed7b', '{\"maxLevel\":1,\"level\":1}', '4', '2', '1'), ('16abdb6e-2ab9-425e-b4d1-d5d53d453fcb', '990e25c9-be49-47e1-813a-b36993a3ee52', '流程开始', '0', 'StartActivity', null, '{\"maxLevel\":2}', '2', null, '1'), ('184f0c6b-5150-4705-a46a-409337822a21', '5fb3f398-83c6-469b-b81b-c66a72543ef1', '事件审核', '2', 'AuditActivity', 'e6g7bee4-4cdb-4458-a926-7d85ffdeed7b', '{\"maxLevel\":3,\"level\":1}', '3', '1', '1'), ('1cfbed7d-26d3-4203-b4c9-72a1d99719f0', 'c9acead0-82dc-4564-bf45-3f13147b35db', '事件上报', '1', 'ReportActivity', null, '{\"maxLevel\":2}', '2', null, '1'), ('24b3217f-6948-46be-a9de-fbb7d539ab82', 'a69a9f01-9956-434b-8e77-dbf1b5ae8c2e', '流程结束', '8', 'EndActivity', null, '{\"maxLevel\":2,\"level\":2}', null, null, '1'), ('2dcb2f4b-7fc3-42cf-87fe-732145968491', 'c9acead0-82dc-4564-bf45-3f13147b35db', '事件追踪', '5', 'TraceActivity', 'e6g71ee4-ecdb-4458-a926-7d85ffdeed7b', '{\"maxLevel\":2,\"level\":2}', '6', null, '1'), ('2ddfb468-5393-4d72-a609-4bf19037b736', '6efde8c4-4e86-4031-969a-ac32d719715e', '整改审核', '8', 'ReformAuditActivity', null, '{\"maxLevel\":3,\"level\":3}', '9', '7', '1'), ('2f24f2ce-de8e-4489-9acc-ac5f5df63ca7', 'c9acead0-82dc-4564-bf45-3f13147b35db', '流程结束', '8', 'EndActivity', null, '{\"maxLevel\":2,\"level\":2}', null, null, '1'), ('30a578c7-c9ad-468c-baa3-8427f340cf9a', 'a69a9f01-9956-434b-8e77-dbf1b5ae8c2e', '事件结案', '4', 'CloseActivity', 'e6g7b1e4-ecdb-4458-a926-7d85ffdeed7b', '{\"maxLevel\":2,\"level\":2}', '5', '3', '1'), ('320470d3-ff01-4a45-b725-e34e36b2a6b5', '626d0e16-270b-486a-99e6-bf4bf3908d5d', '事件整改', '5', 'ReformActivity', null, '{\"maxLevel\":1,\"level\":1}', '6', null, '1'), ('33ea26d9-964a-4202-9dd7-354f7b9ef7e6', 'b12fd71b-0b22-4c93-a16d-e5f20cf26a59', '事件整改', '5', 'ReformActivity', null, '{\"maxLevel\":1,\"level\":1}', '6', null, '1'), ('35f7d58e-8e63-4d2e-be68-ce7a385aa1b2', 'a69a9f01-9956-434b-8e77-dbf1b5ae8c2e', '流程开始', '0', 'StartActivity', null, '{\"maxLevel\":2}', '2', null, '1'), ('363f0031-84c5-4d2a-adc2-669b1652830d', 'c9acead0-82dc-4564-bf45-3f13147b35db', '流程开始', '0', 'StartActivity', null, '{\"maxLevel\":2}', '2', null, '1'), ('38a3ed52-aabc-442e-947a-26d9a6857285', '990e25c9-be49-47e1-813a-b36993a3ee52', '事件整改', '6', 'ReformActivity', null, '{\"maxLevel\":2,\"level\":2}', '7', null, '1'), ('41ea5623-c87c-4b56-afff-d0603ac7e4e2', '054b17b0-cd0f-4a42-b596-aa630478c151', '事件追踪', '4', 'TraceActivity', null, '{\"maxLevel\":1,\"level\":1}', '5', null, '1'), ('43014129-4f88-444b-9b1d-17f81060c3d7', 'b12fd71b-0b22-4c93-a16d-e5f20cf26a59', '流程开始', '0', 'StartActivity', null, '{\"maxLevel\":1}', '2', null, '1'), ('43563665-4cf6-4a76-bb65-a32f90afb303', '990e25c9-be49-47e1-813a-b36993a3ee52', '事件结案', '4', 'CloseActivity', 'e6g7b1e4-ecdb-4458-a926-7d85ffdeed7b', '{\"maxLevel\":2,\"level\":2}', '5', '3', '1'), ('453a9a91-cc18-44e0-824e-4a4eb4392e46', '626d0e16-270b-486a-99e6-bf4bf3908d5d', '事件追踪', '4', 'TraceActivity', 'e6g71ee4-ecdb-4458-a926-7d85ffdeed7b', '{\"maxLevel\":1,\"level\":1}', '5', null, '1'), ('4573f717-411f-44a4-a3ef-016893bb4fbd', '5fb3f398-83c6-469b-b81b-c66a72543ef1', '流程开始', '0', 'StartActivity', null, '{\"maxLevel\":3}', '2', null, '1'), ('4783733d-b682-4e8c-9b8e-458877940d43', '6efde8c4-4e86-4031-969a-ac32d719715e', '流程开始', '0', 'StartActivity', null, '{\"maxLevel\":3}', '2', null, '1'), ('48e14fe0-a3ed-4d3e-a104-4b3918db085e', '8a877680-029f-4874-8948-cf83dd922258', '事件审核', '2', 'AuditActivity', 'e6g7bee4-1cdb-4458-a926-7d85ffdeed7b', '{\"maxLevel\":3,\"level\":1}', '3', '1', '1'), ('493d71f1-8215-43ad-8e79-2c0289231605', '8a877680-029f-4874-8948-cf83dd922258', '流程结束', '9', 'EndActivity', null, '{\"maxLevel\":3,\"level\":3}', null, null, '1'), ('4b2de6eb-5718-4b12-b234-256c3bac736d', '054b17b0-cd0f-4a42-b596-aa630478c151', '事件审核', '2', 'AuditActivity', 'e6g7bee4-1cdb-4458-a926-7d85ffdeed7b', '{\"maxLevel\":1,\"level\":1}', '3', '1', '1'), ('4e86ad71-bf87-46d1-9aac-c82270d93d98', '5fb3f398-83c6-469b-b81b-c66a72543ef1', '流程结束', '9', 'EndActivity', null, '{\"maxLevel\":3,\"level\":3}', null, null, '1'), ('509f16de-d65d-4bbd-a459-c033b327dc1a', 'c4c9a01d-c59e-400b-9d42-03bbeb5ad8c3', '事件整改', '6', 'ReformActivity', null, '{\"maxLevel\":2,\"level\":2}', '7', null, '1'), ('52c572e2-b543-4545-ae6f-0eab56bee398', '626d0e16-270b-486a-99e6-bf4bf3908d5d', '整改审核', '6', 'ReformAuditActivity', null, '{\"maxLevel\":1,\"level\":1}', '7', '5', '1'), ('541228df-73aa-4b57-a092-3e5d157a5363', 'a69a9f01-9956-434b-8e77-dbf1b5ae8c2e', '事件追踪', '5', 'TraceActivity', 'e6g72ee4-ecdb-4458-a926-7d85ffdeed7b', '{\"maxLevel\":2,\"level\":2}', '6', null, '1'), ('55acfbea-6afc-4269-863a-a8e182320f27', 'b12fd71b-0b22-4c93-a16d-e5f20cf26a59', '流程结束', '7', 'EndActivity', null, '{\"maxLevel\":1,\"level\":1}', null, null, '1'), ('571efa49-442a-4185-8dff-d9bd4fb054d3', 'c4c9a01d-c59e-400b-9d42-03bbeb5ad8c3', '事件追踪', '5', 'TraceActivity', 'e6g71ee4-ecdb-4458-a926-7d85ffdeed7b', '{\"maxLevel\":2,\"level\":2}', '6', null, '1'), ('5838ebf5-7703-438d-a8b4-78e687e6ef72', 'c9acead0-82dc-4564-bf45-3f13147b35db', '整改审核', '7', 'ReformAuditActivity', null, '{\"maxLevel\":2,\"level\":2}', '8', '6', '1'), ('63f12b09-a253-4d63-8d97-ad19dd9bdbed', 'b12fd71b-0b22-4c93-a16d-e5f20cf26a59', '事件上报', '1', 'ReportActivity', null, '{\"maxLevel\":1}', '2', null, '1'), ('6463b7c1-2776-47d6-a6d2-db86f89e0d13', '5fb3f398-83c6-469b-b81b-c66a72543ef1', '事件追踪', '6', 'TraceActivity', 'e6g71ee4-ecdb-4458-a926-7d85ffdeed7b', '{\"maxLevel\":3,\"level\":3}', '7', null, '1'), ('6524b863-3bac-4a65-a4bc-7fd64e3fce17', '054b17b0-cd0f-4a42-b596-aa630478c151', '事件上报', '1', 'ReportActivity', null, '{\"maxLevel\":1}', '2', null, '1'), ('67841b9b-73db-4fd9-a36a-a53f0433bf0b', '8a877680-029f-4874-8948-cf83dd922258', '整改审核', '8', 'ReformAuditActivity', null, '{\"maxLevel\":3,\"level\":3}', '9', '7', '1'), ('68c48e54-4c1e-47ee-8e3a-567ecfc82a7d', '6efde8c4-4e86-4031-969a-ac32d719715e', '事件结案', '5', 'CloseActivity', 'e6g7b1e4-ecdb-4458-a926-7d85ffdeed7b', '{\"maxLevel\":3,\"level\":3}', '6', '4', '1'), ('6937d7db-8ad0-4485-b225-b7e799b9c599', '8a877680-029f-4874-8948-cf83dd922258', '事件结案', '5', 'CloseActivity', 'e6g7b1e4-ecdb-4458-a926-7d85ffdeed7b', '{\"maxLevel\":3,\"level\":3}', '6', '4', '1'), ('72f71356-b4e4-465a-8be7-f7b4fc35e704', '054b17b0-cd0f-4a42-b596-aa630478c151', '流程结束', '5', 'EndActivity', null, '{\"maxLevel\":1,\"level\":1}', null, null, '1'), ('743630a8-1cbb-4142-8afd-9bdbdbd2277b', '626d0e16-270b-486a-99e6-bf4bf3908d5d', '流程结束', '7', 'EndActivity', null, '{\"maxLevel\":1,\"level\":1}', null, null, '1'), ('7d28c1fd-92ec-411e-8e4d-d941ceaed763', 'a69a9f01-9956-434b-8e77-dbf1b5ae8c2e', '事件审核', '2', 'AuditActivity', 'e6g7bee4-2cdb-4458-a926-7d85ffdeed7b', '{\"maxLevel\":2,\"level\":1}', '3', '1', '1'), ('83967503-8763-4026-9b01-78ad6a8415ac', '8a877680-029f-4874-8948-cf83dd922258', '事件上报', '1', 'ReportActivity', null, '{\"maxLevel\":3}', '2', null, '1'), ('84fb3f7e-e4e0-499b-85d8-8ae363906e63', '6efde8c4-4e86-4031-969a-ac32d719715e', '事件审核', '2', 'AuditActivity', 'e6g7bee4-1cdb-4458-a926-7d85ffdeed7b', '{\"maxLevel\":3,\"level\":1}', '3', '1', '1'), ('8b26e1e3-fff6-4164-a0c9-497dce308a93', 'a69a9f01-9956-434b-8e77-dbf1b5ae8c2e', '事件整改', '6', 'ReformActivity', null, '{\"maxLevel\":2,\"level\":2}', '7', null, '1'), ('8bd18945-0646-49f2-a032-e2203036ec20', 'b12fd71b-0b22-4c93-a16d-e5f20cf26a59', '事件审核', '2', 'AuditActivity', 'e6g7bee4-1cdb-4458-a926-7d85ffdeed7b', '{\"maxLevel\":1,\"level\":1}', '3', '1', '1'), ('8f892b63-8002-425e-81d7-6ba093e270f2', '8a877680-029f-4874-8948-cf83dd922258', '事件审核', '3', 'AuditActivity', 'e6g7bee4-2cdb-4458-a926-7d85ffdeed7b', '{\"maxLevel\":3,\"level\":2}', '4', '2', '1'), ('921e4a12-c176-4f15-be9b-cfe4fc61f7e5', '990e25c9-be49-47e1-813a-b36993a3ee52', '事件审核', '2', 'AuditActivity', 'e6g7bee4-1cdb-4458-a926-7d85ffdeed7b', '{\"maxLevel\":2,\"level\":1}', '3', '1', '1'), ('952f2412-23e4-4795-9680-e601e3f31651', '8a877680-029f-4874-8948-cf83dd922258', '事件整改', '7', 'ReformActivity', null, '{\"maxLevel\":3,\"level\":3}', '8', null, '1'), ('9ba7373e-bb15-4a32-ac2c-963223965831', '5fb3f398-83c6-469b-b81b-c66a72543ef1', '事件结案', '5', 'CloseActivity', 'e6g7b1e4-ecdb-4458-a926-7d85ffdeed7b', '{\"maxLevel\":3,\"level\":3}', '6', '4', '1'), ('9dace259-5e79-45f0-9c59-7f07ac2a1580', 'c9acead0-82dc-4564-bf45-3f13147b35db', '事件审核', '2', 'AuditActivity', 'e6g7bee4-1cdb-4458-a926-7d85ffdeed7b', '{\"maxLevel\":2,\"level\":1}', '3', '1', '1'), ('9f9ffc57-7750-44d7-8954-ae647b0e92f1', '5fb3f398-83c6-469b-b81b-c66a72543ef1', '整改审核', '8', 'ReformAuditActivity', null, '{\"maxLevel\":3,\"level\":3}', '9', '7', '1'), ('a1bc48f4-488d-4242-9a74-7751914935fe', '6efde8c4-4e86-4031-969a-ac32d719715e', '流程结束', '9', 'EndActivity', null, '{\"maxLevel\":3,\"level\":3}', null, null, '1'), ('a370eb99-5a61-4a1b-ba7d-c3b6780cb56b', '990e25c9-be49-47e1-813a-b36993a3ee52', '整改审核', '7', 'ReformAuditActivity', null, '{\"maxLevel\":2,\"level\":2}', '8', '6', '1'), ('a546ef43-84f4-43e9-b35e-97715e3db3d8', '990e25c9-be49-47e1-813a-b36993a3ee52', '事件审核', '3', 'AuditActivity', 'e6g7bee4-2cdb-4458-a926-7d85ffdeed7b', '{\"maxLevel\":2,\"level\":2}', '4', '2', '1'), ('a7039573-21cf-4f4b-9a94-69b0a7c8a2da', 'c9acead0-82dc-4564-bf45-3f13147b35db', '事件整改', '6', 'ReformActivity', null, '{\"maxLevel\":2,\"level\":2}', '7', null, '1'), ('a99250cd-7b9d-4fc9-9098-8b92956e94bb', 'c4c9a01d-c59e-400b-9d42-03bbeb5ad8c3', '流程开始', '0', 'StartActivity', null, '{\"maxLevel\":2}', '2', null, '1'), ('aa62acc9-0fb8-4ce0-879c-88273534467f', '054b17b0-cd0f-4a42-b596-aa630478c151', '事件结案', '3', 'CloseActivity', 'e6g7b1e4-ecdb-4458-a926-7d85ffdeed7b', '{\"maxLevel\":1,\"level\":1}', '4', '2', '1'), ('ab08bb75-64f6-4de4-bae1-d870623cce93', '6efde8c4-4e86-4031-969a-ac32d719715e', '事件追踪', '6', 'TraceActivity', 'e6g71ee4-ecdb-4458-a926-7d85ffdeed7b', '{\"maxLevel\":3,\"level\":3}', '7', null, '1'), ('ab1bea85-7c61-4745-80c3-63f0b3b079b8', '6efde8c4-4e86-4031-969a-ac32d719715e', '事件上报', '1', 'ReportActivity', null, '{\"maxLevel\":3}', '2', null, '1'), ('b50e63ce-da0e-4c39-b0e3-049ef29d8fcc', 'c9acead0-82dc-4564-bf45-3f13147b35db', '事件结案', '4', 'CloseActivity', 'e6g7b2e4-ecdb-4458-a926-7d85ffdeed7b', '{\"maxLevel\":2,\"level\":2}', '5', '3', '1'), ('b7f82b6c-a126-4fd8-84ef-45a5c7d042a7', '5fb3f398-83c6-469b-b81b-c66a72543ef1', '事件审核', '3', 'AuditActivity', 'e6g7bee4-4cdb-4458-a926-7d85ffdeed7b', '{\"maxLevel\":3,\"level\":2}', '4', '2', '1'), ('ba61d152-0540-45ef-af6c-f054184843b8', 'b12fd71b-0b22-4c93-a16d-e5f20cf26a59', '事件追踪', '4', 'TraceActivity', 'e6g71ee4-ecdb-4458-a926-7d85ffdeed7b', '{\"maxLevel\":1,\"level\":1}', '5', null, '1'), ('bb1cff3d-4156-4179-b014-f8cc558f336f', '5fb3f398-83c6-469b-b81b-c66a72543ef1', '事件整改', '7', 'ReformActivity', null, '{\"maxLevel\":3,\"level\":3}', '8', null, '1'), ('c19512c9-d706-4d52-aab3-41414f03b15f', '626d0e16-270b-486a-99e6-bf4bf3908d5d', '事件审核', '2', 'AuditActivity', 'e6g7bee4-1cdb-4458-a926-7d85ffdeed7b', '{\"maxLevel\":1,\"level\":1}', '3', '1', '1'), ('c1d5cb61-5662-46b8-912f-1af828028ec0', '6efde8c4-4e86-4031-969a-ac32d719715e', '事件审核', '4', 'AuditActivity', 'e6g7bee4-3cdb-4458-a926-7d85ffdeed7b', '{\"maxLevel\":3,\"level\":3}', '5', '3', '1'), ('cec2c167-3666-4a91-8f87-ad0e85b8f44a', '626d0e16-270b-486a-99e6-bf4bf3908d5d', '事件结案', '3', 'CloseActivity', 'e6g7b1e4-ecdb-4458-a926-7d85ffdeed7b', '{\"maxLevel\":1,\"level\":1}', '4', '2', '1'), ('d1b85543-fee4-47a4-b44d-77a7f999b116', 'a69a9f01-9956-434b-8e77-dbf1b5ae8c2e', '事件审核', '3', 'AuditActivity', 'e6g7bee4-4cdb-4458-a926-7d85ffdeed7b', '{\"maxLevel\":2,\"level\":2}', '4', '2', '1'), ('d2845e9b-b0e2-41f9-86b9-6b7bac31c25a', 'c4c9a01d-c59e-400b-9d42-03bbeb5ad8c3', '事件审核', '3', 'AuditActivity', 'e6g7bee4-2cdb-4458-a926-7d85ffdeed7b', '{\"maxLevel\":2,\"level\":2}', '4', '2', '1'), ('d4a3ac09-ef85-4938-9705-5bba9b35c7db', 'c4c9a01d-c59e-400b-9d42-03bbeb5ad8c3', '事件上报', '1', 'ReportActivity', null, '{\"maxLevel\":2}', '2', null, '1'), ('d71be7ee-6847-4c01-82c2-a39388cfbbfa', '626d0e16-270b-486a-99e6-bf4bf3908d5d', '事件上报', '1', 'ReportActivity', null, '{\"maxLevel\":1}', '2', null, '1'), ('d7350010-06e0-430d-8066-342ede51dcf5', '990e25c9-be49-47e1-813a-b36993a3ee52', '事件追踪', '5', 'TraceActivity', 'e6g71ee4-ecdb-4458-a926-7d85ffdeed7b', '{\"maxLevel\":2,\"level\":2}', '6', null, '1'), ('d84fbc0b-925d-45fe-a037-485ff21afa64', 'c4c9a01d-c59e-400b-9d42-03bbeb5ad8c3', '流程结束', '8', 'EndActivity', null, '{\"maxLevel\":2,\"level\":2}', null, null, '1'), ('ddb211be-35af-4b67-bce4-37d413751846', '626d0e16-270b-486a-99e6-bf4bf3908d5d', '流程开始', '0', 'StartActivity', null, '{\"maxLevel\":1}', '2', null, '1'), ('ddc9a873-93cb-443b-a0c0-3a34fd4e7f01', '5fb3f398-83c6-469b-b81b-c66a72543ef1', '事件审核', '4', 'AuditActivity', 'e6g7bee4-4cdb-4458-a926-7d85ffdeed7b', '{\"maxLevel\":3,\"level\":3}', '5', '3', '1'), ('de14d5b8-ab0b-4ba9-86b9-08c3a8d2143d', '054b17b0-cd0f-4a42-b596-aa630478c151', '流程开始', '0', 'StartActivity', null, '{\"maxLevel\":1}', '2', null, '1'), ('e6565d31-3462-4b26-9545-3503871978a8', 'b12fd71b-0b22-4c93-a16d-e5f20cf26a59', '整改审核', '6', 'ReformAuditActivity', null, '{\"maxLevel\":1,\"level\":1}', '7', '5', '1'), ('e6e244b2-3c89-4b66-bfde-f72c2059e15f', 'a69a9f01-9956-434b-8e77-dbf1b5ae8c2e', '事件上报', '1', 'ReportActivity', null, '{\"maxLevel\":2}', '2', null, '1'), ('e7865aca-ffb4-4dc7-a2cd-e9900a8fdf72', 'c4c9a01d-c59e-400b-9d42-03bbeb5ad8c3', '事件结案', '4', 'CloseActivity', 'e6g7b1e4-ecdb-4458-a926-7d85ffdeed7b', '{\"maxLevel\":2,\"level\":2}', '5', '3', '1'), ('ec130594-606d-4a0b-bef5-bb54c32fabae', '5fb3f398-83c6-469b-b81b-c66a72543ef1', '事件上报', '1', 'ReportActivity', null, '{\"maxLevel\":3}', '2', null, '1'), ('eddcf8fb-b4e3-4eac-884c-33d8b063afb2', 'c4c9a01d-c59e-400b-9d42-03bbeb5ad8c3', '事件审核', '2', 'AuditActivity', 'e6g7bee4-1cdb-4458-a926-7d85ffdeed7b', '{\"maxLevel\":2,\"level\":1}', '3', '1', '1'), ('f03e8ec6-def6-4b70-9a2d-a331384b950a', '6efde8c4-4e86-4031-969a-ac32d719715e', '事件审核', '3', 'AuditActivity', 'e6g7bee4-2cdb-4458-a926-7d85ffdeed7b', '{\"maxLevel\":3,\"level\":2}', '4', '2', '1'), ('f32d0fa6-c645-4e98-840e-22d7548147af', '990e25c9-be49-47e1-813a-b36993a3ee52', '事件上报', '1', 'ReportActivity', null, '{\"maxLevel\":2}', '2', null, '1'), ('f562af20-a81f-4c30-9dfd-92acf31a0fec', '8a877680-029f-4874-8948-cf83dd922258', '事件审核', '4', 'AuditActivity', 'e6g7bee4-3cdb-4458-a926-7d85ffdeed7b', '{\"maxLevel\":3,\"level\":3}', '5', '3', '1'), ('f6a2eee9-15eb-47b9-b466-d0c1634f1e83', '990e25c9-be49-47e1-813a-b36993a3ee52', '流程结束', '8', 'EndActivity', null, '{\"maxLevel\":2,\"level\":2}', null, null, '1'), ('fd071b3c-79db-42dd-a759-39084aac55af', '8a877680-029f-4874-8948-cf83dd922258', '流程开始', '0', 'StartActivity', null, '{\"maxLevel\":3}', '2', null, '1');
COMMIT;

-- ----------------------------
--  Table structure for `workflow_instance`
-- ----------------------------
DROP TABLE IF EXISTS `workflow_instance`;
CREATE TABLE `workflow_instance` (
  `id` varchar(50) NOT NULL COMMENT 'ID',
  `name` varchar(50) DEFAULT NULL COMMENT '流程实例名',
  `workflow_definition_id` varchar(50) DEFAULT NULL COMMENT '流程定义的ID',
  `event_id` varchar(50) DEFAULT NULL COMMENT '事件ID',
  `workflow_task_serial_id` varchar(50) DEFAULT NULL,
  `current_activity_id` varchar(50) DEFAULT NULL,
  `enable` int(1) DEFAULT NULL COMMENT '是否激活：1激活，0非激活',
  `status` int(11) DEFAULT NULL COMMENT 'ORIGINAL = 0; //无状态    RETURNED = 1; //已退回    WAIT_AUDIT = 2;// 待审核    CLOSED = 4;  // 已结案    WAIT_CLOSE = 8;// 待结案    REFORMED = 16;// 已整改    WAIT_REFORM = 32;// 待整改    CANCELED = 64;// 已作废    WAIT_TRACE = 128;// 待追踪    TRACED = 256;// 已追踪    PASSED = 512;// 已通过    COMPLETED = 1024;// 已结束',
  `extension` varchar(200) DEFAULT NULL COMMENT '流程实例的扩展字段',
  `create_time` timestamp NULL DEFAULT CURRENT_TIMESTAMP COMMENT '创建时间',
  `update_time` timestamp NULL DEFAULT CURRENT_TIMESTAMP ON UPDATE CURRENT_TIMESTAMP COMMENT '更新时间',
  `complete_time` timestamp NULL DEFAULT NULL COMMENT '完成时间',
  PRIMARY KEY (`id`)
) ENGINE=InnoDB DEFAULT CHARSET=utf8 COMMENT='流程运行实例';

-- ----------------------------
--  Records of `workflow_instance`
-- ----------------------------
BEGIN;
INSERT INTO `workflow_instance` VALUES ('02589708fcbf47509452e3115c580fa3', 'Q一级退回_Q一级事件流程（新）', '626d0e16-270b-486a-99e6-bf4bf3908d5d', '058671796868456f9573ffefbb2781ef', '2ac89c35-bf73-43d0-9f5f-bd2479633bf5', 'c19512c9-d706-4d52-aab3-41414f03b15f', '1', '0', null, '2019-05-24 16:48:06', '2019-05-24 16:48:06', null), ('1-1', '测试退回', 'c4c9a01d-c59e-400b-9d42-03bbeb5ad8c3', '33333', '4081f8ef-9319-4f58-831e-6e4c986d115d', 'd2845e9b-b0e2-41f9-86b9-6b7bac31c25a', '1', '2', null, '2019-05-24 16:50:42', '2019-05-24 16:53:23', null), ('16c5f66d20d54908871845ff69722cf7', '事件退回测试1_流程事件测试1', 'b12fd71b-0b22-4c93-a16d-e5f20cf26a59', '7bf83267f8d54eda855ef0742638b22a', '22617693-38f6-4dc9-864a-f0d5186db40b', '8bd18945-0646-49f2-a032-e2203036ec20', '1', '2', null, '2019-05-24 10:46:30', '2019-05-27 14:28:08', null), ('1f0ee216de744f7ba03c2711be4cab49', 'Q药品二级事件测试_Q二级事件流程（新）', 'c4c9a01d-c59e-400b-9d42-03bbeb5ad8c3', '0fc4a9aaf8594bdab117eac53829238a', null, null, '1', '0', null, '2019-05-24 15:39:17', '2019-05-24 15:39:17', null), ('21ef127700794e15a619cc4c761c7689', 'Q二级退回测试_Q二级事件流程（新）', 'c4c9a01d-c59e-400b-9d42-03bbeb5ad8c3', '006d68164e07417386a41614bba2dfd1', 'f7df161e-e8a4-4688-ad5f-007b5d77a1ae', 'e7865aca-ffb4-4dc7-a2cd-e9900a8fdf72', '1', '2', null, '2019-05-24 16:10:08', '2019-05-24 16:11:06', null), ('358c5d1a674040a99249067ea6b66665', '退回事件测试2_流程事件测试2', 'c9acead0-82dc-4564-bf45-3f13147b35db', '1db6555bbaf546f5a77da020fb52e155', 'b602bb25-dea3-440e-bfd5-043e81a3e2af', '565c76a4-1fa7-48e5-98c7-ca138ab06cad', '1', '1090', null, '2019-05-24 10:47:39', '2019-05-24 11:06:03', '2019-05-24 11:06:03'), ('3faf3907882e4be6a05f59516e05d262', '退回退回3_流程事件测试3', '6efde8c4-4e86-4031-969a-ac32d719715e', '0b8a8d64643b457f89f8e293ef2dd6eb', '16edf3a8-42b3-4a76-b1c1-0344c8376433', '68c48e54-4c1e-47ee-8e3a-567ecfc82a7d', '1', '2', null, '2019-05-24 11:20:11', '2019-05-24 14:17:43', null), ('4d792274b5ca4e84bd2f8d34acd11f7a', 'Q一级整改审核测试2_Q一级事件流程（新）', '626d0e16-270b-486a-99e6-bf4bf3908d5d', '5e64b58b4fc84105b48270dccbdf9385', '05e7d7dd-4be9-4761-a14a-d2e4921b923f', 'cec2c167-3666-4a91-8f87-ad0e85b8f44a', '1', '520', null, '2019-05-24 16:43:13', '2019-05-24 16:44:30', null), ('5debb7797f27477ab11a058fce864eaf', 'Q二级事件测试1_流程事件测试2', 'c9acead0-82dc-4564-bf45-3f13147b35db', 'ab3f7205304a49c8be4c61c749a3c300', null, null, '1', '0', null, '2019-05-24 14:58:15', '2019-05-24 14:58:15', null), ('65508b37d99940288c18c78c3827c57e', 'Q药品二级事件测试_Q二级事件流程（新）', 'c4c9a01d-c59e-400b-9d42-03bbeb5ad8c3', 'c55b607c6ea7482794284899be52815e', 'd6f63bdc-d201-4faa-baf2-b60a7869876c', 'd84fbc0b-925d-45fe-a037-485ff21afa64', '1', '3860', null, '2019-05-24 15:56:16', '2019-05-24 16:00:48', '2019-05-24 16:00:48'), ('6612d9312cc543b08208487fbdfbb3a', 'fly测试3_事件流程测试3', '32bc2b4b-beda-40a4-a744-29beed0ffcb3', '5143ba6034764727868d50af8ea5f304', 'db906a4c-74b9-468b-81bc-b55edc2509d0', '1edb818f-37b7-477d-b95c-f15a1f5165c2', '1', '64', '', '2019-05-24 09:26:51', '2019-05-24 09:55:13', '2019-05-24 09:54:11'), ('662ac2d9c0ab4c4f9d06fb2e417775d9', 'S三级退回_Q三级事件流程（新）', '8a877680-029f-4874-8948-cf83dd922258', '3739aaa72a514de09adfda5fdb815fae', '3e38bcc2-44ff-49db-a1fc-c28c7f3af36f', '8f892b63-8002-425e-81d7-6ba093e270f2', '1', '3', null, '2019-05-24 18:04:51', '2019-05-24 18:06:14', null), ('672c1e2086874d9093fd103f779fe4ae', '退回  退回2_流程事件测试2', 'c9acead0-82dc-4564-bf45-3f13147b35db', 'd572d4ee7c014178b6e50155934c7f47', 'ec2fd9b0-72a2-455b-804e-a628cad8c14c', 'b50e63ce-da0e-4c39-b0e3-049ef29d8fcc', '1', '2', null, '2019-05-24 11:11:50', '2019-05-24 11:13:19', null), ('75af1a23d1ac42ef97d05ac6b72106ec', 'X二级测试_Q二级事件流程（新）', 'c4c9a01d-c59e-400b-9d42-03bbeb5ad8c3', 'd1a81132366648cd84e57671e257f4cd', '1d79c2b0-4d44-40aa-9d04-b4c2140906af', 'd84fbc0b-925d-45fe-a037-485ff21afa64', '1', '3860', null, '2019-05-24 18:00:49', '2019-05-24 20:08:32', '2019-05-24 20:08:32'), ('77bb4aa387ca423e8705db2d211ce742', 'fly事件测试2_流程事件测试2', 'c9acead0-82dc-4564-bf45-3f13147b35db', '742f1795faec4d62a6ec3805322562bd', '3bdb6242-3e31-404d-9b95-03c40a16d1ff', '8edaa460-9012-4288-8467-660be84fb0bf', '1', '2', null, '2019-05-24 10:21:30', '2019-05-24 10:51:18', null), ('7d64c53f7a1a437c94bdb3f659a3f17c', 'fly事件测试1_流程事件测试1', 'b12fd71b-0b22-4c93-a16d-e5f20cf26a59', 'ea7ee7801c3f41a38feb516dbfcc0c7c', '05b54453-c39c-4e4f-9bb9-eeccdd305c56', 'e6565d31-3462-4b26-9545-3503871978a8', '1', '532', null, '2019-05-24 10:19:02', '2019-05-24 10:37:34', null), ('867e8288cc5e4b34bc16b5780c6c06d8', 'Q二级事件测试1_流程事件测试2', 'c9acead0-82dc-4564-bf45-3f13147b35db', '6187f71b990b48eeaca7e079b711274c', null, null, '1', '0', null, '2019-05-24 15:11:22', '2019-05-24 15:11:22', null), ('8f3fadc4e2f54b8cb565fc9e53d24563', 'Q二级事件测试1_Q二级事件流程', '990e25c9-be49-47e1-813a-b36993a3ee52', '099e7fc423874cbea8462d48fb02ee83', null, null, '1', '0', null, '2019-05-24 15:30:50', '2019-05-24 15:30:50', null), ('ac7f1a41464f448489d32ed4ad39d8b5', '退回退回4_流程事件测试3', '6efde8c4-4e86-4031-969a-ac32d719715e', '38cf6d3248af47d897974f990a0fe3b6', 'b04645f6-8499-4d86-90b2-075c2100ae77', 'f03e8ec6-def6-4b70-9a2d-a331384b950a', '1', '2', null, '2019-05-24 14:31:05', '2019-05-24 14:31:47', null), ('cd5c99e6069d468a9fe143217fa41025', 'Q一级整改退回测试_Q一级事件流程（新）', '626d0e16-270b-486a-99e6-bf4bf3908d5d', '71307fbe745a48119da822e7a9ed61de', '1e4ea6d8-77a7-4459-abd6-20a58a5e9d89', 'cec2c167-3666-4a91-8f87-ad0e85b8f44a', '1', '520', null, '2019-05-24 16:40:10', '2019-05-24 16:40:39', null), ('d0a05390748a4e9f86dcb415bddd71ac', 'fly事件测试3_流程事件测试3', '6efde8c4-4e86-4031-969a-ac32d719715e', '54b262ba79304c5c978da0e238648c94', '6c130e1f-96fd-4cfe-aa3c-e042054628cf', '2345e7c3-f395-49d1-9576-cef70ffddeca', '1', '0', null, '2019-05-24 10:31:23', '2019-05-24 10:31:23', null), ('d3e7eb81ef514be1b98c6eb7aa38ceac', 'Q二级事件测试1_流程事件测试2', 'c9acead0-82dc-4564-bf45-3f13147b35db', '42118f8b213a44bb9a8a3099062e9575', null, null, '1', '0', null, '2019-05-24 15:24:06', '2019-05-24 15:24:06', null), ('d7f6a5083a4443d98c1cf8b31c0bef80', 'Q二级事件测试1_流程事件测试2', 'c9acead0-82dc-4564-bf45-3f13147b35db', 'b710661f28244a98bcd3967d297c5fa4', null, null, '1', '0', null, '2019-05-24 15:09:09', '2019-05-24 15:09:09', null), ('e0b581bf036b4cb795a0efaae7f244fe', 'Q二级作废测试_Q二级事件流程（新）', 'c4c9a01d-c59e-400b-9d42-03bbeb5ad8c3', 'fad07d3c604e499cb588cabd6a536706', '54305421-02c8-4925-80a9-65b0ec7d796f', 'd84fbc0b-925d-45fe-a037-485ff21afa64', '1', '1090', null, '2019-05-24 16:25:05', '2019-05-24 16:26:02', '2019-05-24 16:26:02'), ('e2394363e48549fbb3ec9c317adb17f3', 'Q一级作废测试_Q一级事件流程（新）', '626d0e16-270b-486a-99e6-bf4bf3908d5d', '3b506222a988495cbed46de3c5220287', '6b953064-b88d-437c-b2f0-8d5ded05fe3d', '743630a8-1cbb-4142-8afd-9bdbdbd2277b', '1', '1088', null, '2019-05-24 16:22:51', '2019-05-24 16:23:20', '2019-05-24 16:23:20'), ('e8ecb827917c4312a87b61d1d474e65b', 'Q药品一级事件测试1_Q一级事件流程（新）', '626d0e16-270b-486a-99e6-bf4bf3908d5d', '4b3c69dd2c8b4a07909a670612eacfd6', '5fe8aa62-8af4-4893-ad8c-5c76dad575ed', '743630a8-1cbb-4142-8afd-9bdbdbd2277b', '1', '3860', null, '2019-05-24 16:01:53', '2019-05-24 16:04:46', '2019-05-24 16:04:46');
COMMIT;

-- ----------------------------
--  Table structure for `workflow_instance_storage`
-- ----------------------------
DROP TABLE IF EXISTS `workflow_instance_storage`;
CREATE TABLE `workflow_instance_storage` (
  `id` varchar(36) NOT NULL,
  `data` text,
  `createtime` timestamp NOT NULL DEFAULT CURRENT_TIMESTAMP,
  `updatetime` timestamp NOT NULL DEFAULT CURRENT_TIMESTAMP ON UPDATE CURRENT_TIMESTAMP,
  PRIMARY KEY (`id`)
) ENGINE=InnoDB DEFAULT CHARSET=utf8 ROW_FORMAT=COMPACT;

-- ----------------------------
--  Records of `workflow_instance_storage`
-- ----------------------------
BEGIN;
INSERT INTO `workflow_instance_storage` VALUES ('02589708fcbf47509452e3115c580fa3', '{\"completed\":false,\"currentActivity\":{\"name\":\"AuditActivity\",\"properties\":{\"failedRedirect\":\"1\",\"workflowDefinitionId\":\"626d0e16-270b-486a-99e6-bf4bf3908d5d\",\"activityNum\":2,\"enable\":1,\"activityName\":\"事件审核\",\"assigners\":\"e6g7bee4-1cdb-4458-a926-7d85ffdeed7b\",\"id\":\"c19512c9-d706-4d52-aab3-41414f03b15f\",\"successfulRedirect\":\"3\",\"activityType\":\"AuditActivity\",\"properties\":\"{\\\"maxLevel\\\":1,\\\"level\\\":1}\"}},\"currentTaskCompleted\":false,\"definitionId\":\"626d0e16-270b-486a-99e6-bf4bf3908d5d\",\"itemId\":\"02589708fcbf47509452e3115c580fa3\",\"properties\":{\"currentActivityName\":\"AuditActivity\"},\"taskRunning\":true,\"taskSerialId\":\"2ac89c35-bf73-43d0-9f5f-bd2479633bf5\",\"workflowDefinition\":{\"enable\":1,\"eventType\":\"4bc9ad82-76f2-11e9-8482-00505684f8da\",\"id\":\"626d0e16-270b-486a-99e6-bf4bf3908d5d\",\"name\":\"Q一级事件流程（新）\",\"reviewLevelCount\":1,\"workflowDefinitionActivities\":[{\"activityName\":\"事件整改\",\"activityNum\":5,\"activityType\":\"ReformActivity\",\"enable\":1,\"id\":\"320470d3-ff01-4a45-b725-e34e36b2a6b5\",\"properties\":\"{\\\"maxLevel\\\":1,\\\"level\\\":1}\",\"successfulRedirect\":\"6\",\"workflowDefinitionId\":\"626d0e16-270b-486a-99e6-bf4bf3908d5d\"},{\"activityName\":\"事件追踪\",\"activityNum\":4,\"activityType\":\"TraceActivity\",\"assigners\":\"e6g71ee4-ecdb-4458-a926-7d85ffdeed7b\",\"enable\":1,\"id\":\"453a9a91-cc18-44e0-824e-4a4eb4392e46\",\"properties\":\"{\\\"maxLevel\\\":1,\\\"level\\\":1}\",\"successfulRedirect\":\"5\",\"workflowDefinitionId\":\"626d0e16-270b-486a-99e6-bf4bf3908d5d\"},{\"activityName\":\"整改审核\",\"activityNum\":6,\"activityType\":\"ReformAuditActivity\",\"enable\":1,\"failedRedirect\":\"5\",\"id\":\"52c572e2-b543-4545-ae6f-0eab56bee398\",\"properties\":\"{\\\"maxLevel\\\":1,\\\"level\\\":1}\",\"successfulRedirect\":\"7\",\"workflowDefinitionId\":\"626d0e16-270b-486a-99e6-bf4bf3908d5d\"},{\"activityName\":\"流程结束\",\"activityNum\":7,\"activityType\":\"EndActivity\",\"enable\":1,\"id\":\"743630a8-1cbb-4142-8afd-9bdbdbd2277b\",\"properties\":\"{\\\"maxLevel\\\":1,\\\"level\\\":1}\",\"workflowDefinitionId\":\"626d0e16-270b-486a-99e6-bf4bf3908d5d\"},{\"activityName\":\"事件审核\",\"activityNum\":2,\"activityType\":\"AuditActivity\",\"assigners\":\"e6g7bee4-1cdb-4458-a926-7d85ffdeed7b\",\"enable\":1,\"failedRedirect\":\"1\",\"id\":\"c19512c9-d706-4d52-aab3-41414f03b15f\",\"properties\":\"{\\\"maxLevel\\\":1,\\\"level\\\":1}\",\"successfulRedirect\":\"3\",\"workflowDefinitionId\":\"626d0e16-270b-486a-99e6-bf4bf3908d5d\"},{\"activityName\":\"事件结案\",\"activityNum\":3,\"activityType\":\"CloseActivity\",\"assigners\":\"e6g7b1e4-ecdb-4458-a926-7d85ffdeed7b\",\"enable\":1,\"failedRedirect\":\"2\",\"id\":\"cec2c167-3666-4a91-8f87-ad0e85b8f44a\",\"properties\":\"{\\\"maxLevel\\\":1,\\\"level\\\":1}\",\"successfulRedirect\":\"4\",\"workflowDefinitionId\":\"626d0e16-270b-486a-99e6-bf4bf3908d5d\"},{\"activityName\":\"事件上报\",\"activityNum\":1,\"activityType\":\"ReportActivity\",\"enable\":1,\"id\":\"d71be7ee-6847-4c01-82c2-a39388cfbbfa\",\"properties\":\"{\\\"maxLevel\\\":1}\",\"successfulRedirect\":\"2\",\"workflowDefinitionId\":\"626d0e16-270b-486a-99e6-bf4bf3908d5d\"},{\"activityName\":\"流程开始\",\"activityNum\":0,\"activityType\":\"StartActivity\",\"enable\":1,\"id\":\"ddb211be-35af-4b67-bce4-37d413751846\",\"properties\":\"{\\\"maxLevel\\\":1}\",\"successfulRedirect\":\"2\",\"workflowDefinitionId\":\"626d0e16-270b-486a-99e6-bf4bf3908d5d\"}]}}', '2019-05-24 16:48:06', '2019-05-24 16:48:06'), ('1-1', '{\"completed\":false,\"currentActivity\":{\"name\":\"AuditActivity\",\"properties\":{\"failedRedirect\":\"2\",\"workflowDefinitionId\":\"c4c9a01d-c59e-400b-9d42-03bbeb5ad8c3\",\"activityNum\":3,\"enable\":1,\"activityName\":\"事件审核\",\"assigners\":\"e6g7bee4-2cdb-4458-a926-7d85ffdeed7b\",\"id\":\"d2845e9b-b0e2-41f9-86b9-6b7bac31c25a\",\"successfulRedirect\":\"4\",\"activityType\":\"AuditActivity\",\"properties\":\"{\\\"maxLevel\\\":2,\\\"level\\\":2}\"}},\"currentTaskCompleted\":false,\"definitionId\":\"c4c9a01d-c59e-400b-9d42-03bbeb5ad8c3\",\"itemId\":\"1-1\",\"properties\":{\"currentActivityName\":\"AuditActivity\"},\"taskId\":\"12713247-fd38-4e81-ae53-6098e0fc6449\",\"taskRunning\":true,\"taskSerialId\":\"4081f8ef-9319-4f58-831e-6e4c986d115d\",\"workflowDefinition\":{\"enable\":1,\"eventType\":\"4bcfd70c-76f2-11e9-8482-00505684f8da\",\"id\":\"c4c9a01d-c59e-400b-9d42-03bbeb5ad8c3\",\"name\":\"Q二级事件流程（新）\",\"reviewLevelCount\":2,\"workflowDefinitionActivities\":[{\"activityName\":\"整改审核\",\"activityNum\":7,\"activityType\":\"ReformAuditActivity\",\"enable\":1,\"failedRedirect\":\"6\",\"id\":\"0b60e611-2586-4043-b49b-e9a5979d4f30\",\"properties\":\"{\\\"maxLevel\\\":2,\\\"level\\\":2}\",\"successfulRedirect\":\"8\",\"workflowDefinitionId\":\"c4c9a01d-c59e-400b-9d42-03bbeb5ad8c3\"},{\"activityName\":\"事件整改\",\"activityNum\":6,\"activityType\":\"ReformActivity\",\"enable\":1,\"id\":\"509f16de-d65d-4bbd-a459-c033b327dc1a\",\"properties\":\"{\\\"maxLevel\\\":2,\\\"level\\\":2}\",\"successfulRedirect\":\"7\",\"workflowDefinitionId\":\"c4c9a01d-c59e-400b-9d42-03bbeb5ad8c3\"},{\"activityName\":\"事件追踪\",\"activityNum\":5,\"activityType\":\"TraceActivity\",\"assigners\":\"e6g71ee4-ecdb-4458-a926-7d85ffdeed7b\",\"enable\":1,\"id\":\"571efa49-442a-4185-8dff-d9bd4fb054d3\",\"properties\":\"{\\\"maxLevel\\\":2,\\\"level\\\":2}\",\"successfulRedirect\":\"6\",\"workflowDefinitionId\":\"c4c9a01d-c59e-400b-9d42-03bbeb5ad8c3\"},{\"activityName\":\"流程开始\",\"activityNum\":0,\"activityType\":\"StartActivity\",\"enable\":1,\"id\":\"a99250cd-7b9d-4fc9-9098-8b92956e94bb\",\"properties\":\"{\\\"maxLevel\\\":2}\",\"successfulRedirect\":\"2\",\"workflowDefinitionId\":\"c4c9a01d-c59e-400b-9d42-03bbeb5ad8c3\"},{\"activityName\":\"事件审核\",\"activityNum\":3,\"activityType\":\"AuditActivity\",\"assigners\":\"e6g7bee4-2cdb-4458-a926-7d85ffdeed7b\",\"enable\":1,\"failedRedirect\":\"2\",\"id\":\"d2845e9b-b0e2-41f9-86b9-6b7bac31c25a\",\"properties\":\"{\\\"maxLevel\\\":2,\\\"level\\\":2}\",\"successfulRedirect\":\"4\",\"workflowDefinitionId\":\"c4c9a01d-c59e-400b-9d42-03bbeb5ad8c3\"},{\"activityName\":\"事件上报\",\"activityNum\":1,\"activityType\":\"ReportActivity\",\"enable\":1,\"id\":\"d4a3ac09-ef85-4938-9705-5bba9b35c7db\",\"properties\":\"{\\\"maxLevel\\\":2}\",\"successfulRedirect\":\"2\",\"workflowDefinitionId\":\"c4c9a01d-c59e-400b-9d42-03bbeb5ad8c3\"},{\"activityName\":\"流程结束\",\"activityNum\":8,\"activityType\":\"EndActivity\",\"enable\":1,\"id\":\"d84fbc0b-925d-45fe-a037-485ff21afa64\",\"properties\":\"{\\\"maxLevel\\\":2,\\\"level\\\":2}\",\"workflowDefinitionId\":\"c4c9a01d-c59e-400b-9d42-03bbeb5ad8c3\"},{\"activityName\":\"事件结案\",\"activityNum\":4,\"activityType\":\"CloseActivity\",\"assigners\":\"e6g7b1e4-ecdb-4458-a926-7d85ffdeed7b\",\"enable\":1,\"failedRedirect\":\"3\",\"id\":\"e7865aca-ffb4-4dc7-a2cd-e9900a8fdf72\",\"properties\":\"{\\\"maxLevel\\\":2,\\\"level\\\":2}\",\"successfulRedirect\":\"5\",\"workflowDefinitionId\":\"c4c9a01d-c59e-400b-9d42-03bbeb5ad8c3\"},{\"activityName\":\"事件审核\",\"activityNum\":2,\"activityType\":\"AuditActivity\",\"assigners\":\"e6g7bee4-1cdb-4458-a926-7d85ffdeed7b\",\"enable\":1,\"failedRedirect\":\"1\",\"id\":\"eddcf8fb-b4e3-4eac-884c-33d8b063afb2\",\"properties\":\"{\\\"maxLevel\\\":2,\\\"level\\\":1}\",\"successfulRedirect\":\"3\",\"workflowDefinitionId\":\"c4c9a01d-c59e-400b-9d42-03bbeb5ad8c3\"}]}}', '2019-05-24 16:51:00', '2019-05-24 16:52:20'), ('16c5f66d20d54908871845ff69722cf7', '{\"completed\":false,\"currentActivity\":{\"name\":\"AuditActivity\",\"properties\":{\"failedRedirect\":\"1\",\"workflowDefinitionId\":\"b12fd71b-0b22-4c93-a16d-e5f20cf26a59\",\"activityNum\":2,\"enable\":1,\"activityName\":\"事件审核\",\"assigners\":\"e6g7bee4-1cdb-4458-a926-7d85ffdeed7b\",\"id\":\"8bd18945-0646-49f2-a032-e2203036ec20\",\"successfulRedirect\":\"3\",\"activityType\":\"AuditActivity\",\"properties\":\"{\\\"maxLevel\\\":1,\\\"level\\\":1}\"}},\"currentTaskCompleted\":false,\"definitionId\":\"b12fd71b-0b22-4c93-a16d-e5f20cf26a59\",\"itemId\":\"16c5f66d20d54908871845ff69722cf7\",\"properties\":{\"currentActivityName\":\"AuditActivity\"},\"taskId\":\"0f2cd68d-38b2-4795-b012-6be324bb198d\",\"taskRunning\":true,\"taskSerialId\":\"22617693-38f6-4dc9-864a-f0d5186db40b\",\"workflowDefinition\":{\"enable\":1,\"eventType\":\"086ebee8-76f4-11e9-8482-00505684f8da\",\"id\":\"b12fd71b-0b22-4c93-a16d-e5f20cf26a59\",\"name\":\"流程事件测试1\",\"reviewLevelCount\":1,\"workflowDefinitionActivities\":[{\"activityName\":\"事件结案\",\"activityNum\":3,\"activityType\":\"CloseActivity\",\"assigners\":\"e6g7b1e4-ecdb-4458-a926-7d85ffdeed7b\",\"enable\":1,\"failedRedirect\":\"2\",\"id\":\"166de8f5-3ec1-490d-a995-76e3b5b2645d\",\"properties\":\"{\\\"maxLevel\\\":1,\\\"level\\\":1}\",\"successfulRedirect\":\"4\",\"workflowDefinitionId\":\"b12fd71b-0b22-4c93-a16d-e5f20cf26a59\"},{\"activityName\":\"事件整改\",\"activityNum\":5,\"activityType\":\"ReformActivity\",\"enable\":1,\"id\":\"33ea26d9-964a-4202-9dd7-354f7b9ef7e6\",\"properties\":\"{\\\"maxLevel\\\":1,\\\"level\\\":1}\",\"successfulRedirect\":\"6\",\"workflowDefinitionId\":\"b12fd71b-0b22-4c93-a16d-e5f20cf26a59\"},{\"activityName\":\"流程开始\",\"activityNum\":0,\"activityType\":\"StartActivity\",\"enable\":1,\"id\":\"43014129-4f88-444b-9b1d-17f81060c3d7\",\"properties\":\"{\\\"maxLevel\\\":1}\",\"successfulRedirect\":\"2\",\"workflowDefinitionId\":\"b12fd71b-0b22-4c93-a16d-e5f20cf26a59\"},{\"activityName\":\"流程结束\",\"activityNum\":7,\"activityType\":\"EndActivity\",\"enable\":1,\"id\":\"55acfbea-6afc-4269-863a-a8e182320f27\",\"properties\":\"{\\\"maxLevel\\\":1,\\\"level\\\":1}\",\"workflowDefinitionId\":\"b12fd71b-0b22-4c93-a16d-e5f20cf26a59\"},{\"activityName\":\"事件上报\",\"activityNum\":1,\"activityType\":\"ReportActivity\",\"enable\":1,\"id\":\"63f12b09-a253-4d63-8d97-ad19dd9bdbed\",\"properties\":\"{\\\"maxLevel\\\":1}\",\"successfulRedirect\":\"2\",\"workflowDefinitionId\":\"b12fd71b-0b22-4c93-a16d-e5f20cf26a59\"},{\"activityName\":\"事件审核\",\"activityNum\":2,\"activityType\":\"AuditActivity\",\"assigners\":\"e6g7bee4-1cdb-4458-a926-7d85ffdeed7b\",\"enable\":1,\"failedRedirect\":\"1\",\"id\":\"8bd18945-0646-49f2-a032-e2203036ec20\",\"properties\":\"{\\\"maxLevel\\\":1,\\\"level\\\":1}\",\"successfulRedirect\":\"3\",\"workflowDefinitionId\":\"b12fd71b-0b22-4c93-a16d-e5f20cf26a59\"},{\"activityName\":\"事件追踪\",\"activityNum\":4,\"activityType\":\"TraceActivity\",\"assigners\":\"e6g71ee4-ecdb-4458-a926-7d85ffdeed7b\",\"enable\":1,\"id\":\"ba61d152-0540-45ef-af6c-f054184843b8\",\"properties\":\"{\\\"maxLevel\\\":1,\\\"level\\\":1}\",\"successfulRedirect\":\"5\",\"workflowDefinitionId\":\"b12fd71b-0b22-4c93-a16d-e5f20cf26a59\"},{\"activityName\":\"整改审核\",\"activityNum\":6,\"activityType\":\"ReformAuditActivity\",\"enable\":1,\"failedRedirect\":\"5\",\"id\":\"e6565d31-3462-4b26-9545-3503871978a8\",\"properties\":\"{\\\"maxLevel\\\":1,\\\"level\\\":1}\",\"successfulRedirect\":\"7\",\"workflowDefinitionId\":\"b12fd71b-0b22-4c93-a16d-e5f20cf26a59\"}]}}', '2019-05-24 10:46:31', '2019-05-27 14:28:08'), ('21ef127700794e15a619cc4c761c7689', '{\"completed\":false,\"currentActivity\":{\"name\":\"CloseActivity\",\"properties\":{\"failedRedirect\":\"3\",\"workflowDefinitionId\":\"c4c9a01d-c59e-400b-9d42-03bbeb5ad8c3\",\"activityNum\":4,\"enable\":1,\"activityName\":\"事件结案\",\"assigners\":\"e6g7b1e4-ecdb-4458-a926-7d85ffdeed7b\",\"id\":\"e7865aca-ffb4-4dc7-a2cd-e9900a8fdf72\",\"successfulRedirect\":\"5\",\"activityType\":\"CloseActivity\",\"properties\":\"{\\\"maxLevel\\\":2,\\\"level\\\":2}\"}},\"currentTaskCompleted\":false,\"definitionId\":\"c4c9a01d-c59e-400b-9d42-03bbeb5ad8c3\",\"itemId\":\"21ef127700794e15a619cc4c761c7689\",\"properties\":{\"currentActivityName\":\"CloseActivity\"},\"taskId\":\"41183ef7-1af5-4b55-aabd-e62fc8fae0a6\",\"taskRunning\":true,\"taskSerialId\":\"f7df161e-e8a4-4688-ad5f-007b5d77a1ae\",\"workflowDefinition\":{\"enable\":1,\"eventType\":\"4bcfd70c-76f2-11e9-8482-00505684f8da\",\"id\":\"c4c9a01d-c59e-400b-9d42-03bbeb5ad8c3\",\"name\":\"Q二级事件流程（新）\",\"reviewLevelCount\":2,\"workflowDefinitionActivities\":[{\"activityName\":\"整改审核\",\"activityNum\":7,\"activityType\":\"ReformAuditActivity\",\"enable\":1,\"failedRedirect\":\"6\",\"id\":\"0b60e611-2586-4043-b49b-e9a5979d4f30\",\"properties\":\"{\\\"maxLevel\\\":2,\\\"level\\\":2}\",\"successfulRedirect\":\"8\",\"workflowDefinitionId\":\"c4c9a01d-c59e-400b-9d42-03bbeb5ad8c3\"},{\"activityName\":\"事件整改\",\"activityNum\":6,\"activityType\":\"ReformActivity\",\"enable\":1,\"id\":\"509f16de-d65d-4bbd-a459-c033b327dc1a\",\"properties\":\"{\\\"maxLevel\\\":2,\\\"level\\\":2}\",\"successfulRedirect\":\"7\",\"workflowDefinitionId\":\"c4c9a01d-c59e-400b-9d42-03bbeb5ad8c3\"},{\"activityName\":\"事件追踪\",\"activityNum\":5,\"activityType\":\"TraceActivity\",\"assigners\":\"e6g71ee4-ecdb-4458-a926-7d85ffdeed7b\",\"enable\":1,\"id\":\"571efa49-442a-4185-8dff-d9bd4fb054d3\",\"properties\":\"{\\\"maxLevel\\\":2,\\\"level\\\":2}\",\"successfulRedirect\":\"6\",\"workflowDefinitionId\":\"c4c9a01d-c59e-400b-9d42-03bbeb5ad8c3\"},{\"activityName\":\"流程开始\",\"activityNum\":0,\"activityType\":\"StartActivity\",\"enable\":1,\"id\":\"a99250cd-7b9d-4fc9-9098-8b92956e94bb\",\"properties\":\"{\\\"maxLevel\\\":2}\",\"successfulRedirect\":\"2\",\"workflowDefinitionId\":\"c4c9a01d-c59e-400b-9d42-03bbeb5ad8c3\"},{\"activityName\":\"事件审核\",\"activityNum\":3,\"activityType\":\"AuditActivity\",\"assigners\":\"e6g7bee4-2cdb-4458-a926-7d85ffdeed7b\",\"enable\":1,\"failedRedirect\":\"2\",\"id\":\"d2845e9b-b0e2-41f9-86b9-6b7bac31c25a\",\"properties\":\"{\\\"maxLevel\\\":2,\\\"level\\\":2}\",\"successfulRedirect\":\"4\",\"workflowDefinitionId\":\"c4c9a01d-c59e-400b-9d42-03bbeb5ad8c3\"},{\"activityName\":\"事件上报\",\"activityNum\":1,\"activityType\":\"ReportActivity\",\"enable\":1,\"id\":\"d4a3ac09-ef85-4938-9705-5bba9b35c7db\",\"properties\":\"{\\\"maxLevel\\\":2}\",\"successfulRedirect\":\"2\",\"workflowDefinitionId\":\"c4c9a01d-c59e-400b-9d42-03bbeb5ad8c3\"},{\"activityName\":\"流程结束\",\"activityNum\":8,\"activityType\":\"EndActivity\",\"enable\":1,\"id\":\"d84fbc0b-925d-45fe-a037-485ff21afa64\",\"properties\":\"{\\\"maxLevel\\\":2,\\\"level\\\":2}\",\"workflowDefinitionId\":\"c4c9a01d-c59e-400b-9d42-03bbeb5ad8c3\"},{\"activityName\":\"事件结案\",\"activityNum\":4,\"activityType\":\"CloseActivity\",\"assigners\":\"e6g7b1e4-ecdb-4458-a926-7d85ffdeed7b\",\"enable\":1,\"failedRedirect\":\"3\",\"id\":\"e7865aca-ffb4-4dc7-a2cd-e9900a8fdf72\",\"properties\":\"{\\\"maxLevel\\\":2,\\\"level\\\":2}\",\"successfulRedirect\":\"5\",\"workflowDefinitionId\":\"c4c9a01d-c59e-400b-9d42-03bbeb5ad8c3\"},{\"activityName\":\"事件审核\",\"activityNum\":2,\"activityType\":\"AuditActivity\",\"assigners\":\"e6g7bee4-1cdb-4458-a926-7d85ffdeed7b\",\"enable\":1,\"failedRedirect\":\"1\",\"id\":\"eddcf8fb-b4e3-4eac-884c-33d8b063afb2\",\"properties\":\"{\\\"maxLevel\\\":2,\\\"level\\\":1}\",\"successfulRedirect\":\"3\",\"workflowDefinitionId\":\"c4c9a01d-c59e-400b-9d42-03bbeb5ad8c3\"}]}}', '2019-05-24 16:10:08', '2019-05-24 16:11:06'), ('358c5d1a674040a99249067ea6b66665', '{\"completed\":true,\"currentActivity\":{\"name\":\"EndActivity\",\"properties\":{\"workflowDefinitionId\":\"c9acead0-82dc-4564-bf45-3f13147b35db\",\"activityNum\":8,\"enable\":1,\"activityName\":\"流程结束\",\"id\":\"565c76a4-1fa7-48e5-98c7-ca138ab06cad\",\"activityType\":\"EndActivity\",\"properties\":\"{\\\"maxLevel\\\":2,\\\"level\\\":2}\"}},\"currentTaskCompleted\":true,\"definitionId\":\"c9acead0-82dc-4564-bf45-3f13147b35db\",\"itemId\":\"358c5d1a674040a99249067ea6b66665\",\"properties\":{\"currentActivityName\":\"EndActivity\"},\"taskId\":\"83ae5bcc-9077-46c2-9d27-65d97738b89f\",\"taskRunning\":false,\"taskSerialId\":\"b602bb25-dea3-440e-bfd5-043e81a3e2af\",\"workflowDefinition\":{\"enable\":1,\"eventType\":\"087e0bab-76f4-11e9-8482-00505684f8da\",\"id\":\"c9acead0-82dc-4564-bf45-3f13147b35db\",\"name\":\"流程事件测试2\",\"reviewLevelCount\":2,\"workflowDefinitionActivities\":[{\"activityName\":\"事件整改\",\"activityNum\":6,\"activityType\":\"ReformActivity\",\"enable\":1,\"id\":\"126673cc-bb9d-4a62-87df-0dc83fb83cae\",\"properties\":\"{\\\"maxLevel\\\":2,\\\"level\\\":2}\",\"successfulRedirect\":\"7\",\"workflowDefinitionId\":\"c9acead0-82dc-4564-bf45-3f13147b35db\"},{\"activityName\":\"事件上报\",\"activityNum\":1,\"activityType\":\"ReportActivity\",\"enable\":1,\"id\":\"1bd5f3c5-8e2e-48d7-abe7-38ffb9fe0b8d\",\"properties\":\"{\\\"maxLevel\\\":2}\",\"successfulRedirect\":\"2\",\"workflowDefinitionId\":\"c9acead0-82dc-4564-bf45-3f13147b35db\"},{\"activityName\":\"流程结束\",\"activityNum\":8,\"activityType\":\"EndActivity\",\"enable\":1,\"id\":\"565c76a4-1fa7-48e5-98c7-ca138ab06cad\",\"properties\":\"{\\\"maxLevel\\\":2,\\\"level\\\":2}\",\"workflowDefinitionId\":\"c9acead0-82dc-4564-bf45-3f13147b35db\"},{\"activityName\":\"事件审核\",\"activityNum\":2,\"activityType\":\"AuditActivity\",\"assigners\":\"e6g7bee4-2cdb-4458-a926-7d85ffdeed7b\",\"enable\":1,\"failedRedirect\":\"1\",\"id\":\"5b9d655b-b9e4-4df5-88e4-38283f72a80c\",\"properties\":\"{\\\"maxLevel\\\":2,\\\"level\\\":1}\",\"successfulRedirect\":\"3\",\"workflowDefinitionId\":\"c9acead0-82dc-4564-bf45-3f13147b35db\"},{\"activityName\":\"整改审核\",\"activityNum\":7,\"activityType\":\"ReformAuditActivity\",\"enable\":1,\"failedRedirect\":\"6\",\"id\":\"62fc30fb-d1f9-48d8-ae80-f8bd37017b22\",\"properties\":\"{\\\"maxLevel\\\":2,\\\"level\\\":2}\",\"successfulRedirect\":\"8\",\"workflowDefinitionId\":\"c9acead0-82dc-4564-bf45-3f13147b35db\"},{\"activityName\":\"事件结案\",\"activityNum\":4,\"activityType\":\"CloseActivity\",\"assigners\":\"e6g7b2e4-ecdb-4458-a926-7d85ffdeed7b\",\"enable\":1,\"failedRedirect\":\"3\",\"id\":\"71f9a5f2-d70c-4cdf-b9b2-77f92701bc45\",\"properties\":\"{\\\"maxLevel\\\":2,\\\"level\\\":2}\",\"successfulRedirect\":\"5\",\"workflowDefinitionId\":\"c9acead0-82dc-4564-bf45-3f13147b35db\"},{\"activityName\":\"事件审核\",\"activityNum\":3,\"activityType\":\"AuditActivity\",\"assigners\":\"e6g7bee4-2cdb-4458-a926-7d85ffdeed7b\",\"enable\":1,\"failedRedirect\":\"2\",\"id\":\"8edaa460-9012-4288-8467-660be84fb0bf\",\"properties\":\"{\\\"maxLevel\\\":2,\\\"level\\\":2}\",\"successfulRedirect\":\"4\",\"workflowDefinitionId\":\"c9acead0-82dc-4564-bf45-3f13147b35db\"},{\"activityName\":\"事件追踪\",\"activityNum\":5,\"activityType\":\"TraceActivity\",\"assigners\":\"e6g71ee4-ecdb-4458-a926-7d85ffdeed7b\",\"enable\":1,\"id\":\"a97c0530-bcc2-4fa1-a7dd-fae5bea10542\",\"properties\":\"{\\\"maxLevel\\\":2,\\\"level\\\":2}\",\"successfulRedirect\":\"6\",\"workflowDefinitionId\":\"c9acead0-82dc-4564-bf45-3f13147b35db\"},{\"activityName\":\"流程开始\",\"activityNum\":0,\"activityType\":\"StartActivity\",\"enable\":1,\"id\":\"e9abec8b-2e9f-4da9-9f6d-5fa8412a3bb0\",\"properties\":\"{\\\"maxLevel\\\":2}\",\"successfulRedirect\":\"2\",\"workflowDefinitionId\":\"c9acead0-82dc-4564-bf45-3f13147b35db\"}]}}', '2019-05-24 10:47:39', '2019-05-24 11:06:03'), ('3faf3907882e4be6a05f59516e05d262', '{\"completed\":false,\"currentActivity\":{\"name\":\"CloseActivity\",\"properties\":{\"failedRedirect\":\"4\",\"workflowDefinitionId\":\"6efde8c4-4e86-4031-969a-ac32d719715e\",\"activityNum\":5,\"enable\":1,\"activityName\":\"事件结案\",\"assigners\":\"e6g7b1e4-ecdb-4458-a926-7d85ffdeed7b\",\"id\":\"68c48e54-4c1e-47ee-8e3a-567ecfc82a7d\",\"successfulRedirect\":\"6\",\"activityType\":\"CloseActivity\",\"properties\":\"{\\\"maxLevel\\\":3,\\\"level\\\":3}\"}},\"currentTaskCompleted\":false,\"definitionId\":\"6efde8c4-4e86-4031-969a-ac32d719715e\",\"itemId\":\"3faf3907882e4be6a05f59516e05d262\",\"properties\":{\"currentActivityName\":\"CloseActivity\"},\"taskId\":\"79665a9c-4db8-4eb4-b89c-cb3e428db169\",\"taskRunning\":true,\"taskSerialId\":\"16edf3a8-42b3-4a76-b1c1-0344c8376433\",\"workflowDefinition\":{\"enable\":1,\"eventType\":\"0892e7b5-76f4-11e9-8482-00505684f8da\",\"id\":\"6efde8c4-4e86-4031-969a-ac32d719715e\",\"name\":\"流程事件测试3\",\"reviewLevelCount\":3,\"workflowDefinitionActivities\":[{\"activityName\":\"事件整改\",\"activityNum\":7,\"activityType\":\"ReformActivity\",\"enable\":1,\"id\":\"14ca7f9e-f5f1-47ea-86a8-da7551bfa932\",\"properties\":\"{\\\"maxLevel\\\":3,\\\"level\\\":3}\",\"successfulRedirect\":\"8\",\"workflowDefinitionId\":\"6efde8c4-4e86-4031-969a-ac32d719715e\"},{\"activityName\":\"整改审核\",\"activityNum\":8,\"activityType\":\"ReformAuditActivity\",\"enable\":1,\"failedRedirect\":\"7\",\"id\":\"2ddfb468-5393-4d72-a609-4bf19037b736\",\"properties\":\"{\\\"maxLevel\\\":3,\\\"level\\\":3}\",\"successfulRedirect\":\"9\",\"workflowDefinitionId\":\"6efde8c4-4e86-4031-969a-ac32d719715e\"},{\"activityName\":\"流程开始\",\"activityNum\":0,\"activityType\":\"StartActivity\",\"enable\":1,\"id\":\"4783733d-b682-4e8c-9b8e-458877940d43\",\"properties\":\"{\\\"maxLevel\\\":3}\",\"successfulRedirect\":\"2\",\"workflowDefinitionId\":\"6efde8c4-4e86-4031-969a-ac32d719715e\"},{\"activityName\":\"事件结案\",\"activityNum\":5,\"activityType\":\"CloseActivity\",\"assigners\":\"e6g7b1e4-ecdb-4458-a926-7d85ffdeed7b\",\"enable\":1,\"failedRedirect\":\"4\",\"id\":\"68c48e54-4c1e-47ee-8e3a-567ecfc82a7d\",\"properties\":\"{\\\"maxLevel\\\":3,\\\"level\\\":3}\",\"successfulRedirect\":\"6\",\"workflowDefinitionId\":\"6efde8c4-4e86-4031-969a-ac32d719715e\"},{\"activityName\":\"事件审核\",\"activityNum\":2,\"activityType\":\"AuditActivity\",\"assigners\":\"e6g7bee4-1cdb-4458-a926-7d85ffdeed7b\",\"enable\":1,\"failedRedirect\":\"1\",\"id\":\"84fb3f7e-e4e0-499b-85d8-8ae363906e63\",\"properties\":\"{\\\"maxLevel\\\":3,\\\"level\\\":1}\",\"successfulRedirect\":\"3\",\"workflowDefinitionId\":\"6efde8c4-4e86-4031-969a-ac32d719715e\"},{\"activityName\":\"流程结束\",\"activityNum\":9,\"activityType\":\"EndActivity\",\"enable\":1,\"id\":\"a1bc48f4-488d-4242-9a74-7751914935fe\",\"properties\":\"{\\\"maxLevel\\\":3,\\\"level\\\":3}\",\"workflowDefinitionId\":\"6efde8c4-4e86-4031-969a-ac32d719715e\"},{\"activityName\":\"事件追踪\",\"activityNum\":6,\"activityType\":\"TraceActivity\",\"assigners\":\"e6g71ee4-ecdb-4458-a926-7d85ffdeed7b\",\"enable\":1,\"id\":\"ab08bb75-64f6-4de4-bae1-d870623cce93\",\"properties\":\"{\\\"maxLevel\\\":3,\\\"level\\\":3}\",\"successfulRedirect\":\"7\",\"workflowDefinitionId\":\"6efde8c4-4e86-4031-969a-ac32d719715e\"},{\"activityName\":\"事件上报\",\"activityNum\":1,\"activityType\":\"ReportActivity\",\"enable\":1,\"id\":\"ab1bea85-7c61-4745-80c3-63f0b3b079b8\",\"properties\":\"{\\\"maxLevel\\\":3}\",\"successfulRedirect\":\"2\",\"workflowDefinitionId\":\"6efde8c4-4e86-4031-969a-ac32d719715e\"},{\"activityName\":\"事件审核\",\"activityNum\":4,\"activityType\":\"AuditActivity\",\"assigners\":\"e6g7bee4-3cdb-4458-a926-7d85ffdeed7b\",\"enable\":1,\"failedRedirect\":\"3\",\"id\":\"c1d5cb61-5662-46b8-912f-1af828028ec0\",\"properties\":\"{\\\"maxLevel\\\":3,\\\"level\\\":3}\",\"successfulRedirect\":\"5\",\"workflowDefinitionId\":\"6efde8c4-4e86-4031-969a-ac32d719715e\"},{\"activityName\":\"事件审核\",\"activityNum\":3,\"activityType\":\"AuditActivity\",\"assigners\":\"e6g7bee4-2cdb-4458-a926-7d85ffdeed7b\",\"enable\":1,\"failedRedirect\":\"2\",\"id\":\"f03e8ec6-def6-4b70-9a2d-a331384b950a\",\"properties\":\"{\\\"maxLevel\\\":3,\\\"level\\\":2}\",\"successfulRedirect\":\"4\",\"workflowDefinitionId\":\"6efde8c4-4e86-4031-969a-ac32d719715e\"}]}}', '2019-05-24 11:20:12', '2019-05-24 14:17:43'), ('4d792274b5ca4e84bd2f8d34acd11f7a', '{\"completed\":false,\"currentActivity\":{\"name\":\"CloseActivity\",\"properties\":{\"failedRedirect\":\"2\",\"workflowDefinitionId\":\"626d0e16-270b-486a-99e6-bf4bf3908d5d\",\"activityNum\":3,\"enable\":1,\"activityName\":\"事件结案\",\"assigners\":\"e6g7b1e4-ecdb-4458-a926-7d85ffdeed7b\",\"id\":\"cec2c167-3666-4a91-8f87-ad0e85b8f44a\",\"successfulRedirect\":\"4\",\"activityType\":\"CloseActivity\",\"properties\":\"{\\\"maxLevel\\\":1,\\\"level\\\":1}\"}},\"currentTaskCompleted\":false,\"definitionId\":\"626d0e16-270b-486a-99e6-bf4bf3908d5d\",\"itemId\":\"4d792274b5ca4e84bd2f8d34acd11f7a\",\"properties\":{\"currentActivityName\":\"CloseActivity\"},\"taskId\":\"f6640bad-674d-4014-b0c6-239e7e8a1f4c\",\"taskRunning\":true,\"taskSerialId\":\"05e7d7dd-4be9-4761-a14a-d2e4921b923f\",\"workflowDefinition\":{\"enable\":1,\"eventType\":\"4bc9ad82-76f2-11e9-8482-00505684f8da\",\"id\":\"626d0e16-270b-486a-99e6-bf4bf3908d5d\",\"name\":\"Q一级事件流程（新）\",\"reviewLevelCount\":1,\"workflowDefinitionActivities\":[{\"activityName\":\"事件整改\",\"activityNum\":5,\"activityType\":\"ReformActivity\",\"enable\":1,\"id\":\"320470d3-ff01-4a45-b725-e34e36b2a6b5\",\"properties\":\"{\\\"maxLevel\\\":1,\\\"level\\\":1}\",\"successfulRedirect\":\"6\",\"workflowDefinitionId\":\"626d0e16-270b-486a-99e6-bf4bf3908d5d\"},{\"activityName\":\"事件追踪\",\"activityNum\":4,\"activityType\":\"TraceActivity\",\"assigners\":\"e6g71ee4-ecdb-4458-a926-7d85ffdeed7b\",\"enable\":1,\"id\":\"453a9a91-cc18-44e0-824e-4a4eb4392e46\",\"properties\":\"{\\\"maxLevel\\\":1,\\\"level\\\":1}\",\"successfulRedirect\":\"5\",\"workflowDefinitionId\":\"626d0e16-270b-486a-99e6-bf4bf3908d5d\"},{\"activityName\":\"整改审核\",\"activityNum\":6,\"activityType\":\"ReformAuditActivity\",\"enable\":1,\"failedRedirect\":\"5\",\"id\":\"52c572e2-b543-4545-ae6f-0eab56bee398\",\"properties\":\"{\\\"maxLevel\\\":1,\\\"level\\\":1}\",\"successfulRedirect\":\"7\",\"workflowDefinitionId\":\"626d0e16-270b-486a-99e6-bf4bf3908d5d\"},{\"activityName\":\"流程结束\",\"activityNum\":7,\"activityType\":\"EndActivity\",\"enable\":1,\"id\":\"743630a8-1cbb-4142-8afd-9bdbdbd2277b\",\"properties\":\"{\\\"maxLevel\\\":1,\\\"level\\\":1}\",\"workflowDefinitionId\":\"626d0e16-270b-486a-99e6-bf4bf3908d5d\"},{\"activityName\":\"事件审核\",\"activityNum\":2,\"activityType\":\"AuditActivity\",\"assigners\":\"e6g7bee4-1cdb-4458-a926-7d85ffdeed7b\",\"enable\":1,\"failedRedirect\":\"1\",\"id\":\"c19512c9-d706-4d52-aab3-41414f03b15f\",\"properties\":\"{\\\"maxLevel\\\":1,\\\"level\\\":1}\",\"successfulRedirect\":\"3\",\"workflowDefinitionId\":\"626d0e16-270b-486a-99e6-bf4bf3908d5d\"},{\"activityName\":\"事件结案\",\"activityNum\":3,\"activityType\":\"CloseActivity\",\"assigners\":\"e6g7b1e4-ecdb-4458-a926-7d85ffdeed7b\",\"enable\":1,\"failedRedirect\":\"2\",\"id\":\"cec2c167-3666-4a91-8f87-ad0e85b8f44a\",\"properties\":\"{\\\"maxLevel\\\":1,\\\"level\\\":1}\",\"successfulRedirect\":\"4\",\"workflowDefinitionId\":\"626d0e16-270b-486a-99e6-bf4bf3908d5d\"},{\"activityName\":\"事件上报\",\"activityNum\":1,\"activityType\":\"ReportActivity\",\"enable\":1,\"id\":\"d71be7ee-6847-4c01-82c2-a39388cfbbfa\",\"properties\":\"{\\\"maxLevel\\\":1}\",\"successfulRedirect\":\"2\",\"workflowDefinitionId\":\"626d0e16-270b-486a-99e6-bf4bf3908d5d\"},{\"activityName\":\"流程开始\",\"activityNum\":0,\"activityType\":\"StartActivity\",\"enable\":1,\"id\":\"ddb211be-35af-4b67-bce4-37d413751846\",\"properties\":\"{\\\"maxLevel\\\":1}\",\"successfulRedirect\":\"2\",\"workflowDefinitionId\":\"626d0e16-270b-486a-99e6-bf4bf3908d5d\"}]}}', '2019-05-24 16:43:14', '2019-05-24 16:44:30'), ('4ee5ae981e5c4dfd8d121b37e25b0f2d', '{\"completed\":false,\"currentActivity\":{\"name\":\"CloseActivity\",\"properties\":{\"failedRedirect\":\"2\",\"workflowDefinitionId\":\"626d0e16-270b-486a-99e6-bf4bf3908d5d\",\"activityNum\":3,\"enable\":1,\"activityName\":\"事件结案\",\"assigners\":\"e6g7b1e4-ecdb-4458-a926-7d85ffdeed7b\",\"id\":\"cec2c167-3666-4a91-8f87-ad0e85b8f44a\",\"successfulRedirect\":\"4\",\"activityType\":\"CloseActivity\",\"properties\":\"{\\\"maxLevel\\\":1,\\\"level\\\":1}\"}},\"currentTaskCompleted\":false,\"definitionId\":\"626d0e16-270b-486a-99e6-bf4bf3908d5d\",\"itemId\":\"4ee5ae981e5c4dfd8d121b37e25b0f2d\",\"properties\":{\"currentActivityName\":\"CloseActivity\"},\"taskId\":\"cfbd2661-6ee1-42d2-8135-f4c912f3a768\",\"taskRunning\":true,\"taskSerialId\":\"d52f3ce2-9847-4015-8c60-24500a2eeafb\",\"workflowDefinition\":{\"enable\":1,\"eventType\":\"4bc9ad82-76f2-11e9-8482-00505684f8da\",\"id\":\"626d0e16-270b-486a-99e6-bf4bf3908d5d\",\"name\":\"Q一级事件流程（新）\",\"reviewLevelCount\":1,\"workflowDefinitionActivities\":[{\"activityName\":\"事件整改\",\"activityNum\":5,\"activityType\":\"ReformActivity\",\"enable\":1,\"id\":\"320470d3-ff01-4a45-b725-e34e36b2a6b5\",\"properties\":\"{\\\"maxLevel\\\":1,\\\"level\\\":1}\",\"successfulRedirect\":\"6\",\"workflowDefinitionId\":\"626d0e16-270b-486a-99e6-bf4bf3908d5d\"},{\"activityName\":\"事件追踪\",\"activityNum\":4,\"activityType\":\"TraceActivity\",\"assigners\":\"e6g71ee4-ecdb-4458-a926-7d85ffdeed7b\",\"enable\":1,\"id\":\"453a9a91-cc18-44e0-824e-4a4eb4392e46\",\"properties\":\"{\\\"maxLevel\\\":1,\\\"level\\\":1}\",\"successfulRedirect\":\"5\",\"workflowDefinitionId\":\"626d0e16-270b-486a-99e6-bf4bf3908d5d\"},{\"activityName\":\"整改审核\",\"activityNum\":6,\"activityType\":\"ReformAuditActivity\",\"enable\":1,\"failedRedirect\":\"5\",\"id\":\"52c572e2-b543-4545-ae6f-0eab56bee398\",\"properties\":\"{\\\"maxLevel\\\":1,\\\"level\\\":1}\",\"successfulRedirect\":\"7\",\"workflowDefinitionId\":\"626d0e16-270b-486a-99e6-bf4bf3908d5d\"},{\"activityName\":\"流程结束\",\"activityNum\":7,\"activityType\":\"EndActivity\",\"enable\":1,\"id\":\"743630a8-1cbb-4142-8afd-9bdbdbd2277b\",\"properties\":\"{\\\"maxLevel\\\":1,\\\"level\\\":1}\",\"workflowDefinitionId\":\"626d0e16-270b-486a-99e6-bf4bf3908d5d\"},{\"activityName\":\"事件审核\",\"activityNum\":2,\"activityType\":\"AuditActivity\",\"assigners\":\"e6g7bee4-1cdb-4458-a926-7d85ffdeed7b\",\"enable\":1,\"failedRedirect\":\"1\",\"id\":\"c19512c9-d706-4d52-aab3-41414f03b15f\",\"properties\":\"{\\\"maxLevel\\\":1,\\\"level\\\":1}\",\"successfulRedirect\":\"3\",\"workflowDefinitionId\":\"626d0e16-270b-486a-99e6-bf4bf3908d5d\"},{\"activityName\":\"事件结案\",\"activityNum\":3,\"activityType\":\"CloseActivity\",\"assigners\":\"e6g7b1e4-ecdb-4458-a926-7d85ffdeed7b\",\"enable\":1,\"failedRedirect\":\"2\",\"id\":\"cec2c167-3666-4a91-8f87-ad0e85b8f44a\",\"properties\":\"{\\\"maxLevel\\\":1,\\\"level\\\":1}\",\"successfulRedirect\":\"4\",\"workflowDefinitionId\":\"626d0e16-270b-486a-99e6-bf4bf3908d5d\"},{\"activityName\":\"事件上报\",\"activityNum\":1,\"activityType\":\"ReportActivity\",\"enable\":1,\"id\":\"d71be7ee-6847-4c01-82c2-a39388cfbbfa\",\"properties\":\"{\\\"maxLevel\\\":1}\",\"successfulRedirect\":\"2\",\"workflowDefinitionId\":\"626d0e16-270b-486a-99e6-bf4bf3908d5d\"},{\"activityName\":\"流程开始\",\"activityNum\":0,\"activityType\":\"StartActivity\",\"enable\":1,\"id\":\"ddb211be-35af-4b67-bce4-37d413751846\",\"properties\":\"{\\\"maxLevel\\\":1}\",\"successfulRedirect\":\"2\",\"workflowDefinitionId\":\"626d0e16-270b-486a-99e6-bf4bf3908d5d\"}]}}', '2019-05-24 19:33:34', '2019-05-24 19:34:18'), ('65508b37d99940288c18c78c3827c57e', '{\"completed\":true,\"currentActivity\":{\"name\":\"EndActivity\",\"properties\":{\"workflowDefinitionId\":\"c4c9a01d-c59e-400b-9d42-03bbeb5ad8c3\",\"activityNum\":8,\"enable\":1,\"activityName\":\"流程结束\",\"id\":\"d84fbc0b-925d-45fe-a037-485ff21afa64\",\"activityType\":\"EndActivity\",\"properties\":\"{\\\"maxLevel\\\":2,\\\"level\\\":2}\"}},\"currentTaskCompleted\":true,\"definitionId\":\"c4c9a01d-c59e-400b-9d42-03bbeb5ad8c3\",\"itemId\":\"65508b37d99940288c18c78c3827c57e\",\"properties\":{\"currentActivityName\":\"EndActivity\"},\"taskId\":\"6d19de18-1868-4260-8006-f52181ab833b\",\"taskRunning\":false,\"taskSerialId\":\"d6f63bdc-d201-4faa-baf2-b60a7869876c\",\"workflowDefinition\":{\"enable\":1,\"eventType\":\"4bcfd70c-76f2-11e9-8482-00505684f8da\",\"id\":\"c4c9a01d-c59e-400b-9d42-03bbeb5ad8c3\",\"name\":\"Q二级事件流程（新）\",\"reviewLevelCount\":2,\"workflowDefinitionActivities\":[{\"activityName\":\"整改审核\",\"activityNum\":7,\"activityType\":\"ReformAuditActivity\",\"enable\":1,\"failedRedirect\":\"6\",\"id\":\"0b60e611-2586-4043-b49b-e9a5979d4f30\",\"properties\":\"{\\\"maxLevel\\\":2,\\\"level\\\":2}\",\"successfulRedirect\":\"8\",\"workflowDefinitionId\":\"c4c9a01d-c59e-400b-9d42-03bbeb5ad8c3\"},{\"activityName\":\"事件整改\",\"activityNum\":6,\"activityType\":\"ReformActivity\",\"enable\":1,\"id\":\"509f16de-d65d-4bbd-a459-c033b327dc1a\",\"properties\":\"{\\\"maxLevel\\\":2,\\\"level\\\":2}\",\"successfulRedirect\":\"7\",\"workflowDefinitionId\":\"c4c9a01d-c59e-400b-9d42-03bbeb5ad8c3\"},{\"activityName\":\"事件追踪\",\"activityNum\":5,\"activityType\":\"TraceActivity\",\"assigners\":\"e6g71ee4-ecdb-4458-a926-7d85ffdeed7b\",\"enable\":1,\"id\":\"571efa49-442a-4185-8dff-d9bd4fb054d3\",\"properties\":\"{\\\"maxLevel\\\":2,\\\"level\\\":2}\",\"successfulRedirect\":\"6\",\"workflowDefinitionId\":\"c4c9a01d-c59e-400b-9d42-03bbeb5ad8c3\"},{\"activityName\":\"流程开始\",\"activityNum\":0,\"activityType\":\"StartActivity\",\"enable\":1,\"id\":\"a99250cd-7b9d-4fc9-9098-8b92956e94bb\",\"properties\":\"{\\\"maxLevel\\\":2}\",\"successfulRedirect\":\"2\",\"workflowDefinitionId\":\"c4c9a01d-c59e-400b-9d42-03bbeb5ad8c3\"},{\"activityName\":\"事件审核\",\"activityNum\":3,\"activityType\":\"AuditActivity\",\"assigners\":\"e6g7bee4-2cdb-4458-a926-7d85ffdeed7b\",\"enable\":1,\"failedRedirect\":\"2\",\"id\":\"d2845e9b-b0e2-41f9-86b9-6b7bac31c25a\",\"properties\":\"{\\\"maxLevel\\\":2,\\\"level\\\":2}\",\"successfulRedirect\":\"4\",\"workflowDefinitionId\":\"c4c9a01d-c59e-400b-9d42-03bbeb5ad8c3\"},{\"activityName\":\"事件上报\",\"activityNum\":1,\"activityType\":\"ReportActivity\",\"enable\":1,\"id\":\"d4a3ac09-ef85-4938-9705-5bba9b35c7db\",\"properties\":\"{\\\"maxLevel\\\":2}\",\"successfulRedirect\":\"2\",\"workflowDefinitionId\":\"c4c9a01d-c59e-400b-9d42-03bbeb5ad8c3\"},{\"activityName\":\"流程结束\",\"activityNum\":8,\"activityType\":\"EndActivity\",\"enable\":1,\"id\":\"d84fbc0b-925d-45fe-a037-485ff21afa64\",\"properties\":\"{\\\"maxLevel\\\":2,\\\"level\\\":2}\",\"workflowDefinitionId\":\"c4c9a01d-c59e-400b-9d42-03bbeb5ad8c3\"},{\"activityName\":\"事件结案\",\"activityNum\":4,\"activityType\":\"CloseActivity\",\"assigners\":\"e6g7b1e4-ecdb-4458-a926-7d85ffdeed7b\",\"enable\":1,\"failedRedirect\":\"3\",\"id\":\"e7865aca-ffb4-4dc7-a2cd-e9900a8fdf72\",\"properties\":\"{\\\"maxLevel\\\":2,\\\"level\\\":2}\",\"successfulRedirect\":\"5\",\"workflowDefinitionId\":\"c4c9a01d-c59e-400b-9d42-03bbeb5ad8c3\"},{\"activityName\":\"事件审核\",\"activityNum\":2,\"activityType\":\"AuditActivity\",\"assigners\":\"e6g7bee4-1cdb-4458-a926-7d85ffdeed7b\",\"enable\":1,\"failedRedirect\":\"1\",\"id\":\"eddcf8fb-b4e3-4eac-884c-33d8b063afb2\",\"properties\":\"{\\\"maxLevel\\\":2,\\\"level\\\":1}\",\"successfulRedirect\":\"3\",\"workflowDefinitionId\":\"c4c9a01d-c59e-400b-9d42-03bbeb5ad8c3\"}]}}', '2019-05-24 15:56:16', '2019-05-24 16:00:48'), ('662ac2d9c0ab4c4f9d06fb2e417775d9', '{\"completed\":false,\"currentActivity\":{\"name\":\"AuditActivity\",\"properties\":{\"failedRedirect\":\"2\",\"workflowDefinitionId\":\"8a877680-029f-4874-8948-cf83dd922258\",\"activityNum\":3,\"enable\":1,\"activityName\":\"事件审核\",\"assigners\":\"e6g7bee4-2cdb-4458-a926-7d85ffdeed7b\",\"id\":\"8f892b63-8002-425e-81d7-6ba093e270f2\",\"successfulRedirect\":\"4\",\"activityType\":\"AuditActivity\",\"properties\":\"{\\\"maxLevel\\\":3,\\\"level\\\":2}\"}},\"currentTaskCompleted\":false,\"definitionId\":\"8a877680-029f-4874-8948-cf83dd922258\",\"itemId\":\"662ac2d9c0ab4c4f9d06fb2e417775d9\",\"properties\":{\"currentActivityName\":\"AuditActivity\"},\"taskId\":\"047df143-a5c6-4891-a2f0-40ff6afd2eb3\",\"taskRunning\":true,\"taskSerialId\":\"3e38bcc2-44ff-49db-a1fc-c28c7f3af36f\",\"workflowDefinition\":{\"enable\":1,\"eventType\":\"4bd37863-76f2-11e9-8482-00505684f8da\",\"id\":\"8a877680-029f-4874-8948-cf83dd922258\",\"name\":\"Q三级事件流程（新）\",\"reviewLevelCount\":3,\"workflowDefinitionActivities\":[{\"activityName\":\"事件追踪\",\"activityNum\":6,\"activityType\":\"TraceActivity\",\"assigners\":\"e6g71ee4-ecdb-4458-a926-7d85ffdeed7b\",\"enable\":1,\"id\":\"006d7f0d-b576-4c3a-8c51-579defc05b13\",\"properties\":\"{\\\"maxLevel\\\":3,\\\"level\\\":3}\",\"successfulRedirect\":\"7\",\"workflowDefinitionId\":\"8a877680-029f-4874-8948-cf83dd922258\"},{\"activityName\":\"事件审核\",\"activityNum\":2,\"activityType\":\"AuditActivity\",\"assigners\":\"e6g7bee4-1cdb-4458-a926-7d85ffdeed7b\",\"enable\":1,\"failedRedirect\":\"1\",\"id\":\"48e14fe0-a3ed-4d3e-a104-4b3918db085e\",\"properties\":\"{\\\"maxLevel\\\":3,\\\"level\\\":1}\",\"successfulRedirect\":\"3\",\"workflowDefinitionId\":\"8a877680-029f-4874-8948-cf83dd922258\"},{\"activityName\":\"流程结束\",\"activityNum\":9,\"activityType\":\"EndActivity\",\"enable\":1,\"id\":\"493d71f1-8215-43ad-8e79-2c0289231605\",\"properties\":\"{\\\"maxLevel\\\":3,\\\"level\\\":3}\",\"workflowDefinitionId\":\"8a877680-029f-4874-8948-cf83dd922258\"},{\"activityName\":\"整改审核\",\"activityNum\":8,\"activityType\":\"ReformAuditActivity\",\"enable\":1,\"failedRedirect\":\"7\",\"id\":\"67841b9b-73db-4fd9-a36a-a53f0433bf0b\",\"properties\":\"{\\\"maxLevel\\\":3,\\\"level\\\":3}\",\"successfulRedirect\":\"9\",\"workflowDefinitionId\":\"8a877680-029f-4874-8948-cf83dd922258\"},{\"activityName\":\"事件结案\",\"activityNum\":5,\"activityType\":\"CloseActivity\",\"assigners\":\"e6g7b1e4-ecdb-4458-a926-7d85ffdeed7b\",\"enable\":1,\"failedRedirect\":\"4\",\"id\":\"6937d7db-8ad0-4485-b225-b7e799b9c599\",\"properties\":\"{\\\"maxLevel\\\":3,\\\"level\\\":3}\",\"successfulRedirect\":\"6\",\"workflowDefinitionId\":\"8a877680-029f-4874-8948-cf83dd922258\"},{\"activityName\":\"事件上报\",\"activityNum\":1,\"activityType\":\"ReportActivity\",\"enable\":1,\"id\":\"83967503-8763-4026-9b01-78ad6a8415ac\",\"properties\":\"{\\\"maxLevel\\\":3}\",\"successfulRedirect\":\"2\",\"workflowDefinitionId\":\"8a877680-029f-4874-8948-cf83dd922258\"},{\"activityName\":\"事件审核\",\"activityNum\":3,\"activityType\":\"AuditActivity\",\"assigners\":\"e6g7bee4-2cdb-4458-a926-7d85ffdeed7b\",\"enable\":1,\"failedRedirect\":\"2\",\"id\":\"8f892b63-8002-425e-81d7-6ba093e270f2\",\"properties\":\"{\\\"maxLevel\\\":3,\\\"level\\\":2}\",\"successfulRedirect\":\"4\",\"workflowDefinitionId\":\"8a877680-029f-4874-8948-cf83dd922258\"},{\"activityName\":\"事件整改\",\"activityNum\":7,\"activityType\":\"ReformActivity\",\"enable\":1,\"id\":\"952f2412-23e4-4795-9680-e601e3f31651\",\"properties\":\"{\\\"maxLevel\\\":3,\\\"level\\\":3}\",\"successfulRedirect\":\"8\",\"workflowDefinitionId\":\"8a877680-029f-4874-8948-cf83dd922258\"},{\"activityName\":\"事件审核\",\"activityNum\":4,\"activityType\":\"AuditActivity\",\"assigners\":\"e6g7bee4-3cdb-4458-a926-7d85ffdeed7b\",\"enable\":1,\"failedRedirect\":\"3\",\"id\":\"f562af20-a81f-4c30-9dfd-92acf31a0fec\",\"properties\":\"{\\\"maxLevel\\\":3,\\\"level\\\":3}\",\"successfulRedirect\":\"5\",\"workflowDefinitionId\":\"8a877680-029f-4874-8948-cf83dd922258\"},{\"activityName\":\"流程开始\",\"activityNum\":0,\"activityType\":\"StartActivity\",\"enable\":1,\"id\":\"fd071b3c-79db-42dd-a759-39084aac55af\",\"properties\":\"{\\\"maxLevel\\\":3}\",\"successfulRedirect\":\"2\",\"workflowDefinitionId\":\"8a877680-029f-4874-8948-cf83dd922258\"}]}}', '2019-05-24 18:04:51', '2019-05-24 18:06:14'), ('672c1e2086874d9093fd103f779fe4ae', '{\"completed\":false,\"currentActivity\":{\"name\":\"CloseActivity\",\"properties\":{\"failedRedirect\":\"3\",\"workflowDefinitionId\":\"c9acead0-82dc-4564-bf45-3f13147b35db\",\"activityNum\":4,\"enable\":1,\"activityName\":\"事件结案\",\"assigners\":\"e6g7b2e4-ecdb-4458-a926-7d85ffdeed7b\",\"id\":\"b50e63ce-da0e-4c39-b0e3-049ef29d8fcc\",\"successfulRedirect\":\"5\",\"activityType\":\"CloseActivity\",\"properties\":\"{\\\"maxLevel\\\":2,\\\"level\\\":2}\"}},\"currentTaskCompleted\":false,\"definitionId\":\"c9acead0-82dc-4564-bf45-3f13147b35db\",\"itemId\":\"672c1e2086874d9093fd103f779fe4ae\",\"properties\":{\"currentActivityName\":\"CloseActivity\"},\"taskId\":\"bdab0cbc-51e1-4f50-b457-d1b69130f634\",\"taskRunning\":true,\"taskSerialId\":\"ec2fd9b0-72a2-455b-804e-a628cad8c14c\",\"workflowDefinition\":{\"enable\":1,\"eventType\":\"087e0bab-76f4-11e9-8482-00505684f8da\",\"id\":\"c9acead0-82dc-4564-bf45-3f13147b35db\",\"name\":\"流程事件测试2\",\"reviewLevelCount\":2,\"workflowDefinitionActivities\":[{\"activityName\":\"事件审核\",\"activityNum\":3,\"activityType\":\"AuditActivity\",\"assigners\":\"e6g7bee4-2cdb-4458-a926-7d85ffdeed7b\",\"enable\":1,\"failedRedirect\":\"2\",\"id\":\"0261be84-1695-4ae9-945c-48325a755160\",\"properties\":\"{\\\"maxLevel\\\":2,\\\"level\\\":2}\",\"successfulRedirect\":\"4\",\"workflowDefinitionId\":\"c9acead0-82dc-4564-bf45-3f13147b35db\"},{\"activityName\":\"事件上报\",\"activityNum\":1,\"activityType\":\"ReportActivity\",\"enable\":1,\"id\":\"1cfbed7d-26d3-4203-b4c9-72a1d99719f0\",\"properties\":\"{\\\"maxLevel\\\":2}\",\"successfulRedirect\":\"2\",\"workflowDefinitionId\":\"c9acead0-82dc-4564-bf45-3f13147b35db\"},{\"activityName\":\"事件追踪\",\"activityNum\":5,\"activityType\":\"TraceActivity\",\"assigners\":\"e6g71ee4-ecdb-4458-a926-7d85ffdeed7b\",\"enable\":1,\"id\":\"2dcb2f4b-7fc3-42cf-87fe-732145968491\",\"properties\":\"{\\\"maxLevel\\\":2,\\\"level\\\":2}\",\"successfulRedirect\":\"6\",\"workflowDefinitionId\":\"c9acead0-82dc-4564-bf45-3f13147b35db\"},{\"activityName\":\"流程结束\",\"activityNum\":8,\"activityType\":\"EndActivity\",\"enable\":1,\"id\":\"2f24f2ce-de8e-4489-9acc-ac5f5df63ca7\",\"properties\":\"{\\\"maxLevel\\\":2,\\\"level\\\":2}\",\"workflowDefinitionId\":\"c9acead0-82dc-4564-bf45-3f13147b35db\"},{\"activityName\":\"流程开始\",\"activityNum\":0,\"activityType\":\"StartActivity\",\"enable\":1,\"id\":\"363f0031-84c5-4d2a-adc2-669b1652830d\",\"properties\":\"{\\\"maxLevel\\\":2}\",\"successfulRedirect\":\"2\",\"workflowDefinitionId\":\"c9acead0-82dc-4564-bf45-3f13147b35db\"},{\"activityName\":\"整改审核\",\"activityNum\":7,\"activityType\":\"ReformAuditActivity\",\"enable\":1,\"failedRedirect\":\"6\",\"id\":\"5838ebf5-7703-438d-a8b4-78e687e6ef72\",\"properties\":\"{\\\"maxLevel\\\":2,\\\"level\\\":2}\",\"successfulRedirect\":\"8\",\"workflowDefinitionId\":\"c9acead0-82dc-4564-bf45-3f13147b35db\"},{\"activityName\":\"事件审核\",\"activityNum\":2,\"activityType\":\"AuditActivity\",\"assigners\":\"e6g7bee4-1cdb-4458-a926-7d85ffdeed7b\",\"enable\":1,\"failedRedirect\":\"1\",\"id\":\"9dace259-5e79-45f0-9c59-7f07ac2a1580\",\"properties\":\"{\\\"maxLevel\\\":2,\\\"level\\\":1}\",\"successfulRedirect\":\"3\",\"workflowDefinitionId\":\"c9acead0-82dc-4564-bf45-3f13147b35db\"},{\"activityName\":\"事件整改\",\"activityNum\":6,\"activityType\":\"ReformActivity\",\"enable\":1,\"id\":\"a7039573-21cf-4f4b-9a94-69b0a7c8a2da\",\"properties\":\"{\\\"maxLevel\\\":2,\\\"level\\\":2}\",\"successfulRedirect\":\"7\",\"workflowDefinitionId\":\"c9acead0-82dc-4564-bf45-3f13147b35db\"},{\"activityName\":\"事件结案\",\"activityNum\":4,\"activityType\":\"CloseActivity\",\"assigners\":\"e6g7b2e4-ecdb-4458-a926-7d85ffdeed7b\",\"enable\":1,\"failedRedirect\":\"3\",\"id\":\"b50e63ce-da0e-4c39-b0e3-049ef29d8fcc\",\"properties\":\"{\\\"maxLevel\\\":2,\\\"level\\\":2}\",\"successfulRedirect\":\"5\",\"workflowDefinitionId\":\"c9acead0-82dc-4564-bf45-3f13147b35db\"}]}}', '2019-05-24 11:11:51', '2019-05-24 11:13:19'), ('68c6d6910aa445dfb679875c9fec1a17', '{\"completed\":false,\"currentActivity\":{\"name\":\"AuditActivity\",\"properties\":{\"failedRedirect\":\"1\",\"workflowDefinitionId\":\"626d0e16-270b-486a-99e6-bf4bf3908d5d\",\"activityNum\":2,\"enable\":1,\"activityName\":\"事件审核\",\"assigners\":\"e6g7bee4-1cdb-4458-a926-7d85ffdeed7b\",\"id\":\"c19512c9-d706-4d52-aab3-41414f03b15f\",\"successfulRedirect\":\"3\",\"activityType\":\"AuditActivity\",\"properties\":\"{\\\"maxLevel\\\":1,\\\"level\\\":1}\"}},\"currentTaskCompleted\":false,\"definitionId\":\"626d0e16-270b-486a-99e6-bf4bf3908d5d\",\"itemId\":\"68c6d6910aa445dfb679875c9fec1a17\",\"properties\":{\"currentActivityName\":\"AuditActivity\"},\"taskRunning\":true,\"taskSerialId\":\"eb8329d9-0a4b-4f8d-ab09-7197c2648c09\",\"workflowDefinition\":{\"enable\":1,\"eventType\":\"4bc9ad82-76f2-11e9-8482-00505684f8da\",\"id\":\"626d0e16-270b-486a-99e6-bf4bf3908d5d\",\"name\":\"Q一级事件流程（新）\",\"reviewLevelCount\":1,\"workflowDefinitionActivities\":[{\"activityName\":\"事件整改\",\"activityNum\":5,\"activityType\":\"ReformActivity\",\"enable\":1,\"id\":\"320470d3-ff01-4a45-b725-e34e36b2a6b5\",\"properties\":\"{\\\"maxLevel\\\":1,\\\"level\\\":1}\",\"successfulRedirect\":\"6\",\"workflowDefinitionId\":\"626d0e16-270b-486a-99e6-bf4bf3908d5d\"},{\"activityName\":\"事件追踪\",\"activityNum\":4,\"activityType\":\"TraceActivity\",\"assigners\":\"e6g71ee4-ecdb-4458-a926-7d85ffdeed7b\",\"enable\":1,\"id\":\"453a9a91-cc18-44e0-824e-4a4eb4392e46\",\"properties\":\"{\\\"maxLevel\\\":1,\\\"level\\\":1}\",\"successfulRedirect\":\"5\",\"workflowDefinitionId\":\"626d0e16-270b-486a-99e6-bf4bf3908d5d\"},{\"activityName\":\"整改审核\",\"activityNum\":6,\"activityType\":\"ReformAuditActivity\",\"enable\":1,\"failedRedirect\":\"5\",\"id\":\"52c572e2-b543-4545-ae6f-0eab56bee398\",\"properties\":\"{\\\"maxLevel\\\":1,\\\"level\\\":1}\",\"successfulRedirect\":\"7\",\"workflowDefinitionId\":\"626d0e16-270b-486a-99e6-bf4bf3908d5d\"},{\"activityName\":\"流程结束\",\"activityNum\":7,\"activityType\":\"EndActivity\",\"enable\":1,\"id\":\"743630a8-1cbb-4142-8afd-9bdbdbd2277b\",\"properties\":\"{\\\"maxLevel\\\":1,\\\"level\\\":1}\",\"workflowDefinitionId\":\"626d0e16-270b-486a-99e6-bf4bf3908d5d\"},{\"activityName\":\"事件审核\",\"activityNum\":2,\"activityType\":\"AuditActivity\",\"assigners\":\"e6g7bee4-1cdb-4458-a926-7d85ffdeed7b\",\"enable\":1,\"failedRedirect\":\"1\",\"id\":\"c19512c9-d706-4d52-aab3-41414f03b15f\",\"properties\":\"{\\\"maxLevel\\\":1,\\\"level\\\":1}\",\"successfulRedirect\":\"3\",\"workflowDefinitionId\":\"626d0e16-270b-486a-99e6-bf4bf3908d5d\"},{\"activityName\":\"事件结案\",\"activityNum\":3,\"activityType\":\"CloseActivity\",\"assigners\":\"e6g7b1e4-ecdb-4458-a926-7d85ffdeed7b\",\"enable\":1,\"failedRedirect\":\"2\",\"id\":\"cec2c167-3666-4a91-8f87-ad0e85b8f44a\",\"properties\":\"{\\\"maxLevel\\\":1,\\\"level\\\":1}\",\"successfulRedirect\":\"4\",\"workflowDefinitionId\":\"626d0e16-270b-486a-99e6-bf4bf3908d5d\"},{\"activityName\":\"事件上报\",\"activityNum\":1,\"activityType\":\"ReportActivity\",\"enable\":1,\"id\":\"d71be7ee-6847-4c01-82c2-a39388cfbbfa\",\"properties\":\"{\\\"maxLevel\\\":1}\",\"successfulRedirect\":\"2\",\"workflowDefinitionId\":\"626d0e16-270b-486a-99e6-bf4bf3908d5d\"},{\"activityName\":\"流程开始\",\"activityNum\":0,\"activityType\":\"StartActivity\",\"enable\":1,\"id\":\"ddb211be-35af-4b67-bce4-37d413751846\",\"properties\":\"{\\\"maxLevel\\\":1}\",\"successfulRedirect\":\"2\",\"workflowDefinitionId\":\"626d0e16-270b-486a-99e6-bf4bf3908d5d\"}]}}', '2019-05-27 15:23:26', '2019-05-27 15:23:26'), ('75af1a23d1ac42ef97d05ac6b72106ec', '{\"completed\":true,\"currentActivity\":{\"name\":\"EndActivity\",\"properties\":{\"workflowDefinitionId\":\"c4c9a01d-c59e-400b-9d42-03bbeb5ad8c3\",\"activityNum\":8,\"enable\":1,\"activityName\":\"流程结束\",\"id\":\"d84fbc0b-925d-45fe-a037-485ff21afa64\",\"activityType\":\"EndActivity\",\"properties\":\"{\\\"maxLevel\\\":2,\\\"level\\\":2}\"}},\"currentTaskCompleted\":true,\"definitionId\":\"c4c9a01d-c59e-400b-9d42-03bbeb5ad8c3\",\"itemId\":\"75af1a23d1ac42ef97d05ac6b72106ec\",\"properties\":{\"currentActivityName\":\"EndActivity\"},\"taskId\":\"9d01d829-c438-4d4c-80e3-3577ca783cae\",\"taskRunning\":false,\"taskSerialId\":\"1d79c2b0-4d44-40aa-9d04-b4c2140906af\",\"workflowDefinition\":{\"enable\":1,\"eventType\":\"4bcfd70c-76f2-11e9-8482-00505684f8da\",\"id\":\"c4c9a01d-c59e-400b-9d42-03bbeb5ad8c3\",\"name\":\"Q二级事件流程（新）\",\"reviewLevelCount\":2,\"workflowDefinitionActivities\":[{\"activityName\":\"整改审核\",\"activityNum\":7,\"activityType\":\"ReformAuditActivity\",\"enable\":1,\"failedRedirect\":\"6\",\"id\":\"0b60e611-2586-4043-b49b-e9a5979d4f30\",\"properties\":\"{\\\"maxLevel\\\":2,\\\"level\\\":2}\",\"successfulRedirect\":\"8\",\"workflowDefinitionId\":\"c4c9a01d-c59e-400b-9d42-03bbeb5ad8c3\"},{\"activityName\":\"事件整改\",\"activityNum\":6,\"activityType\":\"ReformActivity\",\"enable\":1,\"id\":\"509f16de-d65d-4bbd-a459-c033b327dc1a\",\"properties\":\"{\\\"maxLevel\\\":2,\\\"level\\\":2}\",\"successfulRedirect\":\"7\",\"workflowDefinitionId\":\"c4c9a01d-c59e-400b-9d42-03bbeb5ad8c3\"},{\"activityName\":\"事件追踪\",\"activityNum\":5,\"activityType\":\"TraceActivity\",\"assigners\":\"e6g71ee4-ecdb-4458-a926-7d85ffdeed7b\",\"enable\":1,\"id\":\"571efa49-442a-4185-8dff-d9bd4fb054d3\",\"properties\":\"{\\\"maxLevel\\\":2,\\\"level\\\":2}\",\"successfulRedirect\":\"6\",\"workflowDefinitionId\":\"c4c9a01d-c59e-400b-9d42-03bbeb5ad8c3\"},{\"activityName\":\"流程开始\",\"activityNum\":0,\"activityType\":\"StartActivity\",\"enable\":1,\"id\":\"a99250cd-7b9d-4fc9-9098-8b92956e94bb\",\"properties\":\"{\\\"maxLevel\\\":2}\",\"successfulRedirect\":\"2\",\"workflowDefinitionId\":\"c4c9a01d-c59e-400b-9d42-03bbeb5ad8c3\"},{\"activityName\":\"事件审核\",\"activityNum\":3,\"activityType\":\"AuditActivity\",\"assigners\":\"e6g7bee4-2cdb-4458-a926-7d85ffdeed7b\",\"enable\":1,\"failedRedirect\":\"2\",\"id\":\"d2845e9b-b0e2-41f9-86b9-6b7bac31c25a\",\"properties\":\"{\\\"maxLevel\\\":2,\\\"level\\\":2}\",\"successfulRedirect\":\"4\",\"workflowDefinitionId\":\"c4c9a01d-c59e-400b-9d42-03bbeb5ad8c3\"},{\"activityName\":\"事件上报\",\"activityNum\":1,\"activityType\":\"ReportActivity\",\"enable\":1,\"id\":\"d4a3ac09-ef85-4938-9705-5bba9b35c7db\",\"properties\":\"{\\\"maxLevel\\\":2}\",\"successfulRedirect\":\"2\",\"workflowDefinitionId\":\"c4c9a01d-c59e-400b-9d42-03bbeb5ad8c3\"},{\"activityName\":\"流程结束\",\"activityNum\":8,\"activityType\":\"EndActivity\",\"enable\":1,\"id\":\"d84fbc0b-925d-45fe-a037-485ff21afa64\",\"properties\":\"{\\\"maxLevel\\\":2,\\\"level\\\":2}\",\"workflowDefinitionId\":\"c4c9a01d-c59e-400b-9d42-03bbeb5ad8c3\"},{\"activityName\":\"事件结案\",\"activityNum\":4,\"activityType\":\"CloseActivity\",\"assigners\":\"e6g7b1e4-ecdb-4458-a926-7d85ffdeed7b\",\"enable\":1,\"failedRedirect\":\"3\",\"id\":\"e7865aca-ffb4-4dc7-a2cd-e9900a8fdf72\",\"properties\":\"{\\\"maxLevel\\\":2,\\\"level\\\":2}\",\"successfulRedirect\":\"5\",\"workflowDefinitionId\":\"c4c9a01d-c59e-400b-9d42-03bbeb5ad8c3\"},{\"activityName\":\"事件审核\",\"activityNum\":2,\"activityType\":\"AuditActivity\",\"assigners\":\"e6g7bee4-1cdb-4458-a926-7d85ffdeed7b\",\"enable\":1,\"failedRedirect\":\"1\",\"id\":\"eddcf8fb-b4e3-4eac-884c-33d8b063afb2\",\"properties\":\"{\\\"maxLevel\\\":2,\\\"level\\\":1}\",\"successfulRedirect\":\"3\",\"workflowDefinitionId\":\"c4c9a01d-c59e-400b-9d42-03bbeb5ad8c3\"}]}}', '2019-05-24 18:00:49', '2019-05-24 20:08:32'), ('77bb4aa387ca423e8705db2d211ce742', '{\"completed\":false,\"currentActivity\":{\"name\":\"AuditActivity\",\"properties\":{\"failedRedirect\":\"2\",\"workflowDefinitionId\":\"c9acead0-82dc-4564-bf45-3f13147b35db\",\"activityNum\":3,\"enable\":1,\"activityName\":\"事件审核\",\"assigners\":\"e6g7bee4-2cdb-4458-a926-7d85ffdeed7b\",\"id\":\"8edaa460-9012-4288-8467-660be84fb0bf\",\"successfulRedirect\":\"4\",\"activityType\":\"AuditActivity\",\"properties\":\"{\\\"maxLevel\\\":2,\\\"level\\\":2}\"}},\"currentTaskCompleted\":false,\"definitionId\":\"c9acead0-82dc-4564-bf45-3f13147b35db\",\"itemId\":\"77bb4aa387ca423e8705db2d211ce742\",\"properties\":{\"currentActivityName\":\"AuditActivity\"},\"taskId\":\"09a7a4c9-a0c9-4be7-aee0-ac90e6890000\",\"taskRunning\":true,\"taskSerialId\":\"3bdb6242-3e31-404d-9b95-03c40a16d1ff\",\"workflowDefinition\":{\"enable\":1,\"eventType\":\"087e0bab-76f4-11e9-8482-00505684f8da\",\"id\":\"c9acead0-82dc-4564-bf45-3f13147b35db\",\"name\":\"流程事件测试2\",\"reviewLevelCount\":2,\"workflowDefinitionActivities\":[{\"activityName\":\"事件整改\",\"activityNum\":6,\"activityType\":\"ReformActivity\",\"enable\":1,\"id\":\"126673cc-bb9d-4a62-87df-0dc83fb83cae\",\"properties\":\"{\\\"maxLevel\\\":2,\\\"level\\\":2}\",\"successfulRedirect\":\"7\",\"workflowDefinitionId\":\"c9acead0-82dc-4564-bf45-3f13147b35db\"},{\"activityName\":\"事件上报\",\"activityNum\":1,\"activityType\":\"ReportActivity\",\"enable\":1,\"id\":\"1bd5f3c5-8e2e-48d7-abe7-38ffb9fe0b8d\",\"properties\":\"{\\\"maxLevel\\\":2}\",\"successfulRedirect\":\"2\",\"workflowDefinitionId\":\"c9acead0-82dc-4564-bf45-3f13147b35db\"},{\"activityName\":\"流程结束\",\"activityNum\":8,\"activityType\":\"EndActivity\",\"enable\":1,\"id\":\"565c76a4-1fa7-48e5-98c7-ca138ab06cad\",\"properties\":\"{\\\"maxLevel\\\":2,\\\"level\\\":2}\",\"workflowDefinitionId\":\"c9acead0-82dc-4564-bf45-3f13147b35db\"},{\"activityName\":\"事件审核\",\"activityNum\":2,\"activityType\":\"AuditActivity\",\"assigners\":\"e6g7bee4-2cdb-4458-a926-7d85ffdeed7b\",\"enable\":1,\"failedRedirect\":\"1\",\"id\":\"5b9d655b-b9e4-4df5-88e4-38283f72a80c\",\"properties\":\"{\\\"maxLevel\\\":2,\\\"level\\\":1}\",\"successfulRedirect\":\"3\",\"workflowDefinitionId\":\"c9acead0-82dc-4564-bf45-3f13147b35db\"},{\"activityName\":\"整改审核\",\"activityNum\":7,\"activityType\":\"ReformAuditActivity\",\"enable\":1,\"failedRedirect\":\"6\",\"id\":\"62fc30fb-d1f9-48d8-ae80-f8bd37017b22\",\"properties\":\"{\\\"maxLevel\\\":2,\\\"level\\\":2}\",\"successfulRedirect\":\"8\",\"workflowDefinitionId\":\"c9acead0-82dc-4564-bf45-3f13147b35db\"},{\"activityName\":\"事件结案\",\"activityNum\":4,\"activityType\":\"CloseActivity\",\"assigners\":\"e6g7b2e4-ecdb-4458-a926-7d85ffdeed7b\",\"enable\":1,\"failedRedirect\":\"3\",\"id\":\"71f9a5f2-d70c-4cdf-b9b2-77f92701bc45\",\"properties\":\"{\\\"maxLevel\\\":2,\\\"level\\\":2}\",\"successfulRedirect\":\"5\",\"workflowDefinitionId\":\"c9acead0-82dc-4564-bf45-3f13147b35db\"},{\"activityName\":\"事件审核\",\"activityNum\":3,\"activityType\":\"AuditActivity\",\"assigners\":\"e6g7bee4-2cdb-4458-a926-7d85ffdeed7b\",\"enable\":1,\"failedRedirect\":\"2\",\"id\":\"8edaa460-9012-4288-8467-660be84fb0bf\",\"properties\":\"{\\\"maxLevel\\\":2,\\\"level\\\":2}\",\"successfulRedirect\":\"4\",\"workflowDefinitionId\":\"c9acead0-82dc-4564-bf45-3f13147b35db\"},{\"activityName\":\"事件追踪\",\"activityNum\":5,\"activityType\":\"TraceActivity\",\"assigners\":\"e6g71ee4-ecdb-4458-a926-7d85ffdeed7b\",\"enable\":1,\"id\":\"a97c0530-bcc2-4fa1-a7dd-fae5bea10542\",\"properties\":\"{\\\"maxLevel\\\":2,\\\"level\\\":2}\",\"successfulRedirect\":\"6\",\"workflowDefinitionId\":\"c9acead0-82dc-4564-bf45-3f13147b35db\"},{\"activityName\":\"流程开始\",\"activityNum\":0,\"activityType\":\"StartActivity\",\"enable\":1,\"id\":\"e9abec8b-2e9f-4da9-9f6d-5fa8412a3bb0\",\"properties\":\"{\\\"maxLevel\\\":2}\",\"successfulRedirect\":\"2\",\"workflowDefinitionId\":\"c9acead0-82dc-4564-bf45-3f13147b35db\"}]}}', '2019-05-24 10:21:31', '2019-05-24 10:51:18'), ('7af783560f3547c1b075c1434612c416', '{\"completed\":false,\"currentActivity\":{\"name\":\"AuditActivity\",\"properties\":{\"failedRedirect\":\"1\",\"workflowDefinitionId\":\"626d0e16-270b-486a-99e6-bf4bf3908d5d\",\"activityNum\":2,\"enable\":1,\"activityName\":\"事件审核\",\"assigners\":\"e6g7bee4-1cdb-4458-a926-7d85ffdeed7b\",\"id\":\"c19512c9-d706-4d52-aab3-41414f03b15f\",\"successfulRedirect\":\"3\",\"activityType\":\"AuditActivity\",\"properties\":\"{\\\"maxLevel\\\":1,\\\"level\\\":1}\"}},\"currentTaskCompleted\":false,\"definitionId\":\"626d0e16-270b-486a-99e6-bf4bf3908d5d\",\"itemId\":\"7af783560f3547c1b075c1434612c416\",\"properties\":{\"currentActivityName\":\"AuditActivity\"},\"taskRunning\":true,\"taskSerialId\":\"ae327183-3cb1-462d-bd67-c4e8fdc45da5\",\"workflowDefinition\":{\"enable\":1,\"eventType\":\"4bc9ad82-76f2-11e9-8482-00505684f8da\",\"id\":\"626d0e16-270b-486a-99e6-bf4bf3908d5d\",\"name\":\"Q一级事件流程（新）\",\"reviewLevelCount\":1,\"workflowDefinitionActivities\":[{\"activityName\":\"事件整改\",\"activityNum\":5,\"activityType\":\"ReformActivity\",\"enable\":1,\"id\":\"320470d3-ff01-4a45-b725-e34e36b2a6b5\",\"properties\":\"{\\\"maxLevel\\\":1,\\\"level\\\":1}\",\"successfulRedirect\":\"6\",\"workflowDefinitionId\":\"626d0e16-270b-486a-99e6-bf4bf3908d5d\"},{\"activityName\":\"事件追踪\",\"activityNum\":4,\"activityType\":\"TraceActivity\",\"assigners\":\"e6g71ee4-ecdb-4458-a926-7d85ffdeed7b\",\"enable\":1,\"id\":\"453a9a91-cc18-44e0-824e-4a4eb4392e46\",\"properties\":\"{\\\"maxLevel\\\":1,\\\"level\\\":1}\",\"successfulRedirect\":\"5\",\"workflowDefinitionId\":\"626d0e16-270b-486a-99e6-bf4bf3908d5d\"},{\"activityName\":\"整改审核\",\"activityNum\":6,\"activityType\":\"ReformAuditActivity\",\"enable\":1,\"failedRedirect\":\"5\",\"id\":\"52c572e2-b543-4545-ae6f-0eab56bee398\",\"properties\":\"{\\\"maxLevel\\\":1,\\\"level\\\":1}\",\"successfulRedirect\":\"7\",\"workflowDefinitionId\":\"626d0e16-270b-486a-99e6-bf4bf3908d5d\"},{\"activityName\":\"流程结束\",\"activityNum\":7,\"activityType\":\"EndActivity\",\"enable\":1,\"id\":\"743630a8-1cbb-4142-8afd-9bdbdbd2277b\",\"properties\":\"{\\\"maxLevel\\\":1,\\\"level\\\":1}\",\"workflowDefinitionId\":\"626d0e16-270b-486a-99e6-bf4bf3908d5d\"},{\"activityName\":\"事件审核\",\"activityNum\":2,\"activityType\":\"AuditActivity\",\"assigners\":\"e6g7bee4-1cdb-4458-a926-7d85ffdeed7b\",\"enable\":1,\"failedRedirect\":\"1\",\"id\":\"c19512c9-d706-4d52-aab3-41414f03b15f\",\"properties\":\"{\\\"maxLevel\\\":1,\\\"level\\\":1}\",\"successfulRedirect\":\"3\",\"workflowDefinitionId\":\"626d0e16-270b-486a-99e6-bf4bf3908d5d\"},{\"activityName\":\"事件结案\",\"activityNum\":3,\"activityType\":\"CloseActivity\",\"assigners\":\"e6g7b1e4-ecdb-4458-a926-7d85ffdeed7b\",\"enable\":1,\"failedRedirect\":\"2\",\"id\":\"cec2c167-3666-4a91-8f87-ad0e85b8f44a\",\"properties\":\"{\\\"maxLevel\\\":1,\\\"level\\\":1}\",\"successfulRedirect\":\"4\",\"workflowDefinitionId\":\"626d0e16-270b-486a-99e6-bf4bf3908d5d\"},{\"activityName\":\"事件上报\",\"activityNum\":1,\"activityType\":\"ReportActivity\",\"enable\":1,\"id\":\"d71be7ee-6847-4c01-82c2-a39388cfbbfa\",\"properties\":\"{\\\"maxLevel\\\":1}\",\"successfulRedirect\":\"2\",\"workflowDefinitionId\":\"626d0e16-270b-486a-99e6-bf4bf3908d5d\"},{\"activityName\":\"流程开始\",\"activityNum\":0,\"activityType\":\"StartActivity\",\"enable\":1,\"id\":\"ddb211be-35af-4b67-bce4-37d413751846\",\"properties\":\"{\\\"maxLevel\\\":1}\",\"successfulRedirect\":\"2\",\"workflowDefinitionId\":\"626d0e16-270b-486a-99e6-bf4bf3908d5d\"}]}}', '2019-05-27 15:21:46', '2019-05-27 15:21:46'), ('7d64c53f7a1a437c94bdb3f659a3f17c', '{\"completed\":false,\"currentActivity\":{\"name\":\"ReformAuditActivity\",\"properties\":{\"failedRedirect\":\"5\",\"workflowDefinitionId\":\"b12fd71b-0b22-4c93-a16d-e5f20cf26a59\",\"activityNum\":6,\"enable\":1,\"activityName\":\"整改审核\",\"id\":\"e6565d31-3462-4b26-9545-3503871978a8\",\"successfulRedirect\":\"7\",\"activityType\":\"ReformAuditActivity\",\"properties\":\"{\\\"maxLevel\\\":1,\\\"level\\\":1}\"}},\"currentTaskCompleted\":false,\"definitionId\":\"b12fd71b-0b22-4c93-a16d-e5f20cf26a59\",\"itemId\":\"7d64c53f7a1a437c94bdb3f659a3f17c\",\"properties\":{\"currentActivityName\":\"ReformAuditActivity\"},\"taskId\":\"f8a7bb7d-54f3-4112-9f3f-9c1461594d8a\",\"taskRunning\":true,\"taskSerialId\":\"05b54453-c39c-4e4f-9bb9-eeccdd305c56\",\"workflowDefinition\":{\"enable\":1,\"eventType\":\"086ebee8-76f4-11e9-8482-00505684f8da\",\"id\":\"b12fd71b-0b22-4c93-a16d-e5f20cf26a59\",\"name\":\"流程事件测试1\",\"reviewLevelCount\":1,\"workflowDefinitionActivities\":[{\"activityName\":\"事件结案\",\"activityNum\":3,\"activityType\":\"CloseActivity\",\"assigners\":\"e6g7b1e4-ecdb-4458-a926-7d85ffdeed7b\",\"enable\":1,\"failedRedirect\":\"2\",\"id\":\"166de8f5-3ec1-490d-a995-76e3b5b2645d\",\"properties\":\"{\\\"maxLevel\\\":1,\\\"level\\\":1}\",\"successfulRedirect\":\"4\",\"workflowDefinitionId\":\"b12fd71b-0b22-4c93-a16d-e5f20cf26a59\"},{\"activityName\":\"事件整改\",\"activityNum\":5,\"activityType\":\"ReformActivity\",\"enable\":1,\"id\":\"33ea26d9-964a-4202-9dd7-354f7b9ef7e6\",\"properties\":\"{\\\"maxLevel\\\":1,\\\"level\\\":1}\",\"successfulRedirect\":\"6\",\"workflowDefinitionId\":\"b12fd71b-0b22-4c93-a16d-e5f20cf26a59\"},{\"activityName\":\"流程开始\",\"activityNum\":0,\"activityType\":\"StartActivity\",\"enable\":1,\"id\":\"43014129-4f88-444b-9b1d-17f81060c3d7\",\"properties\":\"{\\\"maxLevel\\\":1}\",\"successfulRedirect\":\"2\",\"workflowDefinitionId\":\"b12fd71b-0b22-4c93-a16d-e5f20cf26a59\"},{\"activityName\":\"流程结束\",\"activityNum\":7,\"activityType\":\"EndActivity\",\"enable\":1,\"id\":\"55acfbea-6afc-4269-863a-a8e182320f27\",\"properties\":\"{\\\"maxLevel\\\":1,\\\"level\\\":1}\",\"workflowDefinitionId\":\"b12fd71b-0b22-4c93-a16d-e5f20cf26a59\"},{\"activityName\":\"事件上报\",\"activityNum\":1,\"activityType\":\"ReportActivity\",\"enable\":1,\"id\":\"63f12b09-a253-4d63-8d97-ad19dd9bdbed\",\"properties\":\"{\\\"maxLevel\\\":1}\",\"successfulRedirect\":\"2\",\"workflowDefinitionId\":\"b12fd71b-0b22-4c93-a16d-e5f20cf26a59\"},{\"activityName\":\"事件审核\",\"activityNum\":2,\"activityType\":\"AuditActivity\",\"assigners\":\"e6g7bee4-1cdb-4458-a926-7d85ffdeed7b\",\"enable\":1,\"failedRedirect\":\"1\",\"id\":\"8bd18945-0646-49f2-a032-e2203036ec20\",\"properties\":\"{\\\"maxLevel\\\":1,\\\"level\\\":1}\",\"successfulRedirect\":\"3\",\"workflowDefinitionId\":\"b12fd71b-0b22-4c93-a16d-e5f20cf26a59\"},{\"activityName\":\"事件追踪\",\"activityNum\":4,\"activityType\":\"TraceActivity\",\"assigners\":\"e6g71ee4-ecdb-4458-a926-7d85ffdeed7b\",\"enable\":1,\"id\":\"ba61d152-0540-45ef-af6c-f054184843b8\",\"properties\":\"{\\\"maxLevel\\\":1,\\\"level\\\":1}\",\"successfulRedirect\":\"5\",\"workflowDefinitionId\":\"b12fd71b-0b22-4c93-a16d-e5f20cf26a59\"},{\"activityName\":\"整改审核\",\"activityNum\":6,\"activityType\":\"ReformAuditActivity\",\"enable\":1,\"failedRedirect\":\"5\",\"id\":\"e6565d31-3462-4b26-9545-3503871978a8\",\"properties\":\"{\\\"maxLevel\\\":1,\\\"level\\\":1}\",\"successfulRedirect\":\"7\",\"workflowDefinitionId\":\"b12fd71b-0b22-4c93-a16d-e5f20cf26a59\"}]}}', '2019-05-24 10:19:03', '2019-05-24 10:37:34'), ('80f0aba63a1842d281748c3520f84cf4', '{\"completed\":false,\"currentActivity\":{\"name\":\"AuditActivity\",\"properties\":{\"failedRedirect\":\"1\",\"workflowDefinitionId\":\"6efde8c4-4e86-4031-969a-ac32d719715e\",\"activityNum\":2,\"enable\":1,\"activityName\":\"事件审核\",\"assigners\":\"e6g7bee4-3cdb-4458-a926-7d85ffdeed7b#e6g7bee4-4cdb-4458-a926-7d85ffdeed7b#e6g7bee4-5cdb-4458-a926-7d85ffdeed7b\",\"id\":\"2345e7c3-f395-49d1-9576-cef70ffddeca\",\"successfulRedirect\":\"3\",\"activityType\":\"AuditActivity\",\"properties\":\"{\\\"maxLevel\\\":3,\\\"level\\\":1}\"}},\"currentTaskCompleted\":false,\"definitionId\":\"6efde8c4-4e86-4031-969a-ac32d719715e\",\"itemId\":\"80f0aba63a1842d281748c3520f84cf4\",\"properties\":{\"currentActivityName\":\"AuditActivity\"},\"taskRunning\":true,\"taskSerialId\":\"c2eb662d-edaf-4ac3-bc4d-4c1b797441b8\",\"workflowDefinition\":{\"enable\":1,\"eventType\":\"0892e7b5-76f4-11e9-8482-00505684f8da\",\"id\":\"6efde8c4-4e86-4031-969a-ac32d719715e\",\"name\":\"流程事件测试3\",\"reviewLevelCount\":3,\"workflowDefinitionActivities\":[{\"activityName\":\"事件审核\",\"activityNum\":2,\"activityType\":\"AuditActivity\",\"assigners\":\"e6g7bee4-3cdb-4458-a926-7d85ffdeed7b#e6g7bee4-4cdb-4458-a926-7d85ffdeed7b#e6g7bee4-5cdb-4458-a926-7d85ffdeed7b\",\"enable\":1,\"failedRedirect\":\"1\",\"id\":\"2345e7c3-f395-49d1-9576-cef70ffddeca\",\"properties\":\"{\\\"maxLevel\\\":3,\\\"level\\\":1}\",\"successfulRedirect\":\"3\",\"workflowDefinitionId\":\"6efde8c4-4e86-4031-969a-ac32d719715e\"},{\"activityName\":\"事件审核\",\"activityNum\":4,\"activityType\":\"AuditActivity\",\"assigners\":\"e6g7bee4-3cdb-4458-a926-7d85ffdeed7b\",\"enable\":1,\"failedRedirect\":\"3\",\"id\":\"4535f19a-1c4a-42d3-81b3-5d5c765beab5\",\"properties\":\"{\\\"maxLevel\\\":3,\\\"level\\\":3}\",\"successfulRedirect\":\"5\",\"workflowDefinitionId\":\"6efde8c4-4e86-4031-969a-ac32d719715e\"},{\"activityName\":\"事件审核\",\"activityNum\":3,\"activityType\":\"AuditActivity\",\"assigners\":\"e6g7bee4-3cdb-4458-a926-7d85ffdeed7b\",\"enable\":1,\"failedRedirect\":\"2\",\"id\":\"7e86c0ba-0571-415e-8974-62248126ef34\",\"properties\":\"{\\\"maxLevel\\\":3,\\\"level\\\":2}\",\"successfulRedirect\":\"4\",\"workflowDefinitionId\":\"6efde8c4-4e86-4031-969a-ac32d719715e\"},{\"activityName\":\"事件整改\",\"activityNum\":7,\"activityType\":\"ReformActivity\",\"enable\":1,\"id\":\"88bcf0d2-c4ae-42b7-aef6-5cd80d76233e\",\"properties\":\"{\\\"maxLevel\\\":3,\\\"level\\\":3}\",\"successfulRedirect\":\"8\",\"workflowDefinitionId\":\"6efde8c4-4e86-4031-969a-ac32d719715e\"},{\"activityName\":\"事件追踪\",\"activityNum\":6,\"activityType\":\"TraceActivity\",\"assigners\":\"e6g71ee4-ecdb-4458-a926-7d85ffdeed7b\",\"enable\":1,\"id\":\"97071816-b319-4215-b1d2-da4c9d5873e6\",\"properties\":\"{\\\"maxLevel\\\":3,\\\"level\\\":3}\",\"successfulRedirect\":\"7\",\"workflowDefinitionId\":\"6efde8c4-4e86-4031-969a-ac32d719715e\"},{\"activityName\":\"流程开始\",\"activityNum\":0,\"activityType\":\"StartActivity\",\"enable\":1,\"id\":\"9c15ed04-b301-4425-a889-7ed65e6e76ec\",\"properties\":\"{\\\"maxLevel\\\":3}\",\"successfulRedirect\":\"2\",\"workflowDefinitionId\":\"6efde8c4-4e86-4031-969a-ac32d719715e\"},{\"activityName\":\"整改审核\",\"activityNum\":8,\"activityType\":\"ReformAuditActivity\",\"enable\":1,\"failedRedirect\":\"7\",\"id\":\"ae786fba-705e-4793-b778-6aab1bce6cf4\",\"properties\":\"{\\\"maxLevel\\\":3,\\\"level\\\":3}\",\"successfulRedirect\":\"9\",\"workflowDefinitionId\":\"6efde8c4-4e86-4031-969a-ac32d719715e\"},{\"activityName\":\"事件上报\",\"activityNum\":1,\"activityType\":\"ReportActivity\",\"enable\":1,\"id\":\"b9509547-7a44-4ad3-9a97-30a4cfa970c7\",\"properties\":\"{\\\"maxLevel\\\":3}\",\"successfulRedirect\":\"2\",\"workflowDefinitionId\":\"6efde8c4-4e86-4031-969a-ac32d719715e\"},{\"activityName\":\"事件结案\",\"activityNum\":5,\"activityType\":\"CloseActivity\",\"assigners\":\"e6g7b1e4-ecdb-4458-a926-7d85ffdeed7b\",\"enable\":1,\"failedRedirect\":\"4\",\"id\":\"f031b057-12db-47a3-8105-f58d8f4f4701\",\"properties\":\"{\\\"maxLevel\\\":3,\\\"level\\\":3}\",\"successfulRedirect\":\"6\",\"workflowDefinitionId\":\"6efde8c4-4e86-4031-969a-ac32d719715e\"},{\"activityName\":\"流程结束\",\"activityNum\":9,\"activityType\":\"EndActivity\",\"enable\":1,\"id\":\"f5359d90-7737-46fa-963a-321319c0c06c\",\"properties\":\"{\\\"maxLevel\\\":3,\\\"level\\\":3}\",\"workflowDefinitionId\":\"6efde8c4-4e86-4031-969a-ac32d719715e\"}]}}', '2019-05-24 10:48:35', '2019-05-24 10:48:36');
INSERT INTO `workflow_instance_storage` VALUES ('8448a85b3d214bcdafaefc2cc0ab1e1a', '{\"completed\":false,\"currentActivity\":{\"name\":\"ReportActivity\",\"properties\":{\"workflowDefinitionId\":\"626d0e16-270b-486a-99e6-bf4bf3908d5d\",\"activityNum\":1,\"enable\":1,\"activityName\":\"事件上报\",\"id\":\"d71be7ee-6847-4c01-82c2-a39388cfbbfa\",\"successfulRedirect\":\"2\",\"activityType\":\"ReportActivity\",\"properties\":\"{\\\"maxLevel\\\":1}\"}},\"currentTaskCompleted\":false,\"definitionId\":\"626d0e16-270b-486a-99e6-bf4bf3908d5d\",\"itemId\":\"8448a85b3d214bcdafaefc2cc0ab1e1a\",\"properties\":{\"currentActivityName\":\"ReportActivity\"},\"taskId\":\"ea061f02-e047-42c5-87a8-a993a423556a\",\"taskRunning\":true,\"taskSerialId\":\"81a3450d-00c7-4fde-b213-63053c0d29cf\",\"workflowDefinition\":{\"enable\":1,\"eventType\":\"4bc9ad82-76f2-11e9-8482-00505684f8da\",\"id\":\"626d0e16-270b-486a-99e6-bf4bf3908d5d\",\"name\":\"Q一级事件流程（新）\",\"reviewLevelCount\":1,\"workflowDefinitionActivities\":[{\"activityName\":\"事件整改\",\"activityNum\":5,\"activityType\":\"ReformActivity\",\"enable\":1,\"id\":\"320470d3-ff01-4a45-b725-e34e36b2a6b5\",\"properties\":\"{\\\"maxLevel\\\":1,\\\"level\\\":1}\",\"successfulRedirect\":\"6\",\"workflowDefinitionId\":\"626d0e16-270b-486a-99e6-bf4bf3908d5d\"},{\"activityName\":\"事件追踪\",\"activityNum\":4,\"activityType\":\"TraceActivity\",\"assigners\":\"e6g71ee4-ecdb-4458-a926-7d85ffdeed7b\",\"enable\":1,\"id\":\"453a9a91-cc18-44e0-824e-4a4eb4392e46\",\"properties\":\"{\\\"maxLevel\\\":1,\\\"level\\\":1}\",\"successfulRedirect\":\"5\",\"workflowDefinitionId\":\"626d0e16-270b-486a-99e6-bf4bf3908d5d\"},{\"activityName\":\"整改审核\",\"activityNum\":6,\"activityType\":\"ReformAuditActivity\",\"enable\":1,\"failedRedirect\":\"5\",\"id\":\"52c572e2-b543-4545-ae6f-0eab56bee398\",\"properties\":\"{\\\"maxLevel\\\":1,\\\"level\\\":1}\",\"successfulRedirect\":\"7\",\"workflowDefinitionId\":\"626d0e16-270b-486a-99e6-bf4bf3908d5d\"},{\"activityName\":\"流程结束\",\"activityNum\":7,\"activityType\":\"EndActivity\",\"enable\":1,\"id\":\"743630a8-1cbb-4142-8afd-9bdbdbd2277b\",\"properties\":\"{\\\"maxLevel\\\":1,\\\"level\\\":1}\",\"workflowDefinitionId\":\"626d0e16-270b-486a-99e6-bf4bf3908d5d\"},{\"activityName\":\"事件审核\",\"activityNum\":2,\"activityType\":\"AuditActivity\",\"assigners\":\"e6g7bee4-1cdb-4458-a926-7d85ffdeed7b\",\"enable\":1,\"failedRedirect\":\"1\",\"id\":\"c19512c9-d706-4d52-aab3-41414f03b15f\",\"properties\":\"{\\\"maxLevel\\\":1,\\\"level\\\":1}\",\"successfulRedirect\":\"3\",\"workflowDefinitionId\":\"626d0e16-270b-486a-99e6-bf4bf3908d5d\"},{\"activityName\":\"事件结案\",\"activityNum\":3,\"activityType\":\"CloseActivity\",\"assigners\":\"e6g7b1e4-ecdb-4458-a926-7d85ffdeed7b\",\"enable\":1,\"failedRedirect\":\"2\",\"id\":\"cec2c167-3666-4a91-8f87-ad0e85b8f44a\",\"properties\":\"{\\\"maxLevel\\\":1,\\\"level\\\":1}\",\"successfulRedirect\":\"4\",\"workflowDefinitionId\":\"626d0e16-270b-486a-99e6-bf4bf3908d5d\"},{\"activityName\":\"事件上报\",\"activityNum\":1,\"activityType\":\"ReportActivity\",\"enable\":1,\"id\":\"d71be7ee-6847-4c01-82c2-a39388cfbbfa\",\"properties\":\"{\\\"maxLevel\\\":1}\",\"successfulRedirect\":\"2\",\"workflowDefinitionId\":\"626d0e16-270b-486a-99e6-bf4bf3908d5d\"},{\"activityName\":\"流程开始\",\"activityNum\":0,\"activityType\":\"StartActivity\",\"enable\":1,\"id\":\"ddb211be-35af-4b67-bce4-37d413751846\",\"properties\":\"{\\\"maxLevel\\\":1}\",\"successfulRedirect\":\"2\",\"workflowDefinitionId\":\"626d0e16-270b-486a-99e6-bf4bf3908d5d\"}]}}', '2019-05-24 16:06:01', '2019-05-24 16:07:07'), ('8709a133eaa749448bd78745adae4254', '{\"completed\":true,\"currentActivity\":{\"name\":\"EndActivity\",\"properties\":{\"workflowDefinitionId\":\"6efde8c4-4e86-4031-969a-ac32d719715e\",\"activityNum\":9,\"enable\":1,\"activityName\":\"流程结束\",\"id\":\"a1bc48f4-488d-4242-9a74-7751914935fe\",\"activityType\":\"EndActivity\",\"properties\":\"{\\\"maxLevel\\\":3,\\\"level\\\":3}\"}},\"currentTaskCompleted\":true,\"definitionId\":\"6efde8c4-4e86-4031-969a-ac32d719715e\",\"itemId\":\"8709a133eaa749448bd78745adae4254\",\"properties\":{\"currentActivityName\":\"EndActivity\"},\"taskId\":\"5ac5a502-a373-4c21-b99d-7b13dee758dd\",\"taskRunning\":false,\"taskSerialId\":\"2185c6fd-6d37-4ffa-ac2f-98a672aa035e\",\"workflowDefinition\":{\"enable\":1,\"eventType\":\"0892e7b5-76f4-11e9-8482-00505684f8da\",\"id\":\"6efde8c4-4e86-4031-969a-ac32d719715e\",\"name\":\"流程事件测试3\",\"reviewLevelCount\":3,\"workflowDefinitionActivities\":[{\"activityName\":\"事件整改\",\"activityNum\":7,\"activityType\":\"ReformActivity\",\"enable\":1,\"id\":\"14ca7f9e-f5f1-47ea-86a8-da7551bfa932\",\"properties\":\"{\\\"maxLevel\\\":3,\\\"level\\\":3}\",\"successfulRedirect\":\"8\",\"workflowDefinitionId\":\"6efde8c4-4e86-4031-969a-ac32d719715e\"},{\"activityName\":\"整改审核\",\"activityNum\":8,\"activityType\":\"ReformAuditActivity\",\"enable\":1,\"failedRedirect\":\"7\",\"id\":\"2ddfb468-5393-4d72-a609-4bf19037b736\",\"properties\":\"{\\\"maxLevel\\\":3,\\\"level\\\":3}\",\"successfulRedirect\":\"9\",\"workflowDefinitionId\":\"6efde8c4-4e86-4031-969a-ac32d719715e\"},{\"activityName\":\"流程开始\",\"activityNum\":0,\"activityType\":\"StartActivity\",\"enable\":1,\"id\":\"4783733d-b682-4e8c-9b8e-458877940d43\",\"properties\":\"{\\\"maxLevel\\\":3}\",\"successfulRedirect\":\"2\",\"workflowDefinitionId\":\"6efde8c4-4e86-4031-969a-ac32d719715e\"},{\"activityName\":\"事件结案\",\"activityNum\":5,\"activityType\":\"CloseActivity\",\"assigners\":\"e6g7b1e4-ecdb-4458-a926-7d85ffdeed7b\",\"enable\":1,\"failedRedirect\":\"4\",\"id\":\"68c48e54-4c1e-47ee-8e3a-567ecfc82a7d\",\"properties\":\"{\\\"maxLevel\\\":3,\\\"level\\\":3}\",\"successfulRedirect\":\"6\",\"workflowDefinitionId\":\"6efde8c4-4e86-4031-969a-ac32d719715e\"},{\"activityName\":\"事件审核\",\"activityNum\":2,\"activityType\":\"AuditActivity\",\"assigners\":\"e6g7bee4-1cdb-4458-a926-7d85ffdeed7b\",\"enable\":1,\"failedRedirect\":\"1\",\"id\":\"84fb3f7e-e4e0-499b-85d8-8ae363906e63\",\"properties\":\"{\\\"maxLevel\\\":3,\\\"level\\\":1}\",\"successfulRedirect\":\"3\",\"workflowDefinitionId\":\"6efde8c4-4e86-4031-969a-ac32d719715e\"},{\"activityName\":\"流程结束\",\"activityNum\":9,\"activityType\":\"EndActivity\",\"enable\":1,\"id\":\"a1bc48f4-488d-4242-9a74-7751914935fe\",\"properties\":\"{\\\"maxLevel\\\":3,\\\"level\\\":3}\",\"workflowDefinitionId\":\"6efde8c4-4e86-4031-969a-ac32d719715e\"},{\"activityName\":\"事件追踪\",\"activityNum\":6,\"activityType\":\"TraceActivity\",\"assigners\":\"e6g71ee4-ecdb-4458-a926-7d85ffdeed7b\",\"enable\":1,\"id\":\"ab08bb75-64f6-4de4-bae1-d870623cce93\",\"properties\":\"{\\\"maxLevel\\\":3,\\\"level\\\":3}\",\"successfulRedirect\":\"7\",\"workflowDefinitionId\":\"6efde8c4-4e86-4031-969a-ac32d719715e\"},{\"activityName\":\"事件上报\",\"activityNum\":1,\"activityType\":\"ReportActivity\",\"enable\":1,\"id\":\"ab1bea85-7c61-4745-80c3-63f0b3b079b8\",\"properties\":\"{\\\"maxLevel\\\":3}\",\"successfulRedirect\":\"2\",\"workflowDefinitionId\":\"6efde8c4-4e86-4031-969a-ac32d719715e\"},{\"activityName\":\"事件审核\",\"activityNum\":4,\"activityType\":\"AuditActivity\",\"assigners\":\"e6g7bee4-3cdb-4458-a926-7d85ffdeed7b\",\"enable\":1,\"failedRedirect\":\"3\",\"id\":\"c1d5cb61-5662-46b8-912f-1af828028ec0\",\"properties\":\"{\\\"maxLevel\\\":3,\\\"level\\\":3}\",\"successfulRedirect\":\"5\",\"workflowDefinitionId\":\"6efde8c4-4e86-4031-969a-ac32d719715e\"},{\"activityName\":\"事件审核\",\"activityNum\":3,\"activityType\":\"AuditActivity\",\"assigners\":\"e6g7bee4-2cdb-4458-a926-7d85ffdeed7b\",\"enable\":1,\"failedRedirect\":\"2\",\"id\":\"f03e8ec6-def6-4b70-9a2d-a331384b950a\",\"properties\":\"{\\\"maxLevel\\\":3,\\\"level\\\":2}\",\"successfulRedirect\":\"4\",\"workflowDefinitionId\":\"6efde8c4-4e86-4031-969a-ac32d719715e\"}]}}', '2019-05-24 14:42:12', '2019-05-24 14:53:10'), ('ac7f1a41464f448489d32ed4ad39d8b5', '{\"completed\":false,\"currentActivity\":{\"name\":\"AuditActivity\",\"properties\":{\"failedRedirect\":\"2\",\"workflowDefinitionId\":\"6efde8c4-4e86-4031-969a-ac32d719715e\",\"activityNum\":3,\"enable\":1,\"activityName\":\"事件审核\",\"assigners\":\"e6g7bee4-2cdb-4458-a926-7d85ffdeed7b\",\"id\":\"f03e8ec6-def6-4b70-9a2d-a331384b950a\",\"successfulRedirect\":\"4\",\"activityType\":\"AuditActivity\",\"properties\":\"{\\\"maxLevel\\\":3,\\\"level\\\":2}\"}},\"currentTaskCompleted\":false,\"definitionId\":\"6efde8c4-4e86-4031-969a-ac32d719715e\",\"itemId\":\"ac7f1a41464f448489d32ed4ad39d8b5\",\"properties\":{\"currentActivityName\":\"AuditActivity\"},\"taskId\":\"3babd6c3-3b8c-48be-b2cb-fadc6addc985\",\"taskRunning\":true,\"taskSerialId\":\"b04645f6-8499-4d86-90b2-075c2100ae77\",\"workflowDefinition\":{\"enable\":1,\"eventType\":\"0892e7b5-76f4-11e9-8482-00505684f8da\",\"id\":\"6efde8c4-4e86-4031-969a-ac32d719715e\",\"name\":\"流程事件测试3\",\"reviewLevelCount\":3,\"workflowDefinitionActivities\":[{\"activityName\":\"事件整改\",\"activityNum\":7,\"activityType\":\"ReformActivity\",\"enable\":1,\"id\":\"14ca7f9e-f5f1-47ea-86a8-da7551bfa932\",\"properties\":\"{\\\"maxLevel\\\":3,\\\"level\\\":3}\",\"successfulRedirect\":\"8\",\"workflowDefinitionId\":\"6efde8c4-4e86-4031-969a-ac32d719715e\"},{\"activityName\":\"整改审核\",\"activityNum\":8,\"activityType\":\"ReformAuditActivity\",\"enable\":1,\"failedRedirect\":\"7\",\"id\":\"2ddfb468-5393-4d72-a609-4bf19037b736\",\"properties\":\"{\\\"maxLevel\\\":3,\\\"level\\\":3}\",\"successfulRedirect\":\"9\",\"workflowDefinitionId\":\"6efde8c4-4e86-4031-969a-ac32d719715e\"},{\"activityName\":\"流程开始\",\"activityNum\":0,\"activityType\":\"StartActivity\",\"enable\":1,\"id\":\"4783733d-b682-4e8c-9b8e-458877940d43\",\"properties\":\"{\\\"maxLevel\\\":3}\",\"successfulRedirect\":\"2\",\"workflowDefinitionId\":\"6efde8c4-4e86-4031-969a-ac32d719715e\"},{\"activityName\":\"事件结案\",\"activityNum\":5,\"activityType\":\"CloseActivity\",\"assigners\":\"e6g7b1e4-ecdb-4458-a926-7d85ffdeed7b\",\"enable\":1,\"failedRedirect\":\"4\",\"id\":\"68c48e54-4c1e-47ee-8e3a-567ecfc82a7d\",\"properties\":\"{\\\"maxLevel\\\":3,\\\"level\\\":3}\",\"successfulRedirect\":\"6\",\"workflowDefinitionId\":\"6efde8c4-4e86-4031-969a-ac32d719715e\"},{\"activityName\":\"事件审核\",\"activityNum\":2,\"activityType\":\"AuditActivity\",\"assigners\":\"e6g7bee4-1cdb-4458-a926-7d85ffdeed7b\",\"enable\":1,\"failedRedirect\":\"1\",\"id\":\"84fb3f7e-e4e0-499b-85d8-8ae363906e63\",\"properties\":\"{\\\"maxLevel\\\":3,\\\"level\\\":1}\",\"successfulRedirect\":\"3\",\"workflowDefinitionId\":\"6efde8c4-4e86-4031-969a-ac32d719715e\"},{\"activityName\":\"流程结束\",\"activityNum\":9,\"activityType\":\"EndActivity\",\"enable\":1,\"id\":\"a1bc48f4-488d-4242-9a74-7751914935fe\",\"properties\":\"{\\\"maxLevel\\\":3,\\\"level\\\":3}\",\"workflowDefinitionId\":\"6efde8c4-4e86-4031-969a-ac32d719715e\"},{\"activityName\":\"事件追踪\",\"activityNum\":6,\"activityType\":\"TraceActivity\",\"assigners\":\"e6g71ee4-ecdb-4458-a926-7d85ffdeed7b\",\"enable\":1,\"id\":\"ab08bb75-64f6-4de4-bae1-d870623cce93\",\"properties\":\"{\\\"maxLevel\\\":3,\\\"level\\\":3}\",\"successfulRedirect\":\"7\",\"workflowDefinitionId\":\"6efde8c4-4e86-4031-969a-ac32d719715e\"},{\"activityName\":\"事件上报\",\"activityNum\":1,\"activityType\":\"ReportActivity\",\"enable\":1,\"id\":\"ab1bea85-7c61-4745-80c3-63f0b3b079b8\",\"properties\":\"{\\\"maxLevel\\\":3}\",\"successfulRedirect\":\"2\",\"workflowDefinitionId\":\"6efde8c4-4e86-4031-969a-ac32d719715e\"},{\"activityName\":\"事件审核\",\"activityNum\":4,\"activityType\":\"AuditActivity\",\"assigners\":\"e6g7bee4-3cdb-4458-a926-7d85ffdeed7b\",\"enable\":1,\"failedRedirect\":\"3\",\"id\":\"c1d5cb61-5662-46b8-912f-1af828028ec0\",\"properties\":\"{\\\"maxLevel\\\":3,\\\"level\\\":3}\",\"successfulRedirect\":\"5\",\"workflowDefinitionId\":\"6efde8c4-4e86-4031-969a-ac32d719715e\"},{\"activityName\":\"事件审核\",\"activityNum\":3,\"activityType\":\"AuditActivity\",\"assigners\":\"e6g7bee4-2cdb-4458-a926-7d85ffdeed7b\",\"enable\":1,\"failedRedirect\":\"2\",\"id\":\"f03e8ec6-def6-4b70-9a2d-a331384b950a\",\"properties\":\"{\\\"maxLevel\\\":3,\\\"level\\\":2}\",\"successfulRedirect\":\"4\",\"workflowDefinitionId\":\"6efde8c4-4e86-4031-969a-ac32d719715e\"}]}}', '2019-05-24 14:31:05', '2019-05-24 14:31:46'), ('cd5c99e6069d468a9fe143217fa41025', '{\"completed\":false,\"currentActivity\":{\"name\":\"CloseActivity\",\"properties\":{\"failedRedirect\":\"2\",\"workflowDefinitionId\":\"626d0e16-270b-486a-99e6-bf4bf3908d5d\",\"activityNum\":3,\"enable\":1,\"activityName\":\"事件结案\",\"assigners\":\"e6g7b1e4-ecdb-4458-a926-7d85ffdeed7b\",\"id\":\"cec2c167-3666-4a91-8f87-ad0e85b8f44a\",\"successfulRedirect\":\"4\",\"activityType\":\"CloseActivity\",\"properties\":\"{\\\"maxLevel\\\":1,\\\"level\\\":1}\"}},\"currentTaskCompleted\":false,\"definitionId\":\"626d0e16-270b-486a-99e6-bf4bf3908d5d\",\"itemId\":\"cd5c99e6069d468a9fe143217fa41025\",\"properties\":{\"currentActivityName\":\"CloseActivity\"},\"taskId\":\"53de886f-c5a7-4458-ab62-fa224b026497\",\"taskRunning\":true,\"taskSerialId\":\"1e4ea6d8-77a7-4459-abd6-20a58a5e9d89\",\"workflowDefinition\":{\"enable\":1,\"eventType\":\"4bc9ad82-76f2-11e9-8482-00505684f8da\",\"id\":\"626d0e16-270b-486a-99e6-bf4bf3908d5d\",\"name\":\"Q一级事件流程（新）\",\"reviewLevelCount\":1,\"workflowDefinitionActivities\":[{\"activityName\":\"事件整改\",\"activityNum\":5,\"activityType\":\"ReformActivity\",\"enable\":1,\"id\":\"320470d3-ff01-4a45-b725-e34e36b2a6b5\",\"properties\":\"{\\\"maxLevel\\\":1,\\\"level\\\":1}\",\"successfulRedirect\":\"6\",\"workflowDefinitionId\":\"626d0e16-270b-486a-99e6-bf4bf3908d5d\"},{\"activityName\":\"事件追踪\",\"activityNum\":4,\"activityType\":\"TraceActivity\",\"assigners\":\"e6g71ee4-ecdb-4458-a926-7d85ffdeed7b\",\"enable\":1,\"id\":\"453a9a91-cc18-44e0-824e-4a4eb4392e46\",\"properties\":\"{\\\"maxLevel\\\":1,\\\"level\\\":1}\",\"successfulRedirect\":\"5\",\"workflowDefinitionId\":\"626d0e16-270b-486a-99e6-bf4bf3908d5d\"},{\"activityName\":\"整改审核\",\"activityNum\":6,\"activityType\":\"ReformAuditActivity\",\"enable\":1,\"failedRedirect\":\"5\",\"id\":\"52c572e2-b543-4545-ae6f-0eab56bee398\",\"properties\":\"{\\\"maxLevel\\\":1,\\\"level\\\":1}\",\"successfulRedirect\":\"7\",\"workflowDefinitionId\":\"626d0e16-270b-486a-99e6-bf4bf3908d5d\"},{\"activityName\":\"流程结束\",\"activityNum\":7,\"activityType\":\"EndActivity\",\"enable\":1,\"id\":\"743630a8-1cbb-4142-8afd-9bdbdbd2277b\",\"properties\":\"{\\\"maxLevel\\\":1,\\\"level\\\":1}\",\"workflowDefinitionId\":\"626d0e16-270b-486a-99e6-bf4bf3908d5d\"},{\"activityName\":\"事件审核\",\"activityNum\":2,\"activityType\":\"AuditActivity\",\"assigners\":\"e6g7bee4-1cdb-4458-a926-7d85ffdeed7b\",\"enable\":1,\"failedRedirect\":\"1\",\"id\":\"c19512c9-d706-4d52-aab3-41414f03b15f\",\"properties\":\"{\\\"maxLevel\\\":1,\\\"level\\\":1}\",\"successfulRedirect\":\"3\",\"workflowDefinitionId\":\"626d0e16-270b-486a-99e6-bf4bf3908d5d\"},{\"activityName\":\"事件结案\",\"activityNum\":3,\"activityType\":\"CloseActivity\",\"assigners\":\"e6g7b1e4-ecdb-4458-a926-7d85ffdeed7b\",\"enable\":1,\"failedRedirect\":\"2\",\"id\":\"cec2c167-3666-4a91-8f87-ad0e85b8f44a\",\"properties\":\"{\\\"maxLevel\\\":1,\\\"level\\\":1}\",\"successfulRedirect\":\"4\",\"workflowDefinitionId\":\"626d0e16-270b-486a-99e6-bf4bf3908d5d\"},{\"activityName\":\"事件上报\",\"activityNum\":1,\"activityType\":\"ReportActivity\",\"enable\":1,\"id\":\"d71be7ee-6847-4c01-82c2-a39388cfbbfa\",\"properties\":\"{\\\"maxLevel\\\":1}\",\"successfulRedirect\":\"2\",\"workflowDefinitionId\":\"626d0e16-270b-486a-99e6-bf4bf3908d5d\"},{\"activityName\":\"流程开始\",\"activityNum\":0,\"activityType\":\"StartActivity\",\"enable\":1,\"id\":\"ddb211be-35af-4b67-bce4-37d413751846\",\"properties\":\"{\\\"maxLevel\\\":1}\",\"successfulRedirect\":\"2\",\"workflowDefinitionId\":\"626d0e16-270b-486a-99e6-bf4bf3908d5d\"}]}}', '2019-05-24 16:40:11', '2019-05-24 16:40:39'), ('d0a05390748a4e9f86dcb415bddd71ac', '{\"completed\":false,\"currentActivity\":{\"name\":\"AuditActivity\",\"properties\":{\"failedRedirect\":\"1\",\"workflowDefinitionId\":\"6efde8c4-4e86-4031-969a-ac32d719715e\",\"activityNum\":2,\"enable\":1,\"activityName\":\"事件审核\",\"assigners\":\"e6g7bee4-3cdb-4458-a926-7d85ffdeed7b#e6g7bee4-4cdb-4458-a926-7d85ffdeed7b#e6g7bee4-5cdb-4458-a926-7d85ffdeed7b\",\"id\":\"2345e7c3-f395-49d1-9576-cef70ffddeca\",\"successfulRedirect\":\"3\",\"activityType\":\"AuditActivity\",\"properties\":\"{\\\"maxLevel\\\":3,\\\"level\\\":1}\"}},\"currentTaskCompleted\":false,\"definitionId\":\"6efde8c4-4e86-4031-969a-ac32d719715e\",\"itemId\":\"d0a05390748a4e9f86dcb415bddd71ac\",\"properties\":{\"currentActivityName\":\"AuditActivity\"},\"taskRunning\":true,\"taskSerialId\":\"6c130e1f-96fd-4cfe-aa3c-e042054628cf\",\"workflowDefinition\":{\"enable\":1,\"eventType\":\"0892e7b5-76f4-11e9-8482-00505684f8da\",\"id\":\"6efde8c4-4e86-4031-969a-ac32d719715e\",\"name\":\"流程事件测试3\",\"reviewLevelCount\":3,\"workflowDefinitionActivities\":[{\"activityName\":\"事件审核\",\"activityNum\":2,\"activityType\":\"AuditActivity\",\"assigners\":\"e6g7bee4-3cdb-4458-a926-7d85ffdeed7b#e6g7bee4-4cdb-4458-a926-7d85ffdeed7b#e6g7bee4-5cdb-4458-a926-7d85ffdeed7b\",\"enable\":1,\"failedRedirect\":\"1\",\"id\":\"2345e7c3-f395-49d1-9576-cef70ffddeca\",\"properties\":\"{\\\"maxLevel\\\":3,\\\"level\\\":1}\",\"successfulRedirect\":\"3\",\"workflowDefinitionId\":\"6efde8c4-4e86-4031-969a-ac32d719715e\"},{\"activityName\":\"事件审核\",\"activityNum\":4,\"activityType\":\"AuditActivity\",\"assigners\":\"e6g7bee4-3cdb-4458-a926-7d85ffdeed7b\",\"enable\":1,\"failedRedirect\":\"3\",\"id\":\"4535f19a-1c4a-42d3-81b3-5d5c765beab5\",\"properties\":\"{\\\"maxLevel\\\":3,\\\"level\\\":3}\",\"successfulRedirect\":\"5\",\"workflowDefinitionId\":\"6efde8c4-4e86-4031-969a-ac32d719715e\"},{\"activityName\":\"事件审核\",\"activityNum\":3,\"activityType\":\"AuditActivity\",\"assigners\":\"e6g7bee4-3cdb-4458-a926-7d85ffdeed7b\",\"enable\":1,\"failedRedirect\":\"2\",\"id\":\"7e86c0ba-0571-415e-8974-62248126ef34\",\"properties\":\"{\\\"maxLevel\\\":3,\\\"level\\\":2}\",\"successfulRedirect\":\"4\",\"workflowDefinitionId\":\"6efde8c4-4e86-4031-969a-ac32d719715e\"},{\"activityName\":\"事件整改\",\"activityNum\":7,\"activityType\":\"ReformActivity\",\"enable\":1,\"id\":\"88bcf0d2-c4ae-42b7-aef6-5cd80d76233e\",\"properties\":\"{\\\"maxLevel\\\":3,\\\"level\\\":3}\",\"successfulRedirect\":\"8\",\"workflowDefinitionId\":\"6efde8c4-4e86-4031-969a-ac32d719715e\"},{\"activityName\":\"事件追踪\",\"activityNum\":6,\"activityType\":\"TraceActivity\",\"assigners\":\"e6g71ee4-ecdb-4458-a926-7d85ffdeed7b\",\"enable\":1,\"id\":\"97071816-b319-4215-b1d2-da4c9d5873e6\",\"properties\":\"{\\\"maxLevel\\\":3,\\\"level\\\":3}\",\"successfulRedirect\":\"7\",\"workflowDefinitionId\":\"6efde8c4-4e86-4031-969a-ac32d719715e\"},{\"activityName\":\"流程开始\",\"activityNum\":0,\"activityType\":\"StartActivity\",\"enable\":1,\"id\":\"9c15ed04-b301-4425-a889-7ed65e6e76ec\",\"properties\":\"{\\\"maxLevel\\\":3}\",\"successfulRedirect\":\"2\",\"workflowDefinitionId\":\"6efde8c4-4e86-4031-969a-ac32d719715e\"},{\"activityName\":\"整改审核\",\"activityNum\":8,\"activityType\":\"ReformAuditActivity\",\"enable\":1,\"failedRedirect\":\"7\",\"id\":\"ae786fba-705e-4793-b778-6aab1bce6cf4\",\"properties\":\"{\\\"maxLevel\\\":3,\\\"level\\\":3}\",\"successfulRedirect\":\"9\",\"workflowDefinitionId\":\"6efde8c4-4e86-4031-969a-ac32d719715e\"},{\"activityName\":\"事件上报\",\"activityNum\":1,\"activityType\":\"ReportActivity\",\"enable\":1,\"id\":\"b9509547-7a44-4ad3-9a97-30a4cfa970c7\",\"properties\":\"{\\\"maxLevel\\\":3}\",\"successfulRedirect\":\"2\",\"workflowDefinitionId\":\"6efde8c4-4e86-4031-969a-ac32d719715e\"},{\"activityName\":\"事件结案\",\"activityNum\":5,\"activityType\":\"CloseActivity\",\"assigners\":\"e6g7b1e4-ecdb-4458-a926-7d85ffdeed7b\",\"enable\":1,\"failedRedirect\":\"4\",\"id\":\"f031b057-12db-47a3-8105-f58d8f4f4701\",\"properties\":\"{\\\"maxLevel\\\":3,\\\"level\\\":3}\",\"successfulRedirect\":\"6\",\"workflowDefinitionId\":\"6efde8c4-4e86-4031-969a-ac32d719715e\"},{\"activityName\":\"流程结束\",\"activityNum\":9,\"activityType\":\"EndActivity\",\"enable\":1,\"id\":\"f5359d90-7737-46fa-963a-321319c0c06c\",\"properties\":\"{\\\"maxLevel\\\":3,\\\"level\\\":3}\",\"workflowDefinitionId\":\"6efde8c4-4e86-4031-969a-ac32d719715e\"}]}}', '2019-05-24 10:31:23', '2019-05-24 10:31:23'), ('e0b581bf036b4cb795a0efaae7f244fe', '{\"completed\":true,\"currentActivity\":{\"name\":\"EndActivity\",\"properties\":{\"workflowDefinitionId\":\"c4c9a01d-c59e-400b-9d42-03bbeb5ad8c3\",\"activityNum\":8,\"enable\":1,\"activityName\":\"流程结束\",\"id\":\"d84fbc0b-925d-45fe-a037-485ff21afa64\",\"activityType\":\"EndActivity\",\"properties\":\"{\\\"maxLevel\\\":2,\\\"level\\\":2}\"}},\"currentTaskCompleted\":true,\"definitionId\":\"c4c9a01d-c59e-400b-9d42-03bbeb5ad8c3\",\"itemId\":\"e0b581bf036b4cb795a0efaae7f244fe\",\"properties\":{\"currentActivityName\":\"EndActivity\"},\"taskId\":\"daeca88d-d9b9-4e1d-a9fa-88e8d194b280\",\"taskRunning\":false,\"taskSerialId\":\"54305421-02c8-4925-80a9-65b0ec7d796f\",\"workflowDefinition\":{\"enable\":1,\"eventType\":\"4bcfd70c-76f2-11e9-8482-00505684f8da\",\"id\":\"c4c9a01d-c59e-400b-9d42-03bbeb5ad8c3\",\"name\":\"Q二级事件流程（新）\",\"reviewLevelCount\":2,\"workflowDefinitionActivities\":[{\"activityName\":\"整改审核\",\"activityNum\":7,\"activityType\":\"ReformAuditActivity\",\"enable\":1,\"failedRedirect\":\"6\",\"id\":\"0b60e611-2586-4043-b49b-e9a5979d4f30\",\"properties\":\"{\\\"maxLevel\\\":2,\\\"level\\\":2}\",\"successfulRedirect\":\"8\",\"workflowDefinitionId\":\"c4c9a01d-c59e-400b-9d42-03bbeb5ad8c3\"},{\"activityName\":\"事件整改\",\"activityNum\":6,\"activityType\":\"ReformActivity\",\"enable\":1,\"id\":\"509f16de-d65d-4bbd-a459-c033b327dc1a\",\"properties\":\"{\\\"maxLevel\\\":2,\\\"level\\\":2}\",\"successfulRedirect\":\"7\",\"workflowDefinitionId\":\"c4c9a01d-c59e-400b-9d42-03bbeb5ad8c3\"},{\"activityName\":\"事件追踪\",\"activityNum\":5,\"activityType\":\"TraceActivity\",\"assigners\":\"e6g71ee4-ecdb-4458-a926-7d85ffdeed7b\",\"enable\":1,\"id\":\"571efa49-442a-4185-8dff-d9bd4fb054d3\",\"properties\":\"{\\\"maxLevel\\\":2,\\\"level\\\":2}\",\"successfulRedirect\":\"6\",\"workflowDefinitionId\":\"c4c9a01d-c59e-400b-9d42-03bbeb5ad8c3\"},{\"activityName\":\"流程开始\",\"activityNum\":0,\"activityType\":\"StartActivity\",\"enable\":1,\"id\":\"a99250cd-7b9d-4fc9-9098-8b92956e94bb\",\"properties\":\"{\\\"maxLevel\\\":2}\",\"successfulRedirect\":\"2\",\"workflowDefinitionId\":\"c4c9a01d-c59e-400b-9d42-03bbeb5ad8c3\"},{\"activityName\":\"事件审核\",\"activityNum\":3,\"activityType\":\"AuditActivity\",\"assigners\":\"e6g7bee4-2cdb-4458-a926-7d85ffdeed7b\",\"enable\":1,\"failedRedirect\":\"2\",\"id\":\"d2845e9b-b0e2-41f9-86b9-6b7bac31c25a\",\"properties\":\"{\\\"maxLevel\\\":2,\\\"level\\\":2}\",\"successfulRedirect\":\"4\",\"workflowDefinitionId\":\"c4c9a01d-c59e-400b-9d42-03bbeb5ad8c3\"},{\"activityName\":\"事件上报\",\"activityNum\":1,\"activityType\":\"ReportActivity\",\"enable\":1,\"id\":\"d4a3ac09-ef85-4938-9705-5bba9b35c7db\",\"properties\":\"{\\\"maxLevel\\\":2}\",\"successfulRedirect\":\"2\",\"workflowDefinitionId\":\"c4c9a01d-c59e-400b-9d42-03bbeb5ad8c3\"},{\"activityName\":\"流程结束\",\"activityNum\":8,\"activityType\":\"EndActivity\",\"enable\":1,\"id\":\"d84fbc0b-925d-45fe-a037-485ff21afa64\",\"properties\":\"{\\\"maxLevel\\\":2,\\\"level\\\":2}\",\"workflowDefinitionId\":\"c4c9a01d-c59e-400b-9d42-03bbeb5ad8c3\"},{\"activityName\":\"事件结案\",\"activityNum\":4,\"activityType\":\"CloseActivity\",\"assigners\":\"e6g7b1e4-ecdb-4458-a926-7d85ffdeed7b\",\"enable\":1,\"failedRedirect\":\"3\",\"id\":\"e7865aca-ffb4-4dc7-a2cd-e9900a8fdf72\",\"properties\":\"{\\\"maxLevel\\\":2,\\\"level\\\":2}\",\"successfulRedirect\":\"5\",\"workflowDefinitionId\":\"c4c9a01d-c59e-400b-9d42-03bbeb5ad8c3\"},{\"activityName\":\"事件审核\",\"activityNum\":2,\"activityType\":\"AuditActivity\",\"assigners\":\"e6g7bee4-1cdb-4458-a926-7d85ffdeed7b\",\"enable\":1,\"failedRedirect\":\"1\",\"id\":\"eddcf8fb-b4e3-4eac-884c-33d8b063afb2\",\"properties\":\"{\\\"maxLevel\\\":2,\\\"level\\\":1}\",\"successfulRedirect\":\"3\",\"workflowDefinitionId\":\"c4c9a01d-c59e-400b-9d42-03bbeb5ad8c3\"}]}}', '2019-05-24 16:25:06', '2019-05-24 16:26:02'), ('e2394363e48549fbb3ec9c317adb17f3', '{\"completed\":true,\"currentActivity\":{\"name\":\"EndActivity\",\"properties\":{\"workflowDefinitionId\":\"626d0e16-270b-486a-99e6-bf4bf3908d5d\",\"activityNum\":7,\"enable\":1,\"activityName\":\"流程结束\",\"id\":\"743630a8-1cbb-4142-8afd-9bdbdbd2277b\",\"activityType\":\"EndActivity\",\"properties\":\"{\\\"maxLevel\\\":1,\\\"level\\\":1}\"}},\"currentTaskCompleted\":true,\"definitionId\":\"626d0e16-270b-486a-99e6-bf4bf3908d5d\",\"itemId\":\"e2394363e48549fbb3ec9c317adb17f3\",\"properties\":{\"currentActivityName\":\"EndActivity\"},\"taskId\":\"a83f43b3-751a-46b4-a6ac-3243027acd9c\",\"taskRunning\":false,\"taskSerialId\":\"6b953064-b88d-437c-b2f0-8d5ded05fe3d\",\"workflowDefinition\":{\"enable\":1,\"eventType\":\"4bc9ad82-76f2-11e9-8482-00505684f8da\",\"id\":\"626d0e16-270b-486a-99e6-bf4bf3908d5d\",\"name\":\"Q一级事件流程（新）\",\"reviewLevelCount\":1,\"workflowDefinitionActivities\":[{\"activityName\":\"事件整改\",\"activityNum\":5,\"activityType\":\"ReformActivity\",\"enable\":1,\"id\":\"320470d3-ff01-4a45-b725-e34e36b2a6b5\",\"properties\":\"{\\\"maxLevel\\\":1,\\\"level\\\":1}\",\"successfulRedirect\":\"6\",\"workflowDefinitionId\":\"626d0e16-270b-486a-99e6-bf4bf3908d5d\"},{\"activityName\":\"事件追踪\",\"activityNum\":4,\"activityType\":\"TraceActivity\",\"assigners\":\"e6g71ee4-ecdb-4458-a926-7d85ffdeed7b\",\"enable\":1,\"id\":\"453a9a91-cc18-44e0-824e-4a4eb4392e46\",\"properties\":\"{\\\"maxLevel\\\":1,\\\"level\\\":1}\",\"successfulRedirect\":\"5\",\"workflowDefinitionId\":\"626d0e16-270b-486a-99e6-bf4bf3908d5d\"},{\"activityName\":\"整改审核\",\"activityNum\":6,\"activityType\":\"ReformAuditActivity\",\"enable\":1,\"failedRedirect\":\"5\",\"id\":\"52c572e2-b543-4545-ae6f-0eab56bee398\",\"properties\":\"{\\\"maxLevel\\\":1,\\\"level\\\":1}\",\"successfulRedirect\":\"7\",\"workflowDefinitionId\":\"626d0e16-270b-486a-99e6-bf4bf3908d5d\"},{\"activityName\":\"流程结束\",\"activityNum\":7,\"activityType\":\"EndActivity\",\"enable\":1,\"id\":\"743630a8-1cbb-4142-8afd-9bdbdbd2277b\",\"properties\":\"{\\\"maxLevel\\\":1,\\\"level\\\":1}\",\"workflowDefinitionId\":\"626d0e16-270b-486a-99e6-bf4bf3908d5d\"},{\"activityName\":\"事件审核\",\"activityNum\":2,\"activityType\":\"AuditActivity\",\"assigners\":\"e6g7bee4-1cdb-4458-a926-7d85ffdeed7b\",\"enable\":1,\"failedRedirect\":\"1\",\"id\":\"c19512c9-d706-4d52-aab3-41414f03b15f\",\"properties\":\"{\\\"maxLevel\\\":1,\\\"level\\\":1}\",\"successfulRedirect\":\"3\",\"workflowDefinitionId\":\"626d0e16-270b-486a-99e6-bf4bf3908d5d\"},{\"activityName\":\"事件结案\",\"activityNum\":3,\"activityType\":\"CloseActivity\",\"assigners\":\"e6g7b1e4-ecdb-4458-a926-7d85ffdeed7b\",\"enable\":1,\"failedRedirect\":\"2\",\"id\":\"cec2c167-3666-4a91-8f87-ad0e85b8f44a\",\"properties\":\"{\\\"maxLevel\\\":1,\\\"level\\\":1}\",\"successfulRedirect\":\"4\",\"workflowDefinitionId\":\"626d0e16-270b-486a-99e6-bf4bf3908d5d\"},{\"activityName\":\"事件上报\",\"activityNum\":1,\"activityType\":\"ReportActivity\",\"enable\":1,\"id\":\"d71be7ee-6847-4c01-82c2-a39388cfbbfa\",\"properties\":\"{\\\"maxLevel\\\":1}\",\"successfulRedirect\":\"2\",\"workflowDefinitionId\":\"626d0e16-270b-486a-99e6-bf4bf3908d5d\"},{\"activityName\":\"流程开始\",\"activityNum\":0,\"activityType\":\"StartActivity\",\"enable\":1,\"id\":\"ddb211be-35af-4b67-bce4-37d413751846\",\"properties\":\"{\\\"maxLevel\\\":1}\",\"successfulRedirect\":\"2\",\"workflowDefinitionId\":\"626d0e16-270b-486a-99e6-bf4bf3908d5d\"}]}}', '2019-05-24 16:22:51', '2019-05-24 16:23:20'), ('e8ecb827917c4312a87b61d1d474e65b', '{\"completed\":true,\"currentActivity\":{\"name\":\"EndActivity\",\"properties\":{\"workflowDefinitionId\":\"626d0e16-270b-486a-99e6-bf4bf3908d5d\",\"activityNum\":7,\"enable\":1,\"activityName\":\"流程结束\",\"id\":\"743630a8-1cbb-4142-8afd-9bdbdbd2277b\",\"activityType\":\"EndActivity\",\"properties\":\"{\\\"maxLevel\\\":1,\\\"level\\\":1}\"}},\"currentTaskCompleted\":true,\"definitionId\":\"626d0e16-270b-486a-99e6-bf4bf3908d5d\",\"itemId\":\"e8ecb827917c4312a87b61d1d474e65b\",\"properties\":{\"currentActivityName\":\"EndActivity\"},\"taskId\":\"6361b43f-4991-4295-8220-940b5e24f697\",\"taskRunning\":false,\"taskSerialId\":\"5fe8aa62-8af4-4893-ad8c-5c76dad575ed\",\"workflowDefinition\":{\"enable\":1,\"eventType\":\"4bc9ad82-76f2-11e9-8482-00505684f8da\",\"id\":\"626d0e16-270b-486a-99e6-bf4bf3908d5d\",\"name\":\"Q一级事件流程（新）\",\"reviewLevelCount\":1,\"workflowDefinitionActivities\":[{\"activityName\":\"事件整改\",\"activityNum\":5,\"activityType\":\"ReformActivity\",\"enable\":1,\"id\":\"320470d3-ff01-4a45-b725-e34e36b2a6b5\",\"properties\":\"{\\\"maxLevel\\\":1,\\\"level\\\":1}\",\"successfulRedirect\":\"6\",\"workflowDefinitionId\":\"626d0e16-270b-486a-99e6-bf4bf3908d5d\"},{\"activityName\":\"事件追踪\",\"activityNum\":4,\"activityType\":\"TraceActivity\",\"assigners\":\"e6g71ee4-ecdb-4458-a926-7d85ffdeed7b\",\"enable\":1,\"id\":\"453a9a91-cc18-44e0-824e-4a4eb4392e46\",\"properties\":\"{\\\"maxLevel\\\":1,\\\"level\\\":1}\",\"successfulRedirect\":\"5\",\"workflowDefinitionId\":\"626d0e16-270b-486a-99e6-bf4bf3908d5d\"},{\"activityName\":\"整改审核\",\"activityNum\":6,\"activityType\":\"ReformAuditActivity\",\"enable\":1,\"failedRedirect\":\"5\",\"id\":\"52c572e2-b543-4545-ae6f-0eab56bee398\",\"properties\":\"{\\\"maxLevel\\\":1,\\\"level\\\":1}\",\"successfulRedirect\":\"7\",\"workflowDefinitionId\":\"626d0e16-270b-486a-99e6-bf4bf3908d5d\"},{\"activityName\":\"流程结束\",\"activityNum\":7,\"activityType\":\"EndActivity\",\"enable\":1,\"id\":\"743630a8-1cbb-4142-8afd-9bdbdbd2277b\",\"properties\":\"{\\\"maxLevel\\\":1,\\\"level\\\":1}\",\"workflowDefinitionId\":\"626d0e16-270b-486a-99e6-bf4bf3908d5d\"},{\"activityName\":\"事件审核\",\"activityNum\":2,\"activityType\":\"AuditActivity\",\"assigners\":\"e6g7bee4-1cdb-4458-a926-7d85ffdeed7b\",\"enable\":1,\"failedRedirect\":\"1\",\"id\":\"c19512c9-d706-4d52-aab3-41414f03b15f\",\"properties\":\"{\\\"maxLevel\\\":1,\\\"level\\\":1}\",\"successfulRedirect\":\"3\",\"workflowDefinitionId\":\"626d0e16-270b-486a-99e6-bf4bf3908d5d\"},{\"activityName\":\"事件结案\",\"activityNum\":3,\"activityType\":\"CloseActivity\",\"assigners\":\"e6g7b1e4-ecdb-4458-a926-7d85ffdeed7b\",\"enable\":1,\"failedRedirect\":\"2\",\"id\":\"cec2c167-3666-4a91-8f87-ad0e85b8f44a\",\"properties\":\"{\\\"maxLevel\\\":1,\\\"level\\\":1}\",\"successfulRedirect\":\"4\",\"workflowDefinitionId\":\"626d0e16-270b-486a-99e6-bf4bf3908d5d\"},{\"activityName\":\"事件上报\",\"activityNum\":1,\"activityType\":\"ReportActivity\",\"enable\":1,\"id\":\"d71be7ee-6847-4c01-82c2-a39388cfbbfa\",\"properties\":\"{\\\"maxLevel\\\":1}\",\"successfulRedirect\":\"2\",\"workflowDefinitionId\":\"626d0e16-270b-486a-99e6-bf4bf3908d5d\"},{\"activityName\":\"流程开始\",\"activityNum\":0,\"activityType\":\"StartActivity\",\"enable\":1,\"id\":\"ddb211be-35af-4b67-bce4-37d413751846\",\"properties\":\"{\\\"maxLevel\\\":1}\",\"successfulRedirect\":\"2\",\"workflowDefinitionId\":\"626d0e16-270b-486a-99e6-bf4bf3908d5d\"}]}}', '2019-05-24 16:01:53', '2019-05-24 16:04:46'), ('f2cc7f214ff74dbba0da5327895589a7', '{\"completed\":false,\"currentActivity\":{\"name\":\"AuditActivity\",\"properties\":{\"failedRedirect\":\"1\",\"workflowDefinitionId\":\"626d0e16-270b-486a-99e6-bf4bf3908d5d\",\"activityNum\":2,\"enable\":1,\"activityName\":\"事件审核\",\"assigners\":\"e6g7bee4-1cdb-4458-a926-7d85ffdeed7b\",\"id\":\"c19512c9-d706-4d52-aab3-41414f03b15f\",\"successfulRedirect\":\"3\",\"activityType\":\"AuditActivity\",\"properties\":\"{\\\"maxLevel\\\":1,\\\"level\\\":1}\"}},\"currentTaskCompleted\":false,\"definitionId\":\"626d0e16-270b-486a-99e6-bf4bf3908d5d\",\"itemId\":\"f2cc7f214ff74dbba0da5327895589a7\",\"properties\":{\"currentActivityName\":\"AuditActivity\"},\"taskRunning\":true,\"taskSerialId\":\"341474c1-7002-42ef-b988-d838a25468f9\",\"workflowDefinition\":{\"enable\":1,\"eventType\":\"4bc9ad82-76f2-11e9-8482-00505684f8da\",\"id\":\"626d0e16-270b-486a-99e6-bf4bf3908d5d\",\"name\":\"Q一级事件流程（新）\",\"reviewLevelCount\":1,\"workflowDefinitionActivities\":[{\"activityName\":\"事件整改\",\"activityNum\":5,\"activityType\":\"ReformActivity\",\"enable\":1,\"id\":\"320470d3-ff01-4a45-b725-e34e36b2a6b5\",\"properties\":\"{\\\"maxLevel\\\":1,\\\"level\\\":1}\",\"successfulRedirect\":\"6\",\"workflowDefinitionId\":\"626d0e16-270b-486a-99e6-bf4bf3908d5d\"},{\"activityName\":\"事件追踪\",\"activityNum\":4,\"activityType\":\"TraceActivity\",\"assigners\":\"e6g71ee4-ecdb-4458-a926-7d85ffdeed7b\",\"enable\":1,\"id\":\"453a9a91-cc18-44e0-824e-4a4eb4392e46\",\"properties\":\"{\\\"maxLevel\\\":1,\\\"level\\\":1}\",\"successfulRedirect\":\"5\",\"workflowDefinitionId\":\"626d0e16-270b-486a-99e6-bf4bf3908d5d\"},{\"activityName\":\"整改审核\",\"activityNum\":6,\"activityType\":\"ReformAuditActivity\",\"enable\":1,\"failedRedirect\":\"5\",\"id\":\"52c572e2-b543-4545-ae6f-0eab56bee398\",\"properties\":\"{\\\"maxLevel\\\":1,\\\"level\\\":1}\",\"successfulRedirect\":\"7\",\"workflowDefinitionId\":\"626d0e16-270b-486a-99e6-bf4bf3908d5d\"},{\"activityName\":\"流程结束\",\"activityNum\":7,\"activityType\":\"EndActivity\",\"enable\":1,\"id\":\"743630a8-1cbb-4142-8afd-9bdbdbd2277b\",\"properties\":\"{\\\"maxLevel\\\":1,\\\"level\\\":1}\",\"workflowDefinitionId\":\"626d0e16-270b-486a-99e6-bf4bf3908d5d\"},{\"activityName\":\"事件审核\",\"activityNum\":2,\"activityType\":\"AuditActivity\",\"assigners\":\"e6g7bee4-1cdb-4458-a926-7d85ffdeed7b\",\"enable\":1,\"failedRedirect\":\"1\",\"id\":\"c19512c9-d706-4d52-aab3-41414f03b15f\",\"properties\":\"{\\\"maxLevel\\\":1,\\\"level\\\":1}\",\"successfulRedirect\":\"3\",\"workflowDefinitionId\":\"626d0e16-270b-486a-99e6-bf4bf3908d5d\"},{\"activityName\":\"事件结案\",\"activityNum\":3,\"activityType\":\"CloseActivity\",\"assigners\":\"e6g7b1e4-ecdb-4458-a926-7d85ffdeed7b\",\"enable\":1,\"failedRedirect\":\"2\",\"id\":\"cec2c167-3666-4a91-8f87-ad0e85b8f44a\",\"properties\":\"{\\\"maxLevel\\\":1,\\\"level\\\":1}\",\"successfulRedirect\":\"4\",\"workflowDefinitionId\":\"626d0e16-270b-486a-99e6-bf4bf3908d5d\"},{\"activityName\":\"事件上报\",\"activityNum\":1,\"activityType\":\"ReportActivity\",\"enable\":1,\"id\":\"d71be7ee-6847-4c01-82c2-a39388cfbbfa\",\"properties\":\"{\\\"maxLevel\\\":1}\",\"successfulRedirect\":\"2\",\"workflowDefinitionId\":\"626d0e16-270b-486a-99e6-bf4bf3908d5d\"},{\"activityName\":\"流程开始\",\"activityNum\":0,\"activityType\":\"StartActivity\",\"enable\":1,\"id\":\"ddb211be-35af-4b67-bce4-37d413751846\",\"properties\":\"{\\\"maxLevel\\\":1}\",\"successfulRedirect\":\"2\",\"workflowDefinitionId\":\"626d0e16-270b-486a-99e6-bf4bf3908d5d\"}]}}', '2019-05-24 17:49:22', '2019-05-24 17:49:22');
COMMIT;

-- ----------------------------
--  Table structure for `workflow_task`
-- ----------------------------
DROP TABLE IF EXISTS `workflow_task`;
CREATE TABLE `workflow_task` (
  `id` varchar(50) NOT NULL,
  `workflow_instance_id` varchar(50) DEFAULT NULL COMMENT '流程实例ID',
  `serial_id` varchar(50) DEFAULT NULL,
  `name` varchar(50) DEFAULT NULL COMMENT '任务名称',
  `assigner` varchar(50) DEFAULT NULL COMMENT '执行人',
  `completed` int(1) DEFAULT NULL COMMENT '是否完成',
  `enable` int(11) DEFAULT NULL COMMENT '是否激活',
  `detail` text COMMENT '审核内容，JSON格式',
  `type` int(11) DEFAULT NULL COMMENT '任务类型: Report = 1, Audit = 2,  Close = 4, Trace = 8,  Reform = 16,  Reform_Audit = 32',
  `result` int(11) DEFAULT NULL COMMENT '执行结果:  无状态=普通提交表单=NONE=0,  审核通过(PASS)=1, 退回(RETURNED)=2, 作废(CANCEL)=4',
  `level` int(11) DEFAULT NULL COMMENT '负责存储task的审核级别',
  `create_time` timestamp NULL DEFAULT CURRENT_TIMESTAMP COMMENT '创建时间',
  `update_time` timestamp NULL DEFAULT CURRENT_TIMESTAMP ON UPDATE CURRENT_TIMESTAMP COMMENT '更新时间',
  PRIMARY KEY (`id`)
) ENGINE=InnoDB DEFAULT CHARSET=utf8 COMMENT='工作流程任务';

-- ----------------------------
--  Records of `workflow_task`
-- ----------------------------
BEGIN;
INSERT INTO `workflow_task` VALUES ('01a19c50-8f20-4720-9b93-813fd3b47184', '662ac2d9c0ab4c4f9d06fb2e417775d9', '3e38bcc2-44ff-49db-a1fc-c28c7f3af36f', '事件审核task', 'e6g7bee4-2cdb-4458-a926-7d85ffdeed7b', '0', '1', null, '2', '0', '2', '2019-05-24 18:06:14', '2019-05-24 18:06:14'), ('047df143-a5c6-4891-a2f0-40ff6afd2eb3', '662ac2d9c0ab4c4f9d06fb2e417775d9', '37b45ea5-1bdc-43ce-869c-558c7f6104ff', '事件审核task', 'e6g7bee4-3cdb-4458-a926-7d85ffdeed7b', '1', '1', '{\"attachment\":\"[]\",\"comment\":\"退回\"}', '2', '2', '3', '2019-05-24 18:06:14', '2019-05-24 18:06:14'), ('09a7a4c9-a0c9-4be7-aee0-ac90e6890000', '77bb4aa387ca423e8705db2d211ce742', '54667c97-10b9-4daf-a821-6e33e373f42d', '事件审核task', 'e6g7bee4-2cdb-4458-a926-7d85ffdeed7b', '1', '1', '{\"attachment\":\"[]\",\"comment\":\"111\"}', '2', '1', '1', '2019-05-24 10:51:18', '2019-05-24 10:51:18'), ('0c2e0cd9-bcaf-4e91-af86-5d8e1eb32c05', '7d64c53f7a1a437c94bdb3f659a3f17c', '8fa288ec-1ccc-47ee-9924-fdeddbeeb6e4', '事件整改task', 'e6g7bee4-3cdb-4458-a926-7d85ffdeed7b', '0', '1', null, '16', '0', null, '2019-05-24 10:34:58', '2019-05-24 10:34:58'), ('0d334203-262d-4b22-aa87-830b20c664fd', '75af1a23d1ac42ef97d05ac6b72106ec', '55759521-c502-496d-bd5b-92b7bc590156', '事件整改task', 'e6g7bee4-2cdb-4458-a926-7d85ffdeed7b', '0', '1', null, '16', '0', null, '2019-05-24 20:07:32', '2019-05-24 20:07:32'), ('0f2cd68d-38b2-4795-b012-6be324bb198d', '16c5f66d20d54908871845ff69722cf7', 'f3961032-761a-4aa8-adc9-d37ddc442bd0', '事件上报task', '1', '1', '1', null, '1', '0', null, '2019-05-24 10:48:39', '2019-05-27 14:27:58'), ('12713247-fd38-4e81-ae53-6098e0fc6449', '1-1', 'ac649b9c-6f56-4e75-82d8-4557afa392b6', '事件审核task', 'e6g7bee4-1cdb-4458-a926-7d85ffdeed7b', '1', '1', null, '2', '1', '1', '2019-05-24 16:50:37', '2019-05-24 16:51:56'), ('12cea4c2-d00e-492b-ade3-a78c380f6eea', 'd0a05390748a4e9f86dcb415bddd71ac', '6c130e1f-96fd-4cfe-aa3c-e042054628cf', '事件审核task', 'e6g7bee4-3cdb-4458-a926-7d85ffdeed7b', '0', '1', null, '2', '0', '1', '2019-05-24 10:31:24', '2019-05-24 10:31:24'), ('149c214a-3007-482f-ae30-708e940a724f', 'e8ecb827917c4312a87b61d1d474e65b', '58a416f6-a582-484e-af50-70eb9cf59457', '事件整改task', 'e6g7bee4-3cdb-4458-a926-7d85ffdeed7b', '1', '1', '{\"attachment\":[\"\"],\"comment\":\"护士整改\"}', '16', '1', null, '2019-05-24 16:03:41', '2019-05-24 16:04:18'), ('1f7532f0-ef6e-4e6d-b31d-c0218f1f6223', '3faf3907882e4be6a05f59516e05d262', '16edf3a8-42b3-4a76-b1c1-0344c8376433', '事件结案task', 'e6g7b1e4-ecdb-4458-a926-7d85ffdeed7b', '0', '1', null, '4', '0', null, '2019-05-24 14:17:44', '2019-05-24 14:17:44'), ('218c969c-e0ac-4e01-b1d1-0846bec8ca9b', '02589708fcbf47509452e3115c580fa3', 'fbfe9f07-3297-4fdf-b7c2-00ef1ee9eb52', '事件初始化上报task', '1', '1', '1', null, '1', '0', null, '2019-05-24 16:48:06', '2019-05-24 16:48:06'), ('23016aa6-f2fc-467d-b037-c2a5a128c5fe', '1-1', '4081f8ef-9319-4f58-831e-6e4c986d115d', '事件审核task', 'e6g7bee4-2cdb-4458-a926-7d85ffdeed7b', '1', '1', null, '2', '2', '2', '2019-05-24 16:51:56', '2019-05-24 16:53:21'), ('24adf933-7c1b-4bca-a4a8-d754b61614c5', '7af783560f3547c1b075c1434612c416', 'f9a230df-e65a-4422-8637-b1b8a360f4d4', '事件初始化上报task', '1', '1', '1', null, '1', '0', null, '2019-05-27 15:21:46', '2019-05-27 15:21:46'), ('26691018-51a6-4fcc-b4ca-b564f2581958', 'f2cc7f214ff74dbba0da5327895589a7', '341474c1-7002-42ef-b988-d838a25468f9', '事件审核task', 'e6g7bee4-1cdb-4458-a926-7d85ffdeed7b', '0', '1', null, '2', '0', '1', '2019-05-24 17:49:23', '2019-05-24 17:49:23'), ('26d8de36-cec7-49a1-9767-abc53ff8c157', '16c5f66d20d54908871845ff69722cf7', 'd956c3ae-0ef4-4cb8-aab5-aaa70f99f020', '事件初始化上报task', '1', '1', '1', null, '1', '0', null, '2019-05-24 10:46:31', '2019-05-24 10:46:31'), ('2afc1375-8091-47e9-ad03-05d36de62630', '80f0aba63a1842d281748c3520f84cf4', 'c2eb662d-edaf-4ac3-bc4d-4c1b797441b8', '事件审核task', 'e6g7bee4-3cdb-4458-a926-7d85ffdeed7b', '0', '1', null, '2', '0', '1', '2019-05-24 10:48:36', '2019-05-24 10:48:36'), ('31e865ad-4102-445d-be9d-437803134f78', '68c6d6910aa445dfb679875c9fec1a17', 'eb8329d9-0a4b-4f8d-ab09-7197c2648c09', '事件审核task', 'e6g7bee4-1cdb-4458-a926-7d85ffdeed7b', '0', '1', null, '2', '0', '1', '2019-05-27 15:23:26', '2019-05-27 15:23:26'), ('32039e01-c0b2-45c8-811c-0c341f898dd1', '16c5f66d20d54908871845ff69722cf7', '143b4ab5-ce04-4653-9304-521ed6a21309', '事件审核task', 'e6g7bee4-1cdb-4458-a926-7d85ffdeed7b', '1', '1', '{\"attachment\":\"[]\",\"comment\":\"222\"}', '2', '2', '1', '2019-05-24 10:48:39', '2019-05-24 10:48:39'), ('35d62048-f721-4348-8aa0-bf94ba34f390', 'd0a05390748a4e9f86dcb415bddd71ac', '6c130e1f-96fd-4cfe-aa3c-e042054628cf', '事件审核task', 'e6g7bee4-4cdb-4458-a926-7d85ffdeed7b', '0', '1', null, '2', '0', '1', '2019-05-24 10:31:24', '2019-05-24 10:31:24'), ('3babd6c3-3b8c-48be-b2cb-fadc6addc985', 'ac7f1a41464f448489d32ed4ad39d8b5', 'e59dc81b-4072-4e9c-a434-322f5f8b3a6d', '事件审核task', 'e6g7bee4-1cdb-4458-a926-7d85ffdeed7b', '1', '1', '{\"attachment\":\"[]\",\"comment\":\"1级通过\"}', '2', '1', '1', '2019-05-24 14:31:46', '2019-05-24 14:31:47'), ('3d1f45ac-b7b3-419f-8b64-1afeeee3bb67', '4ee5ae981e5c4dfd8d121b37e25b0f2d', 'e6915b0c-e145-43ba-a5db-0bc3555d5279', '事件初始化上报task', '1', '1', '1', null, '1', '0', null, '2019-05-24 19:33:12', '2019-05-24 19:33:12'), ('4055db4b-ab01-486c-a34b-ffcb78ba3159', 'cd5c99e6069d468a9fe143217fa41025', 'fc1d8b51-5984-4f44-a896-137ca3b80a15', '事件初始化上报task', '1', '1', '1', null, '1', '0', null, '2019-05-24 16:40:11', '2019-05-24 16:40:11'), ('41183ef7-1af5-4b55-aabd-e62fc8fae0a6', '21ef127700794e15a619cc4c761c7689', 'a89fa2a8-276d-4382-9f2d-c3f9b076f031', '事件审核task', 'e6g7bee4-2cdb-4458-a926-7d85ffdeed7b', '1', '1', '{\"attachment\":\"[]\",\"comment\":\"不合格\"}', '2', '2', '2', '2019-05-24 16:11:06', '2019-05-24 16:11:06'), ('426630d5-d267-4dde-b3d9-734729462eba', '8448a85b3d214bcdafaefc2cc0ab1e1a', '81a3450d-00c7-4fde-b213-63053c0d29cf', '事件上报task', '1', '0', '1', null, '1', '0', null, '2019-05-24 16:07:08', '2019-05-24 16:07:08'), ('474c20e8-a44e-475b-af67-28935e67cd4d', '80f0aba63a1842d281748c3520f84cf4', 'c2eb662d-edaf-4ac3-bc4d-4c1b797441b8', '事件审核task', 'e6g7bee4-4cdb-4458-a926-7d85ffdeed7b', '0', '1', null, '2', '0', '1', '2019-05-24 10:48:36', '2019-05-24 10:48:36'), ('4b7cd909-667b-4d91-adb8-d36249daba3f', '7d64c53f7a1a437c94bdb3f659a3f17c', 'c1b57134-0e17-4658-ba2c-96eab74b9a9c', '事件初始化上报task', '1', '1', '1', null, '1', '0', null, '2019-05-24 10:19:03', '2019-05-24 10:19:03'), ('4d730595-4f2a-4dec-ac16-0d1dbb1cf81e', '75af1a23d1ac42ef97d05ac6b72106ec', '69a61c47-8853-4757-a694-bae9879b18e6', '事件审核task', 'e6g7bee4-1cdb-4458-a926-7d85ffdeed7b', '1', '1', '{\"attachment\":\"[]\",\"comment\":\"通过\"}', '2', '1', '1', '2019-05-24 18:01:32', '2019-05-24 18:01:32'), ('53de886f-c5a7-4458-ab62-fa224b026497', 'cd5c99e6069d468a9fe143217fa41025', 'e36a695e-b499-434a-8f91-634186a19ba9', '事件审核task', 'e6g7bee4-1cdb-4458-a926-7d85ffdeed7b', '1', '1', '{\"attachment\":\"[]\",\"comment\":\"通过\"}', '2', '1', '1', '2019-05-24 16:40:39', '2019-05-24 16:40:39'), ('53f08cb6-03f0-4ed2-ad3d-19ace6f4590f', '65508b37d99940288c18c78c3827c57e', 'a5a2101e-394f-4496-9898-cef934a04ca1', '事件初始化上报task', '1', '1', '1', null, '1', '0', null, '2019-05-24 15:56:17', '2019-05-24 15:56:17'), ('55f4a704-d5c7-4b38-b34f-20872b08bc5e', '1-1', '709f22d4-f579-4493-a0f7-a1575a643a6b', '事件初始化上报task', null, '1', '1', null, '1', '0', null, '2019-05-24 16:50:36', '2019-05-24 16:50:36'), ('5ab79ecf-d983-48b0-8988-31195c2f02b2', '3faf3907882e4be6a05f59516e05d262', '7d0c5158-59c9-45a6-b474-216102b69086', '事件审核task', 'e6g7bee4-2cdb-4458-a926-7d85ffdeed7b', '1', '1', '{\"attachment\":\"[]\",\"comment\":\"11111\"}', '2', '1', '2', '2019-05-24 14:17:20', '2019-05-24 14:17:20'), ('5ac5a502-a373-4c21-b99d-7b13dee758dd', '8709a133eaa749448bd78745adae4254', '2185c6fd-6d37-4ffa-ac2f-98a672aa035e', '事件整改审核task', 'e6g7bee4-4cdb-4458-a926-7d85ffdeed7b', '1', '1', '{\"attachment\":[{\"123\",\"324\"}],\"comment\":\"审核通过\"}', '32', '1', null, '2019-05-24 14:50:04', '2019-05-24 16:35:19'), ('5bfc9cd8-089c-4fe9-9350-791cded08857', '21ef127700794e15a619cc4c761c7689', '0e01cf90-c852-4259-858c-64cdf074b2b1', '事件审核task', 'e6g7bee4-1cdb-4458-a926-7d85ffdeed7b', '1', '1', '{\"attachment\":\"[]\",\"comment\":\"合格\"}', '2', '1', '1', '2019-05-24 16:10:41', '2019-05-24 16:10:41'), ('5d5b5744-1d42-4b3b-8c6b-42130dd4c09f', '8709a133eaa749448bd78745adae4254', '59e67823-a9e3-476d-ad64-684261c9c7af', '事件初始化上报task', '1', '1', '1', null, '1', '0', null, '2019-05-24 14:42:13', '2019-05-24 14:42:13'), ('5ffccc42-df59-4a76-9b41-33d998c470fa', '8709a133eaa749448bd78745adae4254', '744a43da-8479-4b62-ba76-dba3162192e8', '事件整改task', 'e6g7bee4-2cdb-4458-a926-7d85ffdeed7b', '1', '1', '{\"attachment\":[\"\"],\"comment\":\"医生整改结果\"}', '16', '1', null, '2019-05-24 14:49:01', '2019-05-24 14:50:04'), ('6361b43f-4991-4295-8220-940b5e24f697', 'e8ecb827917c4312a87b61d1d474e65b', '5fe8aa62-8af4-4893-ad8c-5c76dad575ed', '事件整改审核task', 'e6g7bee4-4cdb-4458-a926-7d85ffdeed7b', '1', '1', '{\"attachment\":[\"\"],\"comment\":\"通过\"}', '32', '1', null, '2019-05-24 16:04:19', '2019-05-24 16:04:46'), ('646cd434-30a4-424a-9d78-4dc7b1abb066', '672c1e2086874d9093fd103f779fe4ae', '39fc211a-aa2c-4ec2-8cd9-7fb1776de17f', '事件审核task', 'e6g7bee4-1cdb-4458-a926-7d85ffdeed7b', '1', '1', '{\"attachment\":\"[]\",\"comment\":\"111\"}', '2', '1', '1', '2019-05-24 11:12:45', '2019-05-24 11:12:46'), ('684a4b3b-5a29-4473-8cb3-7dda82075fa1', '8709a133eaa749448bd78745adae4254', '16199889-aaab-437f-ba25-f9376e74bf0e', '事件追踪task', 'e6g71ee4-ecdb-4458-a926-7d85ffdeed7b', '1', '1', '{\"comment\":\"\"}', '8', '1', null, '2019-05-24 14:47:34', '2019-05-24 14:49:01'), ('6b14c17f-8b45-401e-9b54-baad83cc7c2e', '358c5d1a674040a99249067ea6b66665', '593f55ef-4f60-47f5-9486-604bef9023c7', '事件审核task', 'e6g7bee4-2cdb-4458-a926-7d85ffdeed7b', '1', '1', '{\"attachment\":\"[]\",\"comment\":\"222\"}', '2', '1', '1', '2019-05-24 11:04:52', '2019-05-24 11:04:52'), ('6b99a314-0e48-4722-bad3-deb1fbc79fe5', '65508b37d99940288c18c78c3827c57e', 'd0a68783-ffd9-4621-95e0-6b4fa6054a70', '事件结案task', 'e6g7b1e4-ecdb-4458-a926-7d85ffdeed7b', '1', '1', '{\"attachment\":\"[]\",\"comment\":\"结案通过\"}', '4', '1', null, '2019-05-24 15:58:24', '2019-05-24 15:58:24'), ('6cb0b7ff-5ce6-4a01-82d1-3cbb2dc67ff1', '672c1e2086874d9093fd103f779fe4ae', '3a9550d4-3726-4f50-badb-4e9a7b99e015', '事件初始化上报task', '1', '1', '1', null, '1', '0', null, '2019-05-24 11:11:51', '2019-05-24 11:11:51'), ('6d19de18-1868-4260-8006-f52181ab833b', '65508b37d99940288c18c78c3827c57e', 'd6f63bdc-d201-4faa-baf2-b60a7869876c', '事件整改审核task', 'e6g7bee4-4cdb-4458-a926-7d85ffdeed7b', '1', '1', '{\"attachment\":[\"\"],\"comment\":\"整改通过\"}', '32', '1', null, '2019-05-24 16:00:07', '2019-05-24 16:00:48'), ('701ff90b-9b3a-480d-a62a-650e678976a8', '80f0aba63a1842d281748c3520f84cf4', 'c2eb662d-edaf-4ac3-bc4d-4c1b797441b8', '事件审核task', 'e6g7bee4-5cdb-4458-a926-7d85ffdeed7b', '0', '1', null, '2', '0', '1', '2019-05-24 10:48:36', '2019-05-24 10:48:36'), ('71357c32-c24b-4704-a2e3-b8da3264205e', '3faf3907882e4be6a05f59516e05d262', '1cb96f28-e053-47a8-b55a-eb19e3ca12a5', '事件审核task', 'e6g7bee4-1cdb-4458-a926-7d85ffdeed7b', '1', '1', '{\"attachment\":\"[]\",\"comment\":\"1111\"}', '2', '1', '1', '2019-05-24 14:00:36', '2019-05-24 14:00:36'), ('72aa5ad7-6dcd-4281-a213-ebaa9d0dd44f', '77bb4aa387ca423e8705db2d211ce742', '3bdb6242-3e31-404d-9b95-03c40a16d1ff', '事件审核task', 'e6g7bee4-2cdb-4458-a926-7d85ffdeed7b', '0', '1', null, '2', '0', '2', '2019-05-24 10:51:18', '2019-05-24 10:51:18'), ('76bd50ca-3eae-4c41-a88b-56e171aef6da', '7d64c53f7a1a437c94bdb3f659a3f17c', '8de141c2-2bcc-45e7-b9ac-11d36fde4343', '事件追踪task', 'e6g71ee4-ecdb-4458-a926-7d85ffdeed7b', '1', '1', '{\"comment\":\"\"}', '8', '1', null, '2019-05-24 10:30:24', '2019-05-24 10:34:57'), ('793cfc09-08dd-4912-b46b-5e9262df376d', '02589708fcbf47509452e3115c580fa3', '2ac89c35-bf73-43d0-9f5f-bd2479633bf5', '事件审核task', 'e6g7bee4-1cdb-4458-a926-7d85ffdeed7b', '0', '1', null, '2', '0', '1', '2019-05-24 16:48:07', '2019-05-24 16:48:07'), ('79665a9c-4db8-4eb4-b89c-cb3e428db169', '3faf3907882e4be6a05f59516e05d262', '9fea461a-8a56-45d5-8c18-d6dd909c44c1', '事件审核task', 'e6g7bee4-3cdb-4458-a926-7d85ffdeed7b', '1', '1', '{\"attachment\":\"[]\",\"comment\":\"11111\"}', '2', '2', '3', '2019-05-24 14:17:43', '2019-05-24 14:17:44'), ('7f1b272e-d2d9-4a5c-9f53-3863f9349094', '65508b37d99940288c18c78c3827c57e', '0c04f5e8-afd3-4134-8652-928e089fc8f6', '事件审核task', 'e6g7bee4-2cdb-4458-a926-7d85ffdeed7b', '1', '1', '{\"attachment\":\"[]\",\"comment\":\"二级通过\"}', '2', '1', '2', '2019-05-24 15:57:50', '2019-05-24 15:57:50'), ('7f4031c6-08d3-45d2-b3ed-d5292ff67c36', '7d64c53f7a1a437c94bdb3f659a3f17c', '0b354e44-f0ee-4a43-965e-c0409ba0a1b2', '事件审核task', 'e6g7bee4-1cdb-4458-a926-7d85ffdeed7b', '1', '1', '{\"attachment\":\"[]\",\"comment\":\"11111\"}', '2', '1', '1', '2019-05-24 10:23:58', '2019-05-24 10:23:58'), ('809f0419-473d-4f56-92b5-847c7bf0be6f', 'e0b581bf036b4cb795a0efaae7f244fe', 'e393bf0f-9077-4b55-a0cd-9a58e67eaefe', '事件初始化上报task', '1', '1', '1', null, '1', '0', null, '2019-05-24 16:25:06', '2019-05-24 16:25:06'), ('81c2d730-6735-499e-a3c8-39e9eb99ea9b', '4d792274b5ca4e84bd2f8d34acd11f7a', '05e7d7dd-4be9-4761-a14a-d2e4921b923f', '事件结案task', 'e6g7b1e4-ecdb-4458-a926-7d85ffdeed7b', '0', '1', null, '4', '0', null, '2019-05-24 16:44:30', '2019-05-24 16:44:30'), ('83ae5bcc-9077-46c2-9d27-65d97738b89f', '358c5d1a674040a99249067ea6b66665', 'b602bb25-dea3-440e-bfd5-043e81a3e2af', '事件审核task', 'e6g7bee4-2cdb-4458-a926-7d85ffdeed7b', '1', '1', '{\"attachment\":\"[]\",\"comment\":\"11\"}', '2', '4', '2', '2019-05-24 11:06:03', '2019-05-24 11:06:03'), ('849c060e-2a4c-4610-916e-d7f160d328a7', '77bb4aa387ca423e8705db2d211ce742', '002d306e-a70f-48f8-9d8f-84b336611bb8', '事件初始化上报task', '-1', '1', '1', null, '1', '0', null, '2019-05-24 10:21:31', '2019-05-24 10:21:31'), ('874c6d07-e535-445a-8127-44e6ab300a57', 'e8ecb827917c4312a87b61d1d474e65b', '58a416f6-a582-484e-af50-70eb9cf59457', '事件整改task', 'e6g7bee4-2cdb-4458-a926-7d85ffdeed7b', '0', '1', null, '16', '0', null, '2019-05-24 16:03:41', '2019-05-24 16:03:41'), ('88b72813-0249-4103-b352-c2f490a4ef39', '4ee5ae981e5c4dfd8d121b37e25b0f2d', 'd52f3ce2-9847-4015-8c60-24500a2eeafb', '事件结案task', 'e6g7b1e4-ecdb-4458-a926-7d85ffdeed7b', '0', '1', null, '4', '0', null, '2019-05-24 19:33:56', '2019-05-24 19:33:56'), ('89b2aaa6-1a48-4500-a8c1-6461132d3452', 'e8ecb827917c4312a87b61d1d474e65b', '86d7d735-d794-49b5-a06a-691d8c03d1cb', '事件初始化上报task', '1', '1', '1', null, '1', '0', null, '2019-05-24 16:01:54', '2019-05-24 16:01:54'), ('8d0e7f47-5027-4eb9-b6b1-4b1111ff0446', 'ac7f1a41464f448489d32ed4ad39d8b5', '24701e2a-13a0-4918-87d6-2c8a06c3d516', '事件初始化上报task', '1', '1', '1', null, '1', '0', null, '2019-05-24 14:31:06', '2019-05-24 14:31:06'), ('8eab4346-4dbd-4f09-affe-87be43286420', '65508b37d99940288c18c78c3827c57e', 'bd01fb91-5a99-402e-873d-ce080661f461', '事件追踪task', 'e6g71ee4-ecdb-4458-a926-7d85ffdeed7b', '1', '1', '{\"comment\":\"\"}', '8', '1', null, '2019-05-24 15:58:25', '2019-05-24 15:59:11'), ('92a1e20c-67af-431c-ab00-6d813d843b8d', '65508b37d99940288c18c78c3827c57e', '0e6201b2-4379-48d4-a5b1-f6d05683c137', '事件审核task', 'e6g7bee4-1cdb-4458-a926-7d85ffdeed7b', '1', '1', '{\"attachment\":\"[]\",\"comment\":\"一级通过\"}', '2', '1', '1', '2019-05-24 15:57:16', '2019-05-24 15:57:17'), ('938c5ada-abb4-4807-961d-c6fde39f5dee', '7d64c53f7a1a437c94bdb3f659a3f17c', 'e562931f-0a2a-4ba6-bd79-4f351ef33d53', '事件结案task', 'e6g7b1e4-ecdb-4458-a926-7d85ffdeed7b', '1', '1', '{\"attachment\":\"[]\",\"comment\":\"111\"}', '4', '1', null, '2019-05-24 10:30:24', '2019-05-24 10:30:24'), ('944133f4-c72b-46a9-b936-64d12e93fed4', '7af783560f3547c1b075c1434612c416', 'ae327183-3cb1-462d-bd67-c4e8fdc45da5', '事件审核task', 'e6g7bee4-1cdb-4458-a926-7d85ffdeed7b', '0', '1', null, '2', '0', '1', '2019-05-27 15:21:47', '2019-05-27 15:21:47'), ('9616094a-8927-417c-a5f3-c9067c9350cb', 'e8ecb827917c4312a87b61d1d474e65b', '5a372616-f834-42fb-a033-436d35501ca6', '事件结案task', 'e6g7b1e4-ecdb-4458-a926-7d85ffdeed7b', '1', '1', '{\"attachment\":\"[]\",\"comment\":\"通过\"}', '4', '1', null, '2019-05-24 16:02:55', '2019-05-24 16:02:55'), ('99d2b3c9-86d2-409b-8039-4f115637fa89', '75af1a23d1ac42ef97d05ac6b72106ec', '5bc96a25-3019-4976-ba8d-5934e4a34a82', '事件初始化上报task', '1', '1', '1', null, '1', '0', null, '2019-05-24 18:00:49', '2019-05-24 18:00:49'), ('9bbf0609-30a1-4e1e-ad8e-030b256e1875', 'f2cc7f214ff74dbba0da5327895589a7', '3a9d3711-c91c-4072-9d3a-1367192352b2', '事件初始化上报task', '-1', '1', '1', null, '1', '0', null, '2019-05-24 17:49:22', '2019-05-24 17:49:22'), ('9d01d829-c438-4d4c-80e3-3577ca783cae', '75af1a23d1ac42ef97d05ac6b72106ec', '1d79c2b0-4d44-40aa-9d04-b4c2140906af', '事件整改审核task', 'e6g7bee4-4cdb-4458-a926-7d85ffdeed7b', '1', '1', '{\"attachment\":\"[]\",\"comment\":\"444\"}', '32', '1', null, '2019-05-24 20:08:03', '2019-05-24 20:08:32'), ('9ddfac1d-ab54-48fc-8225-d188bdb784ae', '75af1a23d1ac42ef97d05ac6b72106ec', 'f0ae4139-f29c-4c1e-b576-06d80ec24d73', '事件追踪task', 'e6g71ee4-ecdb-4458-a926-7d85ffdeed7b', '1', '1', '{\"comment\":\"\"}', '8', '1', null, '2019-05-24 20:06:56', '2019-05-24 20:07:32'), ('9e1fc98b-5e28-460d-a25f-02ed2b897fbb', 'd0a05390748a4e9f86dcb415bddd71ac', '7b0b6a15-905b-4150-bc82-f94472885f5b', '事件初始化上报task', '1', '1', '1', null, '1', '0', null, '2019-05-24 10:31:23', '2019-05-24 10:31:23'), ('a535e80d-2471-40ec-9952-e07bb743a882', '65508b37d99940288c18c78c3827c57e', '409bdfc6-ec9d-407b-85d4-a1685f4fa2a0', '事件整改task', 'e6g7bee4-2cdb-4458-a926-7d85ffdeed7b', '1', '1', '{\"attachment\":[\"\"],\"comment\":\"医生整改1\"}', '16', '1', null, '2019-05-24 15:59:11', '2019-05-24 16:00:06'), ('a83f43b3-751a-46b4-a6ac-3243027acd9c', 'e2394363e48549fbb3ec9c317adb17f3', '6b953064-b88d-437c-b2f0-8d5ded05fe3d', '事件审核task', 'e6g7bee4-1cdb-4458-a926-7d85ffdeed7b', '1', '1', '{\"attachment\":\"[]\",\"comment\":\"不合格\"}', '2', '4', '1', '2019-05-24 16:23:20', '2019-05-24 16:23:20'), ('a88d806f-a51f-494b-96f7-200c90ea612f', '75af1a23d1ac42ef97d05ac6b72106ec', '59eed55d-bdad-46c6-b584-20c3061b7768', '事件结案task', 'e6g7b1e4-ecdb-4458-a926-7d85ffdeed7b', '1', '1', '{\"attachment\":\"[]\",\"comment\":\"11\"}', '4', '1', null, '2019-05-24 20:06:56', '2019-05-24 20:06:56'), ('a8afbb55-ee06-4f0d-8ab6-da8f92a2b560', 'e0b581bf036b4cb795a0efaae7f244fe', 'ec3d9e73-b499-4d07-8a14-7dc349445ca0', '事件审核task', 'e6g7bee4-1cdb-4458-a926-7d85ffdeed7b', '1', '1', '{\"attachment\":\"[]\",\"comment\":\"合格\"}', '2', '1', '1', '2019-05-24 16:25:35', '2019-05-24 16:25:36'), ('a95fc8b4-7a1f-45fb-a663-94d15fa06580', '8709a133eaa749448bd78745adae4254', '744a43da-8479-4b62-ba76-dba3162192e8', '事件整改task', 'e6g7bee4-3cdb-4458-a926-7d85ffdeed7b', '0', '1', null, '16', '0', null, '2019-05-24 14:49:01', '2019-05-24 14:49:01'), ('afa19056-361e-436a-a1da-0d45d4889092', 'd0a05390748a4e9f86dcb415bddd71ac', '6c130e1f-96fd-4cfe-aa3c-e042054628cf', '事件审核task', 'e6g7bee4-5cdb-4458-a926-7d85ffdeed7b', '0', '1', null, '2', '0', '1', '2019-05-24 10:31:24', '2019-05-24 10:31:24'), ('afc9a1b2-007b-4fd0-9a80-97934941f56f', '358c5d1a674040a99249067ea6b66665', '0da4d85c-db82-4cb4-85d6-0ffd066c5a7a', '事件初始化上报task', '1', '1', '1', null, '1', '0', null, '2019-05-24 10:47:40', '2019-05-24 10:47:40'), ('b0f6aa9f-74f7-4b11-871e-97ab1aff5e2f', '672c1e2086874d9093fd103f779fe4ae', 'ec2fd9b0-72a2-455b-804e-a628cad8c14c', '事件结案task', 'e6g7b2e4-ecdb-4458-a926-7d85ffdeed7b', '0', '1', null, '4', '0', null, '2019-05-24 11:13:19', '2019-05-24 11:13:19'), ('b15f664f-2a2a-4b3f-9892-3e64b348d5fb', '4d792274b5ca4e84bd2f8d34acd11f7a', '80a8fbc8-62df-4f25-939f-6b331323eca0', '事件初始化上报task', '1', '1', '1', null, '1', '0', null, '2019-05-24 16:43:14', '2019-05-24 16:43:14'), ('b6aac3c6-bf12-4ad0-aa88-de1b933d0ee4', '8448a85b3d214bcdafaefc2cc0ab1e1a', '9fd713fe-3d69-4a4b-8bae-24d4ea784ba9', '事件初始化上报task', '1', '1', '1', null, '1', '0', null, '2019-05-24 16:06:01', '2019-05-24 16:06:01'), ('b7542906-ab79-4ca3-8b3d-51a039b23462', '8709a133eaa749448bd78745adae4254', '8b19a35f-0133-45bd-b68c-bde10152a20d', '事件审核task', null, '1', '1', '{\"attachment\":\"[]\",\"comment\":\"一级通过\"}', '2', '1', '1', '2019-05-24 14:45:32', '2019-05-24 14:45:35'), ('bdab0cbc-51e1-4f50-b457-d1b69130f634', '672c1e2086874d9093fd103f779fe4ae', 'f7e6e6d6-8a34-40a1-8758-f0bcde1478d6', '事件审核task', 'e6g7bee4-2cdb-4458-a926-7d85ffdeed7b', '1', '1', '{\"attachment\":\"[]\",\"comment\":\"222\"}', '2', '2', '2', '2019-05-24 11:13:19', '2019-05-24 11:13:19'), ('bf4fc1c0-7061-4556-8398-d8352898be93', '1-1', 'aea2fb1f-1f56-463e-b07d-d76c4fe84039', '事件结案task', 'e6g7b1e4-ecdb-4458-a926-7d85ffdeed7b', '0', '1', null, '4', '0', null, '2019-05-24 17:30:55', '2019-05-24 17:30:55'), ('bff44599-f11f-488c-9729-18fc573c7cf3', 'cd5c99e6069d468a9fe143217fa41025', '1e4ea6d8-77a7-4459-abd6-20a58a5e9d89', '事件结案task', 'e6g7b1e4-ecdb-4458-a926-7d85ffdeed7b', '0', '1', null, '4', '0', null, '2019-05-24 16:40:39', '2019-05-24 16:40:39'), ('c3d3af83-babb-40f6-b0a6-59f6797febbb', '8709a133eaa749448bd78745adae4254', '7281bd2a-247b-4e82-9bbf-c43023bea1ad', '事件审核task', 'e6g7bee4-2cdb-4458-a926-7d85ffdeed7b', '1', '1', '{\"attachment\":\"[]\",\"comment\":\"二级通过\"}', '2', '1', '2', '2019-05-24 14:46:34', '2019-05-24 14:46:34'), ('c3ebe880-62e0-4c12-a1a8-dc6861be04b5', '662ac2d9c0ab4c4f9d06fb2e417775d9', 'db9af87a-96a9-4e5f-9b62-531b3ee805b3', '事件审核task', 'e6g7bee4-2cdb-4458-a926-7d85ffdeed7b', '1', '1', '{\"attachment\":\"[]\",\"comment\":\"通过\"}', '2', '1', '2', '2019-05-24 18:05:54', '2019-05-24 18:05:54'), ('c47a71cd-3ad6-4d5f-9d00-cc803320c02e', '7d64c53f7a1a437c94bdb3f659a3f17c', '05b54453-c39c-4e4f-9bb9-eeccdd305c56', '事件整改审核task', 'e6g7bee4-6cdb-4458-a926-7d85ffdeed7b', '0', '1', null, '32', '0', null, '2019-05-24 10:37:34', '2019-05-24 10:37:34'), ('c7fb2153-4dec-4950-9222-4fd88dc4c47d', '662ac2d9c0ab4c4f9d06fb2e417775d9', '790dce51-3837-462c-8121-4a9912b59a0e', '事件审核task', 'e6g7bee4-1cdb-4458-a926-7d85ffdeed7b', '1', '1', '{\"attachment\":\"[]\",\"comment\":\"通过\"}', '2', '1', '1', '2019-05-24 18:05:18', '2019-05-24 18:05:18'), ('ca25b807-eeb9-40b0-8354-67c46bfc6915', '16c5f66d20d54908871845ff69722cf7', '22617693-38f6-4dc9-864a-f0d5186db40b', '事件审核task', 'e6g7bee4-1cdb-4458-a926-7d85ffdeed7b', '0', '1', null, '2', '0', '1', '2019-05-27 14:27:58', '2019-05-27 14:27:58'), ('cfbd2661-6ee1-42d2-8135-f4c912f3a768', '4ee5ae981e5c4dfd8d121b37e25b0f2d', '51fee600-6d5c-435f-87d1-b9ac589aed9d', '事件审核task', null, '1', '1', '{\"attachment\":\"[]\",\"comment\":\"开始\"}', '2', '1', '1', '2019-05-24 19:33:56', '2019-05-24 19:33:56'), ('d41eee76-9a77-4784-9559-90174527458a', '80f0aba63a1842d281748c3520f84cf4', '83f907c4-f206-4528-ad9e-5613564c25b6', '事件初始化上报task', '1', '1', '1', null, '1', '0', null, '2019-05-24 10:48:36', '2019-05-24 10:48:36'), ('d709ef74-8934-4721-a2c4-c217de44cf7c', '65508b37d99940288c18c78c3827c57e', '409bdfc6-ec9d-407b-85d4-a1685f4fa2a0', '事件整改task', 'e6g7bee4-3cdb-4458-a926-7d85ffdeed7b', '0', '1', null, '16', '0', null, '2019-05-24 15:59:11', '2019-05-24 15:59:11'), ('d729f862-0f76-4747-8624-0ec512f58cec', '75af1a23d1ac42ef97d05ac6b72106ec', '55759521-c502-496d-bd5b-92b7bc590156', '事件整改task', 'e6g7bee4-3cdb-4458-a926-7d85ffdeed7b', '1', '1', '{\"attachment\":\"[]\",\"comment\":\"2333\"}', '16', '1', null, '2019-05-24 20:07:33', '2019-05-24 20:08:03'), ('daeca88d-d9b9-4e1d-a9fa-88e8d194b280', 'e0b581bf036b4cb795a0efaae7f244fe', '54305421-02c8-4925-80a9-65b0ec7d796f', '事件审核task', 'e6g7bee4-2cdb-4458-a926-7d85ffdeed7b', '1', '1', '{\"attachment\":\"[]\",\"comment\":\"作废\"}', '2', '4', '2', '2019-05-24 16:26:02', '2019-05-24 16:26:02'), ('db9791d5-d4b9-4160-9dfa-1e180fd035c0', '662ac2d9c0ab4c4f9d06fb2e417775d9', '289337ea-227c-4866-afd6-0d606dcfec4f', '事件初始化上报task', '1', '1', '1', null, '1', '0', null, '2019-05-24 18:04:52', '2019-05-24 18:04:52'), ('dca4bf26-6d72-4dc5-8069-76794d5793cd', '68c6d6910aa445dfb679875c9fec1a17', '21716f02-042a-4cb3-8a22-af1e8c4c5aed', '事件初始化上报task', '1', '1', '1', null, '1', '0', null, '2019-05-27 15:23:26', '2019-05-27 15:23:26'), ('e5382e32-789e-4f3c-aaa2-c87f56532bad', 'ac7f1a41464f448489d32ed4ad39d8b5', 'b04645f6-8499-4d86-90b2-075c2100ae77', '事件审核task', 'e6g7bee4-2cdb-4458-a926-7d85ffdeed7b', '0', '1', null, '2', '0', '2', '2019-05-24 14:31:47', '2019-05-24 14:31:47'), ('e7cd9e07-d80d-4135-804d-c19750e9673d', 'e2394363e48549fbb3ec9c317adb17f3', '3e7ea343-6c50-4ef0-8088-a28dbcc5c269', '事件初始化上报task', '1', '1', '1', null, '1', '0', null, '2019-05-24 16:22:52', '2019-05-24 16:22:52'), ('e7f90fa8-0a67-4a7b-96be-a543b457f45b', '3faf3907882e4be6a05f59516e05d262', 'bf4ec2f0-8bf7-478a-aacd-8290f77da508', '事件初始化上报task', '1', '1', '1', null, '1', '0', null, '2019-05-24 11:20:12', '2019-05-24 11:20:12'), ('ea061f02-e047-42c5-87a8-a993a423556a', '8448a85b3d214bcdafaefc2cc0ab1e1a', 'fb2fcd50-354c-4590-b8d4-add0ccb7717f', '事件审核task', 'e6g7bee4-1cdb-4458-a926-7d85ffdeed7b', '1', '1', '{\"attachment\":\"[]\",\"comment\":\"不合格\"}', '2', '2', '1', '2019-05-24 16:07:07', '2019-05-24 16:07:07'), ('ec119ea0-04ef-4b86-8987-1a881ef968ef', '75af1a23d1ac42ef97d05ac6b72106ec', '466edb37-a3fe-4675-a6bf-4cbee986d8e2', '事件审核task', 'e6g7bee4-2cdb-4458-a926-7d85ffdeed7b', '1', '1', '{\"attachment\":\"[]\",\"comment\":\"退回\"}', '2', '2', '2', '2019-05-24 18:02:12', '2019-05-24 18:02:12'), ('eeddd32c-30bd-4965-a6b5-6332e57dfc47', '21ef127700794e15a619cc4c761c7689', 'f7df161e-e8a4-4688-ad5f-007b5d77a1ae', '事件结案task', 'e6g7b1e4-ecdb-4458-a926-7d85ffdeed7b', '0', '1', null, '4', '0', null, '2019-05-24 16:11:06', '2019-05-24 16:11:06'), ('eff8a8be-25df-4425-89f0-8429ebf895ee', '8709a133eaa749448bd78745adae4254', 'd7a8ac68-15c8-45e2-9303-8e36f4b20485', '事件审核task', 'e6g7bee4-3cdb-4458-a926-7d85ffdeed7b', '1', '1', '{\"attachment\":\"[]\",\"comment\":\"三级通过\"}', '2', '1', '3', '2019-05-24 14:47:00', '2019-05-24 14:47:00'), ('f1947864-8bf3-4cf3-ae48-70b21e670c16', 'e8ecb827917c4312a87b61d1d474e65b', 'a11081d4-7788-43bf-89e5-ef74917f30dc', '事件审核task', 'e6g7bee4-1cdb-4458-a926-7d85ffdeed7b', '1', '1', '{\"attachment\":\"[]\",\"comment\":\"审核通过\"}', '2', '1', '1', '2019-05-24 16:02:27', '2019-05-24 16:02:27'), ('f199f6fd-7a06-4dd8-89c3-698eca467b07', '8709a133eaa749448bd78745adae4254', 'b88fd189-a8a4-492c-aa42-871fc5dad105', '事件结案task', 'e6g7b1e4-ecdb-4458-a926-7d85ffdeed7b', '1', '1', '{\"attachment\":\"[]\",\"comment\":\"结案通过\"}', '4', '1', null, '2019-05-24 14:47:34', '2019-05-24 14:47:34'), ('f6640bad-674d-4014-b0c6-239e7e8a1f4c', '4d792274b5ca4e84bd2f8d34acd11f7a', '82b4b574-74c9-442d-b110-1b4cbdc5ee2a', '事件审核task', 'e6g7bee4-1cdb-4458-a926-7d85ffdeed7b', '1', '1', '{\"attachment\":\"[]\",\"comment\":\"通过\"}', '2', '1', '1', '2019-05-24 16:44:30', '2019-05-24 16:44:30'), ('f6cca2ab-355b-47ee-9319-a659bf08d5ce', '75af1a23d1ac42ef97d05ac6b72106ec', 'f1bea6b7-fc8c-48ae-9303-fd8c51ab26ef', '事件审核task', 'e6g7bee4-1cdb-4458-a926-7d85ffdeed7b', '1', '1', '{\"attachment\":\"[]\",\"comment\":\"11\"}', '2', '1', '1', '2019-05-24 20:05:30', '2019-05-24 20:05:30'), ('f74247c4-75ed-4da2-a95b-03efc12cf4ba', '21ef127700794e15a619cc4c761c7689', 'eeaacf87-9221-4ecc-997a-797ab9e33b77', '事件初始化上报task', '1', '1', '1', null, '1', '0', null, '2019-05-24 16:10:09', '2019-05-24 16:10:09'), ('f8a7bb7d-54f3-4112-9f3f-9c1461594d8a', '7d64c53f7a1a437c94bdb3f659a3f17c', '8fa288ec-1ccc-47ee-9924-fdeddbeeb6e4', '事件整改task', 'e6g7bee4-2cdb-4458-a926-7d85ffdeed7b', '1', '1', '{\"attachment\":[\"\"],\"comment\":\"11111\"}', '16', '1', null, '2019-05-24 10:34:58', '2019-05-24 10:37:34'), ('f8e39b74-e8a8-42c3-a066-b5669019c50c', '75af1a23d1ac42ef97d05ac6b72106ec', 'a23d7065-204c-42f4-8d3b-16f3c3eba749', '事件审核task', 'e6g7bee4-2cdb-4458-a926-7d85ffdeed7b', '1', '1', '{\"attachment\":\"[]\",\"comment\":\"222\"}', '2', '1', '2', '2019-05-24 20:05:54', '2019-05-24 20:05:54'), ('fb128240-7666-472f-af3c-83553725ba62', 'e8ecb827917c4312a87b61d1d474e65b', 'a86f42b0-e1cf-439d-9012-99c193d289b4', '事件追踪task', 'e6g71ee4-ecdb-4458-a926-7d85ffdeed7b', '1', '1', '{\"comment\":\"\"}', '8', '1', null, '2019-05-24 16:02:56', '2019-05-24 16:03:41');
COMMIT;

SET FOREIGN_KEY_CHECKS = 1;
