/*
Navicat MySQL Data Transfer

Source Server         : 172.16.1.121
Source Server Version : 80017
Source Host           : 172.16.1.121:3306
Source Database       : rest-gamma-bdp-pure

Target Server Type    : MYSQL
Target Server Version : 80017
File Encoding         : 65001

Date: 2020-03-16 17:47:50
*/

SET FOREIGN_KEY_CHECKS=0;

-- ----------------------------
-- Table structure for sys_announcement
-- ----------------------------
DROP TABLE IF EXISTS `sys_announcement`;
CREATE TABLE `sys_announcement` (
  `id` varchar(36) NOT NULL,
  `content` varchar(100) NOT NULL,
  `enable` varchar(1) NOT NULL,
  `create_time` timestamp NULL DEFAULT NULL ON UPDATE CURRENT_TIMESTAMP,
  `update_time` timestamp NULL DEFAULT NULL,
  `extension` varchar(50) NOT NULL DEFAULT '',
  `dp_id` varchar(36) NOT NULL,
  `create_by` varchar(255) NOT NULL,
  `update_by` varchar(255) NOT NULL,
  PRIMARY KEY (`id`)
) ENGINE=InnoDB DEFAULT CHARSET=utf8 ROW_FORMAT=DYNAMIC;

-- ----------------------------
-- Records of sys_announcement
-- ----------------------------
INSERT INTO `sys_announcement` VALUES ('1', 'fffffff', '1', '2019-12-09 20:56:49', '2019-12-09 20:56:56', '1', '1', '', '1');
INSERT INTO `sys_announcement` VALUES ('11', 'fff', '1', '2019-12-09 20:22:30', '2019-12-09 20:22:48', '1', '-1', '', '');
INSERT INTO `sys_announcement` VALUES ('1112', 'fff', '1', '2019-12-09 20:42:00', '2019-12-09 20:42:00', '1', '1', '1', '1');
INSERT INTO `sys_announcement` VALUES ('111222', 'hahah', '1', '2019-11-18 19:14:42', '2019-11-18 19:14:42', '', '2', '', '');
INSERT INTO `sys_announcement` VALUES ('11129', 'fff', '1', '2019-12-09 20:56:45', '2019-12-09 20:56:45', '1', '1', '1', '1');
INSERT INTO `sys_announcement` VALUES ('1211222', 'hahah', '1', '2019-11-18 19:15:45', '2019-11-18 19:15:45', '', '2', '', '');
INSERT INTO `sys_announcement` VALUES ('2', '1', '1', '2019-11-08 15:06:32', '2019-11-08 15:06:32', '', '1', '', '');
INSERT INTO `sys_announcement` VALUES ('3', '3', '1', '2019-11-05 17:30:30', '2019-11-05 17:30:30', '', '4', '', '');
INSERT INTO `sys_announcement` VALUES ('4', '11111', '1', '2019-11-05 17:32:38', '2019-11-05 17:32:38', '', '3', '', '');
INSERT INTO `sys_announcement` VALUES ('5', '11111', '1', '2019-11-05 17:32:44', '2019-11-05 17:32:44', '232', '3', '', '');

-- ----------------------------
-- Table structure for sys_config
-- ----------------------------
DROP TABLE IF EXISTS `sys_config`;
CREATE TABLE `sys_config` (
  `id` varchar(36) NOT NULL,
  `name` varchar(36) NOT NULL,
  `value` text CHARACTER SET utf8 COLLATE utf8_general_ci NOT NULL,
  PRIMARY KEY (`id`),
  UNIQUE KEY `name_idx` (`name`) USING BTREE
) ENGINE=InnoDB DEFAULT CHARSET=utf8;

-- ----------------------------
-- Records of sys_config
-- ----------------------------
INSERT INTO `sys_config` VALUES ('1', 'file-server', 'http://172.16.5.155:8089');
INSERT INTO `sys_config` VALUES ('2', '通用配置', '{\"commite\":\"11\",\"containNumUp\":22,\"end\":\"111\",\"formNumUp\":22,\"regression\":\"11\",\"submit\":\"11\",\"taskNumUp\":22}');
INSERT INTO `sys_config` VALUES ('3', '默认通用配置', '{\r\n	\"commite\": \"11\",\r\n	\"containNumUp\": 22,\r\n	\"end\": \"111\",\r\n	\"formNumUp\": 22,\r\n	\"regression\": \"11\",\r\n	\"submit\": \"11\",\r\n	\"taskNumUp\": 22\r\n}');

-- ----------------------------
-- Table structure for sys_department
-- ----------------------------
DROP TABLE IF EXISTS `sys_department`;
CREATE TABLE `sys_department` (
  `id` varchar(36) NOT NULL COMMENT 'ID',
  `name` varchar(50) NOT NULL COMMENT '机构名称',
  `parent_id` varchar(36) NOT NULL COMMENT '上级机构ID',
  `branch_id` varchar(36) DEFAULT NULL,
  `section_id` varchar(36) CHARACTER SET utf8 COLLATE utf8_general_ci DEFAULT NULL COMMENT '部门编号',
  `enable` smallint(6) NOT NULL DEFAULT '1',
  `sort` int(11) NOT NULL DEFAULT '99' COMMENT '排序序号',
  `flag` varchar(20) NOT NULL DEFAULT '' COMMENT '科室标识',
  `create_time` timestamp NOT NULL DEFAULT CURRENT_TIMESTAMP ON UPDATE CURRENT_TIMESTAMP,
  `update_time` timestamp NOT NULL DEFAULT CURRENT_TIMESTAMP,
  `extension` varchar(501) NOT NULL,
  `last_level_flag` smallint(1) DEFAULT '0',
  PRIMARY KEY (`id`)
) ENGINE=InnoDB DEFAULT CHARSET=utf8 ROW_FORMAT=DYNAMIC;

-- ----------------------------
-- Records of sys_department
-- ----------------------------
INSERT INTO `sys_department` VALUES ('0', '解放军医院组织机构', '-1', '0', '0', '1', '99', '组织机构', '2020-03-05 15:39:47', '2019-11-12 16:05:07', '', '0');
INSERT INTO `sys_department` VALUES ('009b068a-499f-4ec8-945f-63147d306174', '神经门诊1组-专家组', '4', null, null, '1', '1', 'dept-flag-1', '2020-03-05 17:05:21', '2019-11-27 17:14:18', '', '1');
INSERT INTO `sys_department` VALUES ('1', '301总院', '0', '1', '1', '1', '1', 'dept-flag-1', '2020-03-05 15:39:47', '2019-11-08 13:59:56', '', '0');
INSERT INTO `sys_department` VALUES ('10001', '呼吸科', '1', '1', '', '1', '99', '301总院呼吸科', '2020-03-05 15:39:47', '2019-11-12 13:37:24', '', '0');
INSERT INTO `sys_department` VALUES ('10002', '内科', '1', '1', null, '1', '99', '301总院内科', '2020-03-05 15:39:47', '2019-11-12 13:39:28', '', '0');
INSERT INTO `sys_department` VALUES ('10003', '内科导诊', '10002', '1', null, '1', '99', '301总院内科导诊', '2020-03-05 15:39:47', '2019-11-12 13:40:07', '', '0');
INSERT INTO `sys_department` VALUES ('118aafde-6cc0-4ec0-8607-93ce90955482', '神经门诊1组', 'eb307676-3c98-47de-8100-a6d95019cd61', null, null, '1', '1', 'dept-flag-1', '2020-03-05 17:04:18', '2019-11-27 17:13:57', '', '0');
INSERT INTO `sys_department` VALUES ('1546dfb4-a7d3-4894-9e4b-695b5bc1a41b', '001我是测试数据', '10002', null, null, '1', '1', 'dept-flag-2', '2020-03-05 15:39:47', '2019-11-22 15:33:33', '我是备注', '0');
INSERT INTO `sys_department` VALUES ('1701e855-d160-46ce-8b83-4317fdc10ae7', 'fff1', '4', null, null, '0', '1', 'dept-flag-1', '2020-03-16 17:44:45', '2020-03-16 17:44:13', 'fefe', '1');
INSERT INTO `sys_department` VALUES ('2', '302分院', '0', '2', '2', '0', '1', '302分院', '2020-03-05 15:39:47', '2019-11-08 13:59:58', '222', '0');
INSERT INTO `sys_department` VALUES ('3', '303分院', '4', '3', '3', '1', '1', '303分院', '2020-03-05 15:39:47', '2019-11-08 14:00:01', '', '0');
INSERT INTO `sys_department` VALUES ('3de6c487-7c2f-478d-8e4a-070c27659ec5', '呼吸科', '1', null, null, '0', '1', 'dept-flag-1', '2020-03-05 15:39:47', '2019-11-25 13:34:51', '方法1', '0');
INSERT INTO `sys_department` VALUES ('3f095cdf-9900-4d78-83b8-86cebe866017', '2324324', '0', null, null, '0', '1', 'dept-flag-3', '2020-03-05 15:39:47', '2019-11-15 09:07:10', '', '0');
INSERT INTO `sys_department` VALUES ('4', '304分院', '0', '4', '4', '1', '0', '304分院', '2020-03-05 15:39:47', '2019-11-08 14:00:04', '', '0');
INSERT INTO `sys_department` VALUES ('480eb533-432e-4931-a5bd-74ebaf3a3409', '1111', '10002', null, null, '1', '4', 'dept-flag-3', '2020-03-05 15:39:47', '2019-11-22 15:18:13', '', '0');
INSERT INTO `sys_department` VALUES ('4b265f2c-1641-420a-b939-1d3e2ccfd151', '检查组', '10002', null, null, '1', '2', 'dept-flag-1', '2020-03-05 15:39:47', '2019-11-29 13:00:14', '', '0');
INSERT INTO `sys_department` VALUES ('50a087f3-3d9b-41c0-9ddf-5d3157ea5e47', 'A放射科', '4b265f2c-1641-420a-b939-1d3e2ccfd151', null, null, '1', '1', 'dept-flag-1', '2020-03-05 15:39:47', '2019-11-29 13:00:47', '', '0');
INSERT INTO `sys_department` VALUES ('519591a5-8506-4064-aacf-5e562ef2d223', '002我是测试2号机构', '10002', null, null, '1', '2', 'dept-flag-1', '2020-03-05 15:39:47', '2019-11-22 19:03:30', '', '0');
INSERT INTO `sys_department` VALUES ('7460f4f0-2ed8-4a3c-a111-d558f15ce83d', 'B科室', '2', null, null, '0', '1', 'dept-flag-3', '2020-03-05 15:39:47', '2019-11-12 18:00:18', '222', '0');
INSERT INTO `sys_department` VALUES ('8029a0d8-eb8c-4a2f-9532-5fc1daed976a', 'efefe', '0', null, null, '1', '1', 'dept-flag-1', '2020-03-05 15:39:47', '2019-11-29 10:10:01', 'fefe', '0');
INSERT INTO `sys_department` VALUES ('a53f6f95-69cf-4b84-89e8-0bd09af77baf', 'B科室11', '2', null, null, '0', '0', 'dept-flag-3', '2020-03-05 15:39:47', '2019-11-20 15:56:14', 'string', '0');
INSERT INTO `sys_department` VALUES ('a62cd4b8-ced1-4785-adc2-5d7d685aacb8', '1209', '0', null, null, '1', '1', 'dept-flag-1', '2020-03-05 16:10:51', '2020-03-05 16:07:29', '00', '0');
INSERT INTO `sys_department` VALUES ('cbbb11f2-6c65-4c28-bfe2-a86487e73c17', '123123', '10001', null, null, '0', '1', 'dept-flag-1', '2020-03-05 15:39:47', '2019-11-15 08:55:37', '', '0');
INSERT INTO `sys_department` VALUES ('de951320-60ad-4f21-8af4-2fe28d263c1a', '测试部门', '0', null, null, '1', '1', 'dept-flag-1', '2020-03-05 15:39:47', '2019-11-27 18:45:53', '', '0');
INSERT INTO `sys_department` VALUES ('e97476e5-d754-4c48-bbc0-c1df57560eb9', '23434', '118aafde-6cc0-4ec0-8607-93ce90955482', null, null, '1', '1', 'dept-flag-1', '2020-03-05 17:05:21', '2019-11-21 13:38:42', '2234324234', '1');
INSERT INTO `sys_department` VALUES ('eb307676-3c98-47de-8100-a6d95019cd61', '神经科', '3', null, null, '1', '2', 'dept-flag-1', '2020-03-05 15:39:47', '2019-11-22 15:22:23', '方法', '0');
INSERT INTO `sys_department` VALUES ('f99e5ca4-1c3c-4916-91d5-734d4bf3e14c', 'AAXXyy2科室', '1', null, null, '1', '1', 'dept-flag-3', '2020-03-05 16:36:42', '2019-11-12 17:58:24', '备注信息123456', '0');
INSERT INTO `sys_department` VALUES ('fc629c8c-b81f-4e6d-8545-06b7d7f5e28e', 'rrt', '0', null, null, '1', '1', 'dept-flag-1', '2020-03-05 15:39:47', '2019-11-28 10:00:40', '11111111111111111111111111111111111111111111111111111111111111111111111111111111111111111111111111111111111111111111111111111111111111111111111111111111111111111111111111111111111111111111111111111111111111111111111111111111111111111111111111111111111111111111111111111111111111111111111111111111111111111111111111111111111111111111111111111111111111111111111111111111111111111111111111111111111111111111111111111111111111111111111111111111111111111111111111111111111111111111111111111111111111111112', '0');
INSERT INTO `sys_department` VALUES ('ff68c0ab-dddc-4457-b313-15dcf47bef96', 'eefefe', 'a62cd4b8-ced1-4785-adc2-5d7d685aacb8', null, null, '1', '1', 'dept-flag-1', '2020-03-05 16:10:51', '2020-03-05 15:41:23', '', '1');
INSERT INTO `sys_department` VALUES ('ffaaed13-758f-436a-b305-7d211483cef2', '223', 'f99e5ca4-1c3c-4916-91d5-734d4bf3e14c', null, null, '1', '1', 'dept-flag-1', '2020-03-05 16:36:42', '2020-02-07 11:37:37', '', '0');

-- ----------------------------
-- Table structure for sys_dictionary_type
-- ----------------------------
DROP TABLE IF EXISTS `sys_dictionary_type`;
CREATE TABLE `sys_dictionary_type` (
  `id` varchar(50) NOT NULL,
  `code` varchar(50) DEFAULT NULL COMMENT '类型码',
  `description` varchar(200) DEFAULT NULL COMMENT '描述',
  `parent_id` varchar(50) DEFAULT NULL COMMENT '父节级字典ID',
  `create_time` timestamp NULL DEFAULT CURRENT_TIMESTAMP,
  `update_time` timestamp NULL DEFAULT CURRENT_TIMESTAMP ON UPDATE CURRENT_TIMESTAMP,
  `extension` varchar(500) DEFAULT NULL,
  PRIMARY KEY (`id`)
) ENGINE=InnoDB DEFAULT CHARSET=utf8 ROW_FORMAT=DYNAMIC COMMENT='字典类型表';

-- ----------------------------
-- Records of sys_dictionary_type
-- ----------------------------
INSERT INTO `sys_dictionary_type` VALUES ('1001', 'permission-element', '权限基础元素', '1000', '2020-03-06 09:10:22', '2020-03-06 11:04:49', '1001');
INSERT INTO `sys_dictionary_type` VALUES ('1002', 'menu-type', '菜单类型', '1000', '2020-03-06 09:10:22', '2020-03-06 11:04:49', '1001');
INSERT INTO `sys_dictionary_type` VALUES ('1003', 'user-group', '用户组', '1000', '2020-03-06 09:10:22', '2020-03-06 11:04:50', '1001');
INSERT INTO `sys_dictionary_type` VALUES ('1004', 'post-type', '职务或岗位类型', '1000', '2020-03-06 09:10:22', '2020-03-06 11:04:50', '1001');
INSERT INTO `sys_dictionary_type` VALUES ('1005', 'department-flag', '组织机构标志', '1000', '2020-03-06 09:10:22', '2020-03-06 11:04:52', '1001');

-- ----------------------------
-- Table structure for sys_dictionary_value
-- ----------------------------
DROP TABLE IF EXISTS `sys_dictionary_value`;
CREATE TABLE `sys_dictionary_value` (
  `id` varchar(50) CHARACTER SET utf8 COLLATE utf8_general_ci NOT NULL,
  `type_id` varchar(50) DEFAULT NULL COMMENT '字典类型ID',
  `name` varchar(200) DEFAULT NULL COMMENT '字典值name',
  `value` varchar(50) DEFAULT NULL COMMENT '字典值value',
  `sort` int(11) DEFAULT '99' COMMENT '排序号',
  `enable` smallint(1) DEFAULT '1',
  `extension` varchar(500) CHARACTER SET utf8 COLLATE utf8_general_ci DEFAULT '',
  PRIMARY KEY (`id`)
) ENGINE=InnoDB DEFAULT CHARSET=utf8 ROW_FORMAT=DYNAMIC COMMENT='字典值表';

-- ----------------------------
-- Records of sys_dictionary_value
-- ----------------------------
INSERT INTO `sys_dictionary_value` VALUES ('10000001', '1001', '访问', 'access', '1', null, 'post-type');
INSERT INTO `sys_dictionary_value` VALUES ('10000002', '1001', '查看', 'view', '2', null, 'post-type');
INSERT INTO `sys_dictionary_value` VALUES ('10000003', '1001', '新增', 'add', '3', null, 'post-type');
INSERT INTO `sys_dictionary_value` VALUES ('10000004', '1001', '删除', 'delete', '5', null, 'post-type');
INSERT INTO `sys_dictionary_value` VALUES ('10000005', '1001', '导出', 'export', '6', null, 'post-type');
INSERT INTO `sys_dictionary_value` VALUES ('10000006', '1001', '导入', 'import', '7', null, 'post-type');
INSERT INTO `sys_dictionary_value` VALUES ('10000007', '1001', '设计', 'design', '8', null, 'post-type');
INSERT INTO `sys_dictionary_value` VALUES ('10000008', '1001', '修改', 'edit', '4', null, 'post-typetype');
INSERT INTO `sys_dictionary_value` VALUES ('10000009', '1003', '护士组', 'nurse-group', '1', null, 'post-type');
INSERT INTO `sys_dictionary_value` VALUES ('10000010', '1003', '医生组', 'doctor-group', '2', null, 'post-type');
INSERT INTO `sys_dictionary_value` VALUES ('10000011', '1004', '专家', 'post-office-1', '1', null, 'post-type');
INSERT INTO `sys_dictionary_value` VALUES ('10000012', '1004', '资深专家', 'post-info-1', '2', null, 'post-type');
INSERT INTO `sys_dictionary_value` VALUES ('10000013', '1005', '门诊', 'dept-flag-1', '1', null, 'post-type');
INSERT INTO `sys_dictionary_value` VALUES ('10000014', '1005', '急诊', 'dept-flag-2', '2', null, 'post-type');
INSERT INTO `sys_dictionary_value` VALUES ('10000015', '1005', '体检', 'dept-flag-3', '3', null, 'post-type');

-- ----------------------------
-- Table structure for sys_menu
-- ----------------------------
DROP TABLE IF EXISTS `sys_menu`;
CREATE TABLE `sys_menu` (
  `id` varchar(36) NOT NULL,
  `parent_id` varchar(36) NOT NULL DEFAULT '0' COMMENT '父菜单ID，一级菜单为0',
  `name` varchar(50) NOT NULL DEFAULT '' COMMENT '菜单名称',
  `url` varchar(200) NOT NULL DEFAULT '' COMMENT '菜单URL',
  `type` int(11) NOT NULL DEFAULT '0' COMMENT '类型   0：目录   1：菜单   2：操作',
  `permission_code` varchar(36) NOT NULL DEFAULT '',
  `sort` int(11) NOT NULL DEFAULT '0' COMMENT '排序',
  `create_time` timestamp NOT NULL DEFAULT CURRENT_TIMESTAMP,
  `update_time` timestamp NOT NULL DEFAULT CURRENT_TIMESTAMP ON UPDATE CURRENT_TIMESTAMP,
  `enable` smallint(6) NOT NULL DEFAULT '4' COMMENT '0 代表不可用； 1 代表可用',
  `extension` varchar(50) NOT NULL DEFAULT '',
  `sys_id` varchar(36) NOT NULL,
  PRIMARY KEY (`id`),
  UNIQUE KEY `url_index` (`url`)
) ENGINE=InnoDB DEFAULT CHARSET=utf8 AVG_ROW_LENGTH=372 ROW_FORMAT=DYNAMIC COMMENT='菜单管理';

-- ----------------------------
-- Records of sys_menu
-- ----------------------------
INSERT INTO `sys_menu` VALUES ('1', '-1', '系统管理', '/sys', '0', 'sys', '0', '2019-11-01 13:42:29', '2019-11-21 10:00:18', '1', '', '1');
INSERT INTO `sys_menu` VALUES ('101', '1', '用户管理', '/sys/user', '1', 'sys:user', '1', '2019-11-01 13:42:29', '2019-11-21 10:00:09', '1', '', '1');
INSERT INTO `sys_menu` VALUES ('10101', '101', '用户查看', '/sys/user#view', '2', 'sys:user:view', '1', '2019-11-06 15:57:31', '2019-11-21 10:00:40', '1', '', '1');
INSERT INTO `sys_menu` VALUES ('10102', '101', '用户新增', '/sys/user#add', '2', 'sys:user:add', '2', '2019-11-06 16:00:38', '2019-11-21 10:00:42', '1', '', '1');
INSERT INTO `sys_menu` VALUES ('10103', '101', '用户访问', '/sys/user#access', '2', 'sys:user:access', '0', '2019-11-06 16:02:30', '2019-11-21 10:00:44', '1', '', '1');
INSERT INTO `sys_menu` VALUES ('10104', '101', '用户修改', '/sys/user#edit', '2', 'sys:user:edit', '3', '2019-11-06 16:03:24', '2019-11-21 10:00:45', '1', '', '1');
INSERT INTO `sys_menu` VALUES ('10105', '101', '用户删除', '/sys/user#delete', '2', 'sys:user:delete', '4', '2019-11-06 16:05:03', '2019-11-21 10:00:47', '1', '', '1');
INSERT INTO `sys_menu` VALUES ('10106', '101', '用户导出', '/sys/user#export', '2', 'sys:user:export', '5', '2019-11-06 16:05:39', '2019-11-21 10:00:49', '1', '', '1');
INSERT INTO `sys_menu` VALUES ('10107', '101', '用户导入', '/sys/user#import', '2', 'sys:user:import', '6', '2019-11-06 16:06:13', '2019-11-21 10:00:52', '1', '', '1');
INSERT INTO `sys_menu` VALUES ('10108', '101', '设计页面', '/sys/user#design', '2', 'sys:user:design', '7', '2019-11-06 16:06:50', '2019-11-21 10:00:54', '1', '', '1');
INSERT INTO `sys_menu` VALUES ('102', '1', '角色管理', '/sys/role', '1', 'sys:role', '2', '2019-11-01 13:42:29', '2019-11-21 10:00:07', '1', '', '1');
INSERT INTO `sys_menu` VALUES ('10201', '102', '角色查看', '/sys/role#view', '2', 'sys:role:view', '0', '2019-11-21 09:59:49', '2019-11-21 09:59:54', '1', '', '1');
INSERT INTO `sys_menu` VALUES ('10202', '102', '角色新增', '/sys/role#add', '2', 'sys:role:add', '1', '2019-11-21 09:59:49', '2019-11-21 09:59:49', '1', '', '1');
INSERT INTO `sys_menu` VALUES ('10203', '102', '角色访问', '/sys/role#access', '2', 'sys:role:access', '1', '2019-11-21 09:59:49', '2019-11-21 09:59:49', '1', '', '1');
INSERT INTO `sys_menu` VALUES ('10204', '102', '角色修改', '/sys/role#edit', '2', 'sys:role:edit', '1', '2019-11-21 09:59:49', '2019-11-21 09:59:49', '1', '', '1');
INSERT INTO `sys_menu` VALUES ('10205', '102', '角色删除', '/sys/role#delete', '2', 'sys:role:delete', '1', '2019-11-21 09:59:49', '2019-11-21 09:59:49', '1', '', '1');
INSERT INTO `sys_menu` VALUES ('10206', '102', '角色导入', '/sys/role#import', '2', 'sys:role:import', '1', '2019-11-21 09:59:49', '2019-11-21 09:59:49', '1', '', '1');
INSERT INTO `sys_menu` VALUES ('10207', '102', '角色导出', '/sys/role#export', '2', 'sys:role:export', '1', '2019-11-21 09:59:49', '2019-11-21 09:59:49', '1', '', '1');
INSERT INTO `sys_menu` VALUES ('10208', '102', '设计页面', '/sys/role#design', '2', 'sys:role:design', '1', '2019-11-21 09:59:49', '2019-11-21 09:59:49', '1', '', '1');
INSERT INTO `sys_menu` VALUES ('103', '1', '机构管理', '/sys/dept', '1', 'sys:dept', '3', '2019-11-01 13:42:29', '2019-11-21 10:00:05', '1', '', '1');
INSERT INTO `sys_menu` VALUES ('10301', '103', '机构查看', '/sys/dept#view', '2', 'sys:dept:view', '1', '2019-11-21 09:59:49', '2019-11-21 09:59:49', '1', '', '1');
INSERT INTO `sys_menu` VALUES ('10302', '103', '机构新增', '/sys/dept#add', '2', 'sys:dept:add', '1', '2019-11-21 09:59:49', '2019-11-21 09:59:49', '1', '', '1');
INSERT INTO `sys_menu` VALUES ('10303', '103', '机构访问', '/sys/dept#access', '2', 'sys:dept:access', '1', '2019-11-21 09:59:49', '2019-11-21 09:59:49', '1', '', '1');
INSERT INTO `sys_menu` VALUES ('10304', '103', '机构修改', '/sys/dept#edit', '2', 'sys:dept:edit', '1', '2019-11-21 09:59:49', '2019-11-21 09:59:49', '1', '', '1');
INSERT INTO `sys_menu` VALUES ('10305', '103', '机构删除', '/sys/dept#delete', '2', 'sys:dept:delete', '1', '2019-11-21 09:59:49', '2019-11-21 09:59:49', '1', '', '1');
INSERT INTO `sys_menu` VALUES ('10306', '103', '机构导入', '/sys/dept#import', '2', 'sys:dept:import', '1', '2019-11-21 09:59:49', '2019-11-21 09:59:49', '1', '', '1');
INSERT INTO `sys_menu` VALUES ('10307', '103', '机构导出', '/sys/dept#export', '2', 'sys:dept:export', '1', '2019-11-21 09:59:49', '2019-11-21 09:59:49', '1', '', '1');
INSERT INTO `sys_menu` VALUES ('10308', '103', '设计页面', '/sys/dept#design', '2', 'sys:dept:design', '1', '2019-11-21 09:59:49', '2019-11-21 09:59:49', '1', '', '1');
INSERT INTO `sys_menu` VALUES ('91', '-1', '开发工具', '/tool', '0', 'tool', '0', '2019-12-23 14:30:09', '2019-12-23 14:30:12', '1', '', '1');
INSERT INTO `sys_menu` VALUES ('9101', '91', '代码生成', '/tool/generator', '1', 'tool:generator', '1', '2019-12-23 14:32:36', '2019-12-23 14:32:39', '1', '', '1');
INSERT INTO `sys_menu` VALUES ('910101', '9101', '设计页面', '/tool/generator#design', '2', 'tool:generator:design', '1', '2019-11-21 09:59:49', '2019-11-21 09:59:49', '1', '', '1');
INSERT INTO `sys_menu` VALUES ('910102', '9101', '访问页面', '/tool/generator#access', '2', 'tool:generator:access', '1', '2019-11-21 09:59:49', '2019-11-21 09:59:49', '1', '', '1');
INSERT INTO `sys_menu` VALUES ('910103', '9101', '查看权限', '/tool/generator#view', '2', 'tool:generator:view', '1', '2019-11-21 09:59:49', '2019-11-21 09:59:49', '1', '', '1');
INSERT INTO `sys_menu` VALUES ('910104', '9101', '新增权限', '/tool/generator#add', '2', 'tool:generator:add', '1', '2019-11-21 09:59:49', '2019-11-21 09:59:49', '1', '', '1');
INSERT INTO `sys_menu` VALUES ('910105', '9101', '修改权限', '/tool/generator#edit', '2', 'tool:generator:edit', '1', '2019-11-21 09:59:49', '2019-11-21 09:59:49', '1', '', '1');
INSERT INTO `sys_menu` VALUES ('910106', '9101', '删除权限', '/tool/generator#delete', '2', 'tool:generator:delete', '1', '2019-11-21 09:59:49', '2019-11-21 09:59:49', '1', '', '1');
INSERT INTO `sys_menu` VALUES ('910107', '9101', '导出权限', '/tool/generator#export', '2', 'tool:generator:export', '1', '2019-11-21 09:59:49', '2019-11-21 09:59:49', '1', '', '1');
INSERT INTO `sys_menu` VALUES ('910108', '9101', '导入权限', '/tool/generator#import', '2', 'tool:generator:import', '1', '2019-11-21 09:59:49', '2019-12-23 14:50:40', '1', '', '1');

-- ----------------------------
-- Table structure for sys_operation_log
-- ----------------------------
DROP TABLE IF EXISTS `sys_operation_log`;
CREATE TABLE `sys_operation_log` (
  `id` varchar(50) CHARACTER SET utf8 COLLATE utf8_general_ci NOT NULL COMMENT '主键',
  `user_id` varchar(50) CHARACTER SET utf8 COLLATE utf8_general_ci NOT NULL COMMENT '用户主键',
  `operation_time` timestamp NOT NULL DEFAULT CURRENT_TIMESTAMP COMMENT '操作时间',
  `client_ip` varchar(50) CHARACTER SET utf8 COLLATE utf8_general_ci NOT NULL COMMENT '客户端IP',
  `module` varchar(100) CHARACTER SET utf8 COLLATE utf8_general_ci NOT NULL COMMENT '功能模块',
  `operation_type` varchar(100) CHARACTER SET utf8 COLLATE utf8_general_ci NOT NULL COMMENT '操作类型',
  `user_name` varchar(100) CHARACTER SET utf8 COLLATE utf8_general_ci DEFAULT NULL COMMENT '用户名',
  `dp_id` varchar(36) NOT NULL,
  PRIMARY KEY (`id`),
  KEY `idx_operation_time` (`operation_time`),
  KEY `idx_user_name` (`user_name`),
  KEY `idx_module` (`module`)
) ENGINE=InnoDB DEFAULT CHARSET=utf8 ROW_FORMAT=DYNAMIC COMMENT='系统操作日志';

-- ----------------------------
-- Records of sys_operation_log
-- ----------------------------
INSERT INTO `sys_operation_log` VALUES ('0513f705-aa37-47fe-a332-2ae9a124453a', '1', '2020-03-09 09:34:51', '172.16.7.162', '组织机构', '获取组织机构列表', 'admin', '0');
INSERT INTO `sys_operation_log` VALUES ('0537fde9-5757-4571-bff4-861e588154e0', '1', '2020-03-16 17:44:37', '172.16.7.162', '组织机构', '修改组织机构信息', 'admin', '0');
INSERT INTO `sys_operation_log` VALUES ('0566189d-bba4-4cea-b0e9-c543d24f1957', '1', '2020-03-16 17:38:54', '172.16.7.162', '系统用户模块', '新增用户', 'admin', '0');
INSERT INTO `sys_operation_log` VALUES ('0566a63c-b547-4588-8142-d8034e0da7bd', '1', '2020-03-16 17:34:42', '172.16.7.162', '组织机构', '获取组织机构列表', 'admin', '0');
INSERT INTO `sys_operation_log` VALUES ('0675b7d8-d8c2-4c30-8c50-3b85c318906e', '1', '2020-03-10 10:06:17', '172.16.7.162', '字典模块', '查询字典所有类型', 'admin', '0');
INSERT INTO `sys_operation_log` VALUES ('06a3bfb7-56b9-4527-ac13-5faae6c7af96', '1', '2020-03-16 17:35:50', '172.16.7.162', '组织机构', '获取组织机构列表', 'admin', '0');
INSERT INTO `sys_operation_log` VALUES ('0a4e253f-c618-40e5-a95e-eab369916ce8', '1', '2020-03-16 16:39:43', '172.16.7.162', '组织机构', '获取组织机构列表', 'admin', '0');
INSERT INTO `sys_operation_log` VALUES ('0a96642a-1dd7-4f2b-9b08-e10c26860f3a', '1', '2020-03-16 16:40:38', '172.16.7.162', '组织机构', '获取组织机构列表', 'admin', '0');
INSERT INTO `sys_operation_log` VALUES ('0bd240b4-86d0-45d6-b37d-b4dd521db64a', '1', '2020-03-10 10:06:17', '172.16.7.162', '字典模块', '根据类型查询数据字典', 'admin', '0');
INSERT INTO `sys_operation_log` VALUES ('0c1a1832-f91b-4eff-940c-6f9673998926', '1', '2020-03-16 16:39:40', '172.16.7.162', '安全认证模块', '用户登录操作', 'admin', '0');
INSERT INTO `sys_operation_log` VALUES ('0c1bbba9-3231-468a-a314-86602a39970f', '1', '2020-03-16 17:37:14', '172.16.7.162', '字典模块', '根据类型查询数据字典', 'admin', '0');
INSERT INTO `sys_operation_log` VALUES ('0f1afc40-3f07-494f-a4a9-d83a831e6d64', '1', '2020-03-09 11:50:48', '172.16.7.162', '代码生成工具模块', '删除数据', 'admin', '0');
INSERT INTO `sys_operation_log` VALUES ('0f3c763a-34de-4fde-a0d0-bdba9328f7d9', '1', '2020-03-16 16:59:50', '172.16.7.162', '代码生成工具模块', '代码生成操作', 'admin', '0');
INSERT INTO `sys_operation_log` VALUES ('14937fe8-fadd-4d9c-bbe6-17fac477325f', '1', '2020-03-09 09:58:21', '172.16.7.162', '组织机构', '获取组织机构列表', 'admin', '0');
INSERT INTO `sys_operation_log` VALUES ('15528d51-d0fd-4b32-9e20-c2c8bd7b62f7', '1', '2020-03-16 17:44:42', '172.16.7.162', '组织机构', '获取组织机构列表', 'admin', '0');
INSERT INTO `sys_operation_log` VALUES ('183e528e-ef62-4c85-838b-3049244cca26', '1', '2020-03-16 17:35:34', '172.16.7.162', '系统用户模块', '查询用户列表分页', 'admin', '0');
INSERT INTO `sys_operation_log` VALUES ('18f8f89b-c1ed-42dc-bffb-db0d3ef2253d', '1', '2020-03-16 16:40:35', '172.16.7.162', '系统用户模块', '查询用户列表分页', 'admin', '0');
INSERT INTO `sys_operation_log` VALUES ('1929ba53-da18-4f64-aa2e-d43d9862313a', '1', '2020-03-09 09:57:42', '172.16.7.162', '角色模块', '获取角色列表', 'admin', '0');
INSERT INTO `sys_operation_log` VALUES ('1b54691c-c295-442e-80c1-6aa7e30f2f63', '1', '2020-03-16 17:35:58', '172.16.7.162', '系统用户模块', '根据用户ID/登陆名查询用户详细信息', 'admin', '0');
INSERT INTO `sys_operation_log` VALUES ('1d20b04a-698d-4bf0-87df-00481322adbb', '1', '2020-03-16 17:44:13', '172.16.7.162', '组织机构', '添加组织机构', 'admin', '0');
INSERT INTO `sys_operation_log` VALUES ('1e2e0569-2b70-4bfd-8f0e-dc0fc0475624', '1', '2020-03-09 09:27:42', '172.16.7.162', '字典模块', '根据类型查询数据字典', 'admin', '0');
INSERT INTO `sys_operation_log` VALUES ('1e5eef36-39f5-4d46-8d34-bfa1a02ac4ac', '1', '2020-03-16 17:04:04', '172.16.7.162', '代码生成工具模块', '获取已经导入表列表', 'admin', '0');
INSERT INTO `sys_operation_log` VALUES ('1f827cbe-034e-4466-b083-012da5fe4dc5', '1', '2020-03-16 17:44:35', '172.16.7.162', '组织机构', '修改组织机构信息', 'admin', '0');
INSERT INTO `sys_operation_log` VALUES ('1fd650be-12a0-40ab-9c6a-55b04d6ff154', '1', '2020-03-16 17:35:09', '172.16.7.162', '角色模块', '获取角色列表', 'admin', '0');
INSERT INTO `sys_operation_log` VALUES ('2023b36a-522c-4f90-8716-979f7effdcd7', '1', '2020-03-09 11:50:38', '172.16.7.162', '系统用户模块', '查询用户信息', 'admin', '0');
INSERT INTO `sys_operation_log` VALUES ('2058cb97-c45a-44f2-b018-207fcbc0cd5c', '1', '2020-03-16 17:02:06', '172.16.7.162', '字典模块', '根据类型查询数据字典', 'admin', '0');
INSERT INTO `sys_operation_log` VALUES ('20b90de3-f946-4357-8a0b-2f7bbc8e14c9', '1', '2020-03-16 17:38:37', '172.16.7.162', '角色模块', '获取角色列表', 'admin', '0');
INSERT INTO `sys_operation_log` VALUES ('2212ef01-cdc3-4924-bf44-fbd60a4dc0fd', '1', '2020-03-16 17:44:42', '172.16.7.162', '字典模块', '根据类型查询数据字典', 'admin', '0');
INSERT INTO `sys_operation_log` VALUES ('24296a49-0564-4578-9ce8-60c7f9f5ee2a', '1', '2020-03-16 17:43:53', '172.16.7.162', '字典模块', '根据类型查询数据字典', 'admin', '0');
INSERT INTO `sys_operation_log` VALUES ('2449c237-fb68-45da-a6af-ece31eaeb5c1', '1', '2020-03-16 17:44:13', '172.16.7.162', '组织机构', '获取组织机构列表', 'admin', '0');
INSERT INTO `sys_operation_log` VALUES ('2453faad-c863-4102-8d60-2ab4c4e54bb0', '1', '2020-03-16 16:40:21', '172.16.7.162', '字典模块', '根据类型查询数据字典', 'admin', '0');
INSERT INTO `sys_operation_log` VALUES ('26adb3ed-3625-43c6-ba99-aaef34a73fca', '1', '2020-03-16 17:34:26', '172.16.7.162', '系统用户模块', '查询用户列表分页', 'admin', '0');
INSERT INTO `sys_operation_log` VALUES ('290850df-db48-4a7d-87fa-eaf6852215cf', '1', '2020-03-06 11:04:57', '172.16.7.162', '字典模块', '查询所有的数据字典', 'admin', '0');
INSERT INTO `sys_operation_log` VALUES ('2aa90d8c-3f6b-4d62-8ff4-67e8f773bbfa', '1', '2020-03-16 17:29:53', '172.16.7.162', '字典模块', '根据类型查询数据字典', 'admin', '0');
INSERT INTO `sys_operation_log` VALUES ('2b5bfad5-f209-4d40-a750-680cd520ad4b', '1', '2020-03-09 09:57:48', '172.16.7.162', '角色模块', '获取角色列表', 'admin', '0');
INSERT INTO `sys_operation_log` VALUES ('2c3cf730-a723-48a6-9462-5b639ccf2f61', '1', '2020-03-09 09:57:48', '172.16.7.162', '字典模块', '根据类型查询数据字典', 'admin', '0');
INSERT INTO `sys_operation_log` VALUES ('2cd02bf8-944a-49ba-abc0-a58e88291a44', '1', '2020-03-16 17:43:29', '172.16.7.162', '系统用户模块', '查询用户列表分页', 'admin', '0');
INSERT INTO `sys_operation_log` VALUES ('2d9f70a0-e061-44c3-8c04-750995dd0ebd', '1', '2020-03-16 17:34:41', '172.16.7.162', '系统用户模块', '查询用户列表分页', 'admin', '0');
INSERT INTO `sys_operation_log` VALUES ('2dde2235-c9af-49c9-85f0-76f3add67296', '1', '2020-03-16 16:41:20', '172.16.7.162', '字典模块', '根据类型查询数据字典', 'admin', '0');
INSERT INTO `sys_operation_log` VALUES ('2efa4862-b623-4241-9a04-2101816e2a26', '1', '2020-03-16 17:34:37', '172.16.7.162', '字典模块', '根据类型查询数据字典', 'admin', '0');
INSERT INTO `sys_operation_log` VALUES ('2fde2788-c999-4969-a2c1-10a7bee00af0', '1', '2020-03-16 17:34:38', '172.16.7.162', '组织机构', '获取组织机构列表', 'admin', '0');
INSERT INTO `sys_operation_log` VALUES ('3066a637-f756-4187-9175-350fe4cfe43c', '1', '2020-03-16 17:35:50', '172.16.7.162', '系统用户模块', '根据用户ID/登陆名查询用户详细信息', 'admin', '0');
INSERT INTO `sys_operation_log` VALUES ('3197faf1-7395-452f-b019-f5482961a19d', '1', '2020-03-16 17:44:01', '172.16.7.162', '组织机构', '获取组织机构列表', 'admin', '0');
INSERT INTO `sys_operation_log` VALUES ('3294d3d0-8cca-4770-ad70-1c900bd5f254', '1', '2020-03-10 10:06:01', '172.16.7.162', '字典模块', '根据类型查询数据字典', 'admin', '0');
INSERT INTO `sys_operation_log` VALUES ('34165f5f-113a-40bc-9953-1b51fc9118d9', '1', '2020-03-09 09:57:35', '172.16.7.162', '系统用户模块', '查询用户列表分页', 'admin', '0');
INSERT INTO `sys_operation_log` VALUES ('3670a80a-9d34-4414-bf37-772afb48b220', '1', '2020-03-16 17:44:45', '172.16.7.162', '组织机构', '修改组织机构信息', 'admin', '0');
INSERT INTO `sys_operation_log` VALUES ('37506898-892c-4191-bcaf-060ce19f311b', '1', '2020-03-16 17:44:29', '172.16.7.162', '组织机构', '获取组织机构列表', 'admin', '0');
INSERT INTO `sys_operation_log` VALUES ('386e1cfa-33b6-4d1e-95de-2444181efcce', '1', '2020-03-09 11:50:48', '172.16.7.162', '代码生成工具模块', '删除数据', 'admin', '0');
INSERT INTO `sys_operation_log` VALUES ('389563ec-c167-411e-8c0c-8736600de7b5', '1', '2020-03-16 16:45:51', '172.16.7.162', '字典模块', '根据类型查询数据字典', 'admin', '0');
INSERT INTO `sys_operation_log` VALUES ('39a0d8f3-570b-4b06-8cf7-16ba7a44f91a', '1', '2020-03-09 09:27:47', '172.16.7.162', '字典模块', '根据类型查询数据字典', 'admin', '0');
INSERT INTO `sys_operation_log` VALUES ('3a87a858-bc6c-44eb-8d83-e5285140a590', '', '2020-03-10 10:05:58', '172.16.7.162', '安全认证模块', '用户登录操作', '', '-1');
INSERT INTO `sys_operation_log` VALUES ('3aaf503a-50f3-4cbf-aecf-295c0790c640', '1', '2020-03-09 10:01:11', '172.16.7.162', '代码生成工具模块', '获取已经导入表列表', 'admin', '0');
INSERT INTO `sys_operation_log` VALUES ('3daa19eb-ffd2-4fdc-bb4a-4abc420bbd53', '1', '2020-03-16 17:38:55', '172.16.7.162', '系统用户模块', '查询用户列表分页', 'admin', '0');
INSERT INTO `sys_operation_log` VALUES ('42a4f9de-434c-411c-96f2-bc6b47996615', '1', '2020-03-16 17:29:41', '172.16.7.162', '系统用户模块', '查询用户列表分页', 'admin', '0');
INSERT INTO `sys_operation_log` VALUES ('44f77b8e-d125-4a4a-a4fe-ccdae3714ea2', '1', '2020-03-09 11:50:48', '172.16.7.162', '代码生成工具模块', '删除数据', 'admin', '0');
INSERT INTO `sys_operation_log` VALUES ('451423bd-53e1-42fb-9a07-b0aad7b82c44', '1', '2020-03-16 17:44:14', '172.16.7.162', '字典模块', '根据类型查询数据字典', 'admin', '0');
INSERT INTO `sys_operation_log` VALUES ('4534bca9-a347-4742-9d5d-bc49b26c9026', '1', '2020-03-09 11:50:42', '172.16.7.162', '代码生成工具模块', '获取已经导入表列表', 'admin', '0');
INSERT INTO `sys_operation_log` VALUES ('456daf64-be4f-4c79-9e90-a4b9edda67cf', '1', '2020-03-16 17:04:10', '172.16.7.162', '代码生成工具模块', '代码生成操作', 'admin', '0');
INSERT INTO `sys_operation_log` VALUES ('46a9e946-6697-498a-88c5-f2c3b51dab48', '1', '2020-03-16 17:35:43', '172.16.7.162', '组织机构', '获取组织机构列表', 'admin', '0');
INSERT INTO `sys_operation_log` VALUES ('4a2308f4-ac09-46bb-a0b4-15d4ce1fae34', '1', '2020-03-16 17:43:29', '172.16.7.162', '组织机构', '获取组织机构列表', 'admin', '0');
INSERT INTO `sys_operation_log` VALUES ('4b684efc-31e5-4526-9b2d-5182a8ec0d01', '1', '2020-03-09 13:04:28', '172.16.7.162', '系统用户模块', '查询用户信息', 'admin', '0');
INSERT INTO `sys_operation_log` VALUES ('4cd86f1b-96eb-4b75-9a11-28bdbca6380a', '1', '2020-03-16 17:35:59', '172.16.7.162', '组织机构', '获取组织机构列表', 'admin', '0');
INSERT INTO `sys_operation_log` VALUES ('4d8acb97-f972-4221-b65d-5c2b8a67f04e', '1', '2020-03-16 17:44:50', '172.16.7.162', '字典模块', '根据类型查询数据字典', 'admin', '0');
INSERT INTO `sys_operation_log` VALUES ('4e248a13-a5b5-4f85-8241-f81eeb441e26', '1', '2020-03-09 09:27:38', '172.16.7.162', '系统用户模块', '查询用户信息', 'admin', '0');
INSERT INTO `sys_operation_log` VALUES ('4ec2f932-91f2-4525-83a1-cdb89dd193bf', '1', '2020-03-16 17:29:41', '172.16.7.162', '组织机构', '获取组织机构列表', 'admin', '0');
INSERT INTO `sys_operation_log` VALUES ('50fcb3f6-3a3b-4c72-9960-7d9ac9461d62', '1', '2020-03-06 15:00:03', '172.16.7.162', '字典模块', '查询字典所有类型', 'admin', '0');
INSERT INTO `sys_operation_log` VALUES ('532ad8d1-9dd1-4386-a209-35f5bf7185eb', '1', '2020-03-09 09:40:50', '172.16.7.162', '组织机构', '获取组织机构列表', 'admin', '0');
INSERT INTO `sys_operation_log` VALUES ('54b34b5e-0b7e-425f-8d18-f59a5e077dde', '1', '2020-03-16 17:44:29', '172.16.7.162', '字典模块', '根据类型查询数据字典', 'admin', '0');
INSERT INTO `sys_operation_log` VALUES ('5602e04c-ca12-45d7-ab06-8638477a29fe', '1', '2020-03-09 09:40:04', '172.16.7.162', '系统用户模块', '查询用户信息', 'admin', '0');
INSERT INTO `sys_operation_log` VALUES ('560b8a0c-e81f-4025-835d-a853c7eb06e3', '1', '2020-03-16 16:59:47', '172.16.7.162', '代码生成工具模块', '代码生成工具获取未导入表的列表', 'admin', '0');
INSERT INTO `sys_operation_log` VALUES ('57b100d9-3d40-4079-8186-67d06a8d50c4', '1', '2020-03-16 17:44:38', '172.16.7.162', '组织机构', '获取组织机构列表', 'admin', '0');
INSERT INTO `sys_operation_log` VALUES ('596866a7-83e5-44e6-9b5e-5795ba155bd7', '1', '2020-03-10 10:05:58', '172.16.7.162', '样例模块', '测试session', 'admin', '0');
INSERT INTO `sys_operation_log` VALUES ('5aaf41e4-5104-427f-aac8-3960d9ffc2dd', '1', '2020-03-09 09:57:48', '172.16.7.162', '组织机构', '获取组织机构列表', 'admin', '0');
INSERT INTO `sys_operation_log` VALUES ('5b5f72d6-e504-499e-91da-dd2a472ecc40', '1', '2020-03-09 09:57:47', '172.16.7.162', '系统用户模块', '根据用户ID/登陆名查询用户详细信息', 'admin', '0');
INSERT INTO `sys_operation_log` VALUES ('5b9c44be-ad5d-47f3-a4a5-3921f2bdad0b', '1', '2020-03-09 09:40:03', '172.16.7.162', '系统用户模块', '查询用户信息', 'admin', '0');
INSERT INTO `sys_operation_log` VALUES ('5be6bdb0-eb34-4b86-b0cc-6750ad2ba106', '1', '2020-03-16 16:45:51', '172.16.7.162', '角色模块', '获取角色列表', 'admin', '0');
INSERT INTO `sys_operation_log` VALUES ('5ce46e19-b992-40f3-bd0f-ffe867c5f128', '1', '2020-03-10 10:06:17', '172.16.7.162', '字典模块', '根据类型查询数据字典', 'admin', '0');
INSERT INTO `sys_operation_log` VALUES ('636ce7a9-2eeb-427d-8746-94ad48c234f8', '1', '2020-03-16 16:39:43', '172.16.7.162', '字典模块', '根据类型查询数据字典', 'admin', '0');
INSERT INTO `sys_operation_log` VALUES ('645cda8b-27ec-4202-a6d3-ac472a3bc3b0', '1', '2020-03-06 15:00:12', '172.16.7.162', '字典模块', '查询所有的数据字典', 'admin', '0');
INSERT INTO `sys_operation_log` VALUES ('664c459d-0874-4221-a406-cd5c65ccff23', '1', '2020-03-09 09:27:38', '172.16.7.162', '样例模块', '测试session', 'admin', '0');
INSERT INTO `sys_operation_log` VALUES ('6665242e-e1d3-4dec-b884-3d5a9f8aea74', '1', '2020-03-06 11:05:03', '172.16.7.162', '字典模块', '根据类型查询数据字典', 'admin', '0');
INSERT INTO `sys_operation_log` VALUES ('66b8bdba-8a05-469d-b4e4-bfefc5833626', '1', '2020-03-16 16:40:26', '172.16.7.162', '系统用户模块', '查询用户列表分页', 'admin', '0');
INSERT INTO `sys_operation_log` VALUES ('66fee39e-514f-4952-b38c-7244146fafba', '1', '2020-03-09 09:28:17', '172.16.7.162', '代码生成工具模块', '代码生成工具获取未导入表的列表', 'admin', '0');
INSERT INTO `sys_operation_log` VALUES ('671a066c-67ee-43d7-a543-a532779b5deb', '1', '2020-03-16 17:34:37', '172.16.7.162', '系统用户模块', '查询用户列表分页', 'admin', '0');
INSERT INTO `sys_operation_log` VALUES ('692a756a-c213-4255-9ff5-33235abe4c8f', '1', '2020-03-09 09:28:18', '172.16.7.162', '代码生成工具模块', '获取已经导入表列表', 'admin', '0');
INSERT INTO `sys_operation_log` VALUES ('694c60da-acc7-4511-83e3-d3e658518578', '', '2020-03-09 11:50:38', '172.16.7.162', '安全认证模块', '用户登录操作', '', '-1');
INSERT INTO `sys_operation_log` VALUES ('6b2f7011-df34-4d53-b01b-20e8d931ec1c', '1', '2020-03-09 11:50:48', '172.16.7.162', '代码生成工具模块', '删除数据', 'admin', '0');
INSERT INTO `sys_operation_log` VALUES ('6b4feb04-97aa-4876-9369-2f5c9571e082', '1', '2020-03-16 17:43:53', '172.16.7.162', '组织机构', '获取组织机构列表', 'admin', '0');
INSERT INTO `sys_operation_log` VALUES ('6be071f8-6b44-480c-ae2b-593b1d149c2e', '1', '2020-03-16 16:39:41', '172.16.7.162', '系统用户模块', '查询用户信息', 'admin', '0');
INSERT INTO `sys_operation_log` VALUES ('6fa0ad60-f9a3-4032-9fd2-1a75442b2acc', '1', '2020-03-09 09:57:42', '172.16.7.162', '组织机构', '获取组织机构列表', 'admin', '0');
INSERT INTO `sys_operation_log` VALUES ('709747cb-38a6-4e30-93be-65849cf884a7', '1', '2020-03-16 17:35:34', '172.16.7.162', '系统用户模块', '新增用户', 'admin', '0');
INSERT INTO `sys_operation_log` VALUES ('70c6a507-b571-4510-8981-1fa3ab5ace49', '1', '2020-03-16 16:40:37', '172.16.7.162', '系统用户模块', '查询用户列表分页', 'admin', '0');
INSERT INTO `sys_operation_log` VALUES ('72d2c31b-7bc9-4016-8ae8-d00b9114b728', '1', '2020-03-10 10:06:03', '172.16.7.162', '代码生成工具模块', '获取已经导入表列表', 'admin', '0');
INSERT INTO `sys_operation_log` VALUES ('72ee5a5e-84ff-4ef7-b2a6-a74fc4cefa01', '1', '2020-03-16 17:35:51', '172.16.7.162', '字典模块', '根据类型查询数据字典', 'admin', '0');
INSERT INTO `sys_operation_log` VALUES ('74235303-1713-424d-b7b1-6a8a2c8097c8', '1', '2020-03-16 16:41:20', '172.16.7.162', '组织机构', '获取组织机构列表', 'admin', '0');
INSERT INTO `sys_operation_log` VALUES ('74349eeb-be53-4c32-8039-ae33a289cf5e', '1', '2020-03-16 16:41:20', '172.16.7.162', '系统用户模块', '查询用户列表分页', 'admin', '0');
INSERT INTO `sys_operation_log` VALUES ('7470250f-f55f-4862-9db7-6ebb557ba403', '1', '2020-03-06 11:05:44', '172.16.7.162', '字典模块', '查询所有的数据字典', 'admin', '0');
INSERT INTO `sys_operation_log` VALUES ('765f04b3-fce2-4e19-a6ca-d8275dc16955', '1', '2020-03-09 13:04:31', '172.16.7.162', '测试代码生成器模块', '分页查询列表', 'admin', '0');
INSERT INTO `sys_operation_log` VALUES ('77358d9f-5665-4384-9fb3-93217096b2bb', '1', '2020-03-09 13:04:31', '172.16.7.162', '字典模块', '根据类型查询数据字典', 'admin', '0');
INSERT INTO `sys_operation_log` VALUES ('7931fe45-de95-464f-b3e6-4820388bcddb', '1', '2020-03-10 10:06:17', '172.16.7.162', '字典模块', '根据类型查询数据字典', 'admin', '0');
INSERT INTO `sys_operation_log` VALUES ('7955cfca-a388-49f7-a993-13e8b55309fb', '1', '2020-03-16 17:02:00', '172.16.7.162', '字典模块', '根据类型查询数据字典', 'admin', '0');
INSERT INTO `sys_operation_log` VALUES ('7b5d1763-b7e2-4927-aec6-c5f83f46b9c1', '1', '2020-03-09 09:58:53', '172.16.7.162', '组织机构', '获取组织机构列表', 'admin', '0');
INSERT INTO `sys_operation_log` VALUES ('7bbf8b90-c557-41f2-83e9-377d6b9f750c', '1', '2020-03-09 13:08:17', '172.16.7.162', '代码生成工具模块', '代码生成工具获取未导入表的列表', 'admin', '0');
INSERT INTO `sys_operation_log` VALUES ('7be83720-b3e4-4945-a145-ab2d1209864e', '1', '2020-03-10 10:06:17', '172.16.7.162', '字典模块', '根据类型查询数据字典', 'admin', '0');
INSERT INTO `sys_operation_log` VALUES ('7c609472-2b3b-49ad-84be-e3ed0546e31e', '1', '2020-03-09 11:50:47', '172.16.7.162', '代码生成工具模块', '删除数据', 'admin', '0');
INSERT INTO `sys_operation_log` VALUES ('7dce77e1-69b6-43b1-b9ae-f7bc9903e9b5', '1', '2020-03-09 09:40:45', '172.16.7.162', '角色模块', '获取角色列表', 'admin', '0');
INSERT INTO `sys_operation_log` VALUES ('80675e1e-e188-410e-8c44-81d963d47400', '1', '2020-03-10 10:06:16', '172.16.7.162', '代码生成工具模块', '获取详情', 'admin', '0');
INSERT INTO `sys_operation_log` VALUES ('81e2bc3d-8d90-4ddc-999a-1fb1a00e94c1', '1', '2020-03-16 16:59:41', '172.16.7.162', '代码生成工具模块', '代码生成工具获取未导入表的列表', 'admin', '0');
INSERT INTO `sys_operation_log` VALUES ('82162d5f-9a88-442d-84d5-597e7f989669', '1', '2020-03-16 17:34:26', '172.16.7.162', '组织机构', '获取组织机构列表', 'admin', '0');
INSERT INTO `sys_operation_log` VALUES ('885191ad-3376-4454-b4c2-40cffb0908c5', '1', '2020-03-16 17:34:27', '172.16.7.162', '字典模块', '根据类型查询数据字典', 'admin', '0');
INSERT INTO `sys_operation_log` VALUES ('88fb09d2-fb70-4c9c-adc0-8b284a6aed94', '1', '2020-03-16 17:29:53', '172.16.7.162', '系统用户模块', '查询用户列表分页', 'admin', '0');
INSERT INTO `sys_operation_log` VALUES ('899beaa4-5870-4c13-9e59-86adba85caea', '1', '2020-03-09 09:34:51', '172.16.7.162', '字典模块', '根据类型查询数据字典', 'admin', '0');
INSERT INTO `sys_operation_log` VALUES ('89a03020-d52a-47d7-8c8d-d91cfafe4fb3', '1', '2020-03-09 09:27:44', '172.16.7.162', '角色模块', '获取角色列表', 'admin', '0');
INSERT INTO `sys_operation_log` VALUES ('89e3988e-5ca0-4fff-9cf3-c7543b7c5b11', '1', '2020-03-10 10:06:11', '172.16.7.162', '代码生成工具模块', '代码生成工具获取未导入表的列表', 'admin', '0');
INSERT INTO `sys_operation_log` VALUES ('8acaf65e-2a2b-4ad6-b451-dde1b1797dab', '1', '2020-03-16 17:35:43', '172.16.7.162', '字典模块', '根据类型查询数据字典', 'admin', '0');
INSERT INTO `sys_operation_log` VALUES ('8b2dcbad-5a49-40d4-b5f9-a83154fc0ddc', '1', '2020-03-16 16:39:43', '172.16.7.162', '系统用户模块', '查询用户列表分页', 'admin', '0');
INSERT INTO `sys_operation_log` VALUES ('8e6b3d4a-1427-4ec0-9d8c-590e9c9b8c87', '1', '2020-03-09 11:50:49', '172.16.7.162', '代码生成工具模块', '获取已经导入表列表', 'admin', '0');
INSERT INTO `sys_operation_log` VALUES ('9035e214-9a29-46ef-a624-6453e5820800', '1', '2020-03-09 13:04:32', '172.16.7.162', '代码生成工具模块', '获取已经导入表列表', 'admin', '0');
INSERT INTO `sys_operation_log` VALUES ('90e7c5f1-a2b8-4a98-b7f2-baed5617f4a9', '', '2020-03-09 09:27:32', '172.16.7.162', '安全认证模块', '用户登录操作', '', '-1');
INSERT INTO `sys_operation_log` VALUES ('91c389f5-545d-4367-a739-476d452f5ce6', '1', '2020-03-16 16:45:51', '172.16.7.162', '组织机构', '获取组织机构列表', 'admin', '0');
INSERT INTO `sys_operation_log` VALUES ('91fa4a1e-3fb9-4694-b00a-9fe97e1826b4', '1', '2020-03-09 09:27:39', '172.16.7.162', '系统用户模块', '查询用户信息', 'admin', '0');
INSERT INTO `sys_operation_log` VALUES ('933b7a9a-a05c-4e3a-9244-33f65eee8ce8', '1', '2020-03-16 17:04:01', '172.16.7.162', '代码生成工具模块', '代码生成工具获取未导入表的列表', 'admin', '0');
INSERT INTO `sys_operation_log` VALUES ('94349966-fd52-4d02-adb3-bfbea0ab9ab9', '1', '2020-03-16 17:34:37', '172.16.7.162', '组织机构', '获取组织机构列表', 'admin', '0');
INSERT INTO `sys_operation_log` VALUES ('959312dc-435e-465a-a25a-b3068a9a17b4', '1', '2020-03-06 11:05:54', '172.16.7.162', '字典模块', '查询字典所有类型', 'admin', '0');
INSERT INTO `sys_operation_log` VALUES ('95e50bdc-02fc-4355-a1d0-6d4b9802bd1c', '1', '2020-03-10 10:07:38', '172.16.7.162', '代码生成工具模块', '编辑数据', 'admin', '0');
INSERT INTO `sys_operation_log` VALUES ('969ab793-e7f7-4969-b9de-b22b0a14fa07', '1', '2020-03-06 11:04:34', '172.16.7.162', '字典模块', '查询所有的数据字典', 'admin', '0');
INSERT INTO `sys_operation_log` VALUES ('97c88177-037d-4f83-87d5-cffc69892f9d', '1', '2020-03-16 17:44:46', '172.16.7.162', '组织机构', '获取组织机构列表', 'admin', '0');
INSERT INTO `sys_operation_log` VALUES ('9abc99f2-851c-4abd-8dfd-4453c201a9d3', '1', '2020-03-09 09:40:43', '172.16.7.162', '组织机构', '获取组织机构列表', 'admin', '0');
INSERT INTO `sys_operation_log` VALUES ('9c2fda82-7eb8-4493-adb0-13b5da9f8c31', '1', '2020-03-16 16:40:24', '172.16.7.162', '系统用户模块', '查询用户列表分页', 'admin', '0');
INSERT INTO `sys_operation_log` VALUES ('9c9fb1c2-cab8-461b-ae43-81824247920f', '1', '2020-03-16 17:43:24', '172.16.7.162', '组织机构', '获取组织机构列表', 'admin', '0');
INSERT INTO `sys_operation_log` VALUES ('9dfb3b38-af9f-4d47-a9a0-25fdcb7d78f4', '1', '2020-03-16 16:39:41', '172.16.7.162', '系统用户模块', '查询用户信息', 'admin', '0');
INSERT INTO `sys_operation_log` VALUES ('a38fecaf-3d5e-4f58-a715-404feba1c53b', '1', '2020-03-09 13:08:16', '172.16.7.162', '代码生成工具模块', '获取已经导入表列表', 'admin', '0');
INSERT INTO `sys_operation_log` VALUES ('a4d8dd1e-161f-4296-ab4a-2bb74f1a6054', '1', '2020-03-10 10:07:35', '172.16.7.162', '代码生成工具模块', '编辑数据', 'admin', '0');
INSERT INTO `sys_operation_log` VALUES ('a5491f56-2f80-4d7f-b8b6-84fe17853261', '1', '2020-03-09 11:50:38', '172.16.7.162', '样例模块', '测试session', 'admin', '0');
INSERT INTO `sys_operation_log` VALUES ('a732cb06-d729-4221-a9b7-73e53a20b20f', '1', '2020-03-09 09:27:47', '172.16.7.162', '组织机构', '获取组织机构列表', 'admin', '0');
INSERT INTO `sys_operation_log` VALUES ('a8035c27-e707-4ed6-a9ce-14576c9d99d9', '1', '2020-03-10 10:05:59', '172.16.7.162', '系统用户模块', '查询用户信息', 'admin', '0');
INSERT INTO `sys_operation_log` VALUES ('aa76b8d0-16a2-4f40-88ab-c2a32cdc7158', '1', '2020-03-16 17:29:46', '172.16.7.162', '组织机构', '获取组织机构列表', 'admin', '0');
INSERT INTO `sys_operation_log` VALUES ('aa99ec35-6012-491c-baff-c3f732b69613', '', '2020-03-09 13:04:21', '172.16.7.162', '安全认证模块', '用户登出操作', '', '-1');
INSERT INTO `sys_operation_log` VALUES ('ad0b5bb2-6fdd-404e-8262-fd9e2d0fbdb7', '1', '2020-03-10 10:07:36', '172.16.7.162', '代码生成工具模块', '代码生成操作', 'admin', '0');
INSERT INTO `sys_operation_log` VALUES ('ad942bb8-28a6-46d2-9169-a1d9d308a5e9', '1', '2020-03-09 11:50:53', '172.16.7.162', '代码生成工具模块', '获取已经导入表列表', 'admin', '0');
INSERT INTO `sys_operation_log` VALUES ('adf4ebce-fa27-4a86-93a3-0d7fda58659e', '1', '2020-03-09 11:50:48', '172.16.7.162', '代码生成工具模块', '删除数据', 'admin', '0');
INSERT INTO `sys_operation_log` VALUES ('ae76d885-9d07-4c21-abeb-e08db3dd0b23', '1', '2020-03-09 09:34:50', '172.16.7.162', '系统用户模块', '查询用户列表分页', 'admin', '0');
INSERT INTO `sys_operation_log` VALUES ('af032100-d3f1-419e-b8aa-600903b2c143', '1', '2020-03-16 17:38:38', '172.16.7.162', '组织机构', '获取组织机构列表', 'admin', '0');
INSERT INTO `sys_operation_log` VALUES ('b1122fef-7fec-42b6-9e6d-e6d164c1d0a4', '1', '2020-03-10 10:06:07', '172.16.7.162', '代码生成工具模块', '代码生成工具获取未导入表的列表', 'admin', '0');
INSERT INTO `sys_operation_log` VALUES ('b2809d61-8ac6-49bf-a3ac-366edb211d7f', '1', '2020-03-16 17:35:59', '172.16.7.162', '字典模块', '根据类型查询数据字典', 'admin', '0');
INSERT INTO `sys_operation_log` VALUES ('b3186e10-5ad2-4571-a2e9-b7ba3b79e18e', '1', '2020-03-16 17:35:54', '172.16.7.162', '系统用户模块', '更新用户信息', 'admin', '0');
INSERT INTO `sys_operation_log` VALUES ('b3d3e53e-4f86-4639-ba12-0c3bff9510d6', '1', '2020-03-10 10:06:17', '172.16.7.162', '字典模块', '根据类型查询数据字典', 'admin', '0');
INSERT INTO `sys_operation_log` VALUES ('b44a633a-a7ff-49a0-ba18-149de00d5d96', '1', '2020-03-16 17:35:42', '172.16.7.162', '系统用户模块', '根据用户ID/登陆名查询用户详细信息', 'admin', '0');
INSERT INTO `sys_operation_log` VALUES ('b6b2aaf1-28b4-4015-aecb-8134a068c174', '1', '2020-03-16 16:59:47', '172.16.7.162', '代码生成工具模块', '获取已经导入表列表', 'admin', '0');
INSERT INTO `sys_operation_log` VALUES ('b6b5d44b-79e9-4534-9879-68032405ff04', '1', '2020-03-09 09:27:42', '172.16.7.162', '组织机构', '获取组织机构列表', 'admin', '0');
INSERT INTO `sys_operation_log` VALUES ('b9c89123-5a88-41a5-b5e9-fbdd573944e8', '1', '2020-03-09 11:50:49', '172.16.7.162', '代码生成工具模块', '删除数据', 'admin', '0');
INSERT INTO `sys_operation_log` VALUES ('ba4b944c-4c60-44c8-b1da-c7ddc8347817', '1', '2020-03-09 13:08:12', '172.16.7.162', '代码生成工具模块', '代码生成工具获取未导入表的列表', 'admin', '0');
INSERT INTO `sys_operation_log` VALUES ('baf168c7-6335-4ec0-b0a6-066399b1edf0', '1', '2020-03-16 16:59:39', '172.16.7.162', '测试代码生成器模块', '分页查询列表', 'admin', '0');
INSERT INTO `sys_operation_log` VALUES ('bbeed6ff-5f3f-442f-8ed4-d2243f1a7a94', '1', '2020-03-09 09:27:50', '172.16.7.162', '代码生成工具模块', '获取已经导入表列表', 'admin', '0');
INSERT INTO `sys_operation_log` VALUES ('bc6a9e64-79ee-4936-9215-7332f8ce9b70', '1', '2020-03-09 09:58:21', '172.16.7.162', '菜单模块', '菜单权限树查询', 'admin', '0');
INSERT INTO `sys_operation_log` VALUES ('bda2baee-4fad-466c-b1f3-dc1ae6cce6b6', '1', '2020-03-09 11:50:48', '172.16.7.162', '代码生成工具模块', '删除数据', 'admin', '0');
INSERT INTO `sys_operation_log` VALUES ('bdba542d-dc41-4e7b-bb1c-99afb945a234', '1', '2020-03-09 09:28:22', '172.16.7.162', '代码生成工具模块', '代码生成操作', 'admin', '0');
INSERT INTO `sys_operation_log` VALUES ('be5cf206-e684-4f85-b096-6393b401cfe5', '1', '2020-03-09 13:04:27', '172.16.7.162', '系统用户模块', '查询用户信息', 'admin', '0');
INSERT INTO `sys_operation_log` VALUES ('bfb5e089-6b22-4988-9d3b-a5f319d54c10', '1', '2020-03-16 17:04:04', '172.16.7.162', '代码生成工具模块', '代码生成工具获取未导入表的列表', 'admin', '0');
INSERT INTO `sys_operation_log` VALUES ('bfb8a6e3-c11d-4c9e-a671-ddcc50cb72ed', '1', '2020-03-16 16:45:51', '172.16.7.162', '系统用户模块', '根据用户ID/登陆名查询用户详细信息', 'admin', '0');
INSERT INTO `sys_operation_log` VALUES ('c049203b-7ca1-48f6-bf17-dc3c68e647d3', '1', '2020-03-09 13:08:16', '172.16.7.162', '代码生成工具模块', '获取已经导入表列表', 'admin', '0');
INSERT INTO `sys_operation_log` VALUES ('c10c604b-823f-4f60-8755-2678b83e62e6', '1', '2020-03-16 17:35:09', '172.16.7.162', '字典模块', '根据类型查询数据字典', 'admin', '0');
INSERT INTO `sys_operation_log` VALUES ('c2150006-a61e-42f7-8036-61f0e1f493ec', '1', '2020-03-09 13:08:15', '172.16.7.162', '代码生成工具模块', '获取已经导入表列表', 'admin', '0');
INSERT INTO `sys_operation_log` VALUES ('c3593895-8c31-4a9d-bf5c-df128093d878', '1', '2020-03-16 17:38:37', '172.16.7.162', '字典模块', '根据类型查询数据字典', 'admin', '0');
INSERT INTO `sys_operation_log` VALUES ('c3830f90-f1a3-4bea-8086-7d072273de8c', '1', '2020-03-09 09:57:41', '172.16.7.162', '字典模块', '根据类型查询数据字典', 'admin', '0');
INSERT INTO `sys_operation_log` VALUES ('c437747b-f3d2-409f-a708-c1df8aec1d71', '1', '2020-03-09 13:04:26', '172.16.7.162', '样例模块', '测试session', 'admin', '0');
INSERT INTO `sys_operation_log` VALUES ('c58b84c9-5972-494a-8bda-5a82f20723b3', '1', '2020-03-06 11:05:25', '172.16.7.162', '字典模块', '根据类型查询数据字典', 'admin', '0');
INSERT INTO `sys_operation_log` VALUES ('c5a077a4-f8e9-40ef-b320-b7b857e98639', '1', '2020-03-09 09:58:53', '172.16.7.162', '菜单模块', '菜单权限树查询', 'admin', '0');
INSERT INTO `sys_operation_log` VALUES ('c8719e2f-3f20-4896-b050-ce35444a2769', '1', '2020-03-16 16:40:33', '172.16.7.162', '系统用户模块', '查询用户列表分页', 'admin', '0');
INSERT INTO `sys_operation_log` VALUES ('c9c7b57d-febe-4cf9-86dd-6b474483f6fa', '1', '2020-03-09 11:50:52', '172.16.7.162', '代码生成工具模块', '删除数据', 'admin', '0');
INSERT INTO `sys_operation_log` VALUES ('cb39046f-de38-4c1a-9305-3e56d126928c', '1', '2020-03-10 10:06:01', '172.16.7.162', '测试代码生成器模块', '分页查询列表', 'admin', '0');
INSERT INTO `sys_operation_log` VALUES ('cc448912-6e06-4084-baa6-2e4f901b77b5', '1', '2020-03-16 17:35:10', '172.16.7.162', '组织机构', '获取组织机构列表', 'admin', '0');
INSERT INTO `sys_operation_log` VALUES ('cdc09c5c-d063-474b-8874-fd4f88273c46', '1', '2020-03-16 17:02:06', '172.16.7.162', '组织机构', '获取组织机构列表', 'admin', '0');
INSERT INTO `sys_operation_log` VALUES ('ce77a33e-e2c7-4406-a765-372e2c7a24e9', '1', '2020-03-09 13:04:34', '172.16.7.162', '代码生成工具模块', '代码生成工具获取未导入表的列表', 'admin', '0');
INSERT INTO `sys_operation_log` VALUES ('d10c143f-fcaf-47cc-be79-d9d0f759e9a8', '1', '2020-03-16 17:35:43', '172.16.7.162', '角色模块', '获取角色列表', 'admin', '0');
INSERT INTO `sys_operation_log` VALUES ('d2c108fe-4ccd-446c-935d-1b1fb6c040e3', '1', '2020-03-16 16:40:21', '172.16.7.162', '系统用户模块', '查询用户列表分页', 'admin', '0');
INSERT INTO `sys_operation_log` VALUES ('d34c6ffc-0299-4b7c-bd79-b9f8cac6ca52', '1', '2020-03-16 17:35:35', '172.16.7.162', '字典模块', '根据类型查询数据字典', 'admin', '0');
INSERT INTO `sys_operation_log` VALUES ('d455eb34-7258-4597-bf45-a7953dba4290', '1', '2020-03-16 17:43:24', '172.16.7.162', '系统用户模块', '查询用户列表分页', 'admin', '0');
INSERT INTO `sys_operation_log` VALUES ('d53dfdf5-422e-4312-b7ed-343dab859f28', '1', '2020-03-09 09:40:44', '172.16.7.162', '字典模块', '根据类型查询数据字典', 'admin', '0');
INSERT INTO `sys_operation_log` VALUES ('d7822dcd-d177-487f-9c07-1c39f0f4ef40', '1', '2020-03-16 17:35:59', '172.16.7.162', '角色模块', '获取角色列表', 'admin', '0');
INSERT INTO `sys_operation_log` VALUES ('d79e83e7-6ae7-409b-b3a9-3732a414ce7e', '1', '2020-03-16 17:35:55', '172.16.7.162', '系统用户模块', '查询用户列表分页', 'admin', '0');
INSERT INTO `sys_operation_log` VALUES ('d7fd68d4-fe94-44b5-9aab-1963b40c371c', '1', '2020-03-16 17:43:24', '172.16.7.162', '字典模块', '根据类型查询数据字典', 'admin', '0');
INSERT INTO `sys_operation_log` VALUES ('d831069c-858a-4dd9-ad8f-3f82107aac3c', '1', '2020-03-16 17:44:50', '172.16.7.162', '组织机构', '获取组织机构列表', 'admin', '0');
INSERT INTO `sys_operation_log` VALUES ('d92118ce-2555-4b38-8061-2d1279c6f10f', '', '2020-03-09 13:04:26', '172.16.7.162', '安全认证模块', '用户登录操作', '', '-1');
INSERT INTO `sys_operation_log` VALUES ('d9551a73-7361-4265-8289-7de2e7ef711b', '1', '2020-03-16 17:44:01', '172.16.7.162', '字典模块', '根据类型查询数据字典', 'admin', '0');
INSERT INTO `sys_operation_log` VALUES ('d9845175-48fc-43c4-ad04-4c716e2de93d', '1', '2020-03-16 17:29:46', '172.16.7.162', '系统用户模块', '查询用户列表分页', 'admin', '0');
INSERT INTO `sys_operation_log` VALUES ('da1b350b-4097-4d7b-ba2f-717483dad14d', '1', '2020-03-09 09:28:09', '172.16.7.162', '代码生成工具模块', '代码生成工具获取未导入表的列表', 'admin', '0');
INSERT INTO `sys_operation_log` VALUES ('db684375-4cf8-47fa-b30a-5ce26d5221d8', '1', '2020-03-16 17:37:14', '172.16.7.162', '组织机构', '获取组织机构列表', 'admin', '0');
INSERT INTO `sys_operation_log` VALUES ('dc936a85-9a89-4902-b073-bef6d4793c14', '', '2020-03-09 09:27:32', '172.16.7.162', '安全认证模块', '用户登录操作', '', '-1');
INSERT INTO `sys_operation_log` VALUES ('dd4d120e-98ad-46ff-95d1-b84732673588', '', '2020-03-09 09:40:02', '172.16.7.162', '安全认证模块', '用户登录操作', '', '-1');
INSERT INTO `sys_operation_log` VALUES ('ddf72e7b-9d25-4d96-aea2-421094d866dd', '1', '2020-03-09 11:50:48', '172.16.7.162', '代码生成工具模块', '删除数据', 'admin', '0');
INSERT INTO `sys_operation_log` VALUES ('de254d5f-a3a1-4939-a6f7-2b647203908b', '1', '2020-03-10 10:05:58', '172.16.7.162', '系统用户模块', '查询用户信息', 'admin', '0');
INSERT INTO `sys_operation_log` VALUES ('de2efe5b-5dea-4cf3-9b02-e1bc116fac3f', '1', '2020-03-09 09:57:36', '172.16.7.162', '字典模块', '根据类型查询数据字典', 'admin', '0');
INSERT INTO `sys_operation_log` VALUES ('e0ae8bd2-f9fb-4e58-a3d2-331ace5e778f', '1', '2020-03-16 16:39:41', '172.16.7.162', '样例模块', '测试session', 'admin', '0');
INSERT INTO `sys_operation_log` VALUES ('e45856d0-530e-4345-af29-1af5a252fb2e', '1', '2020-03-09 09:40:50', '172.16.7.162', '菜单模块', '菜单权限树查询', 'admin', '0');
INSERT INTO `sys_operation_log` VALUES ('e46b3eac-2bed-4389-a1d2-5553cbc96d7c', '1', '2020-03-16 17:36:14', '172.16.7.162', '系统用户模块', '启用/停用用户账户', 'admin', '0');
INSERT INTO `sys_operation_log` VALUES ('e5f1e49f-d139-4b6a-a21a-1506293c8f29', '1', '2020-03-16 16:59:39', '172.16.7.162', '字典模块', '根据类型查询数据字典', 'admin', '0');
INSERT INTO `sys_operation_log` VALUES ('e5f57bff-df2f-426e-9634-8d71789c0d89', '1', '2020-03-16 17:29:42', '172.16.7.162', '字典模块', '根据类型查询数据字典', 'admin', '0');
INSERT INTO `sys_operation_log` VALUES ('e61d544e-6a51-429e-9495-b6369140ba77', '1', '2020-03-09 11:50:40', '172.16.7.162', '系统用户模块', '查询用户信息', 'admin', '0');
INSERT INTO `sys_operation_log` VALUES ('e678d80d-1459-4951-89d4-3e1cf33bfa8f', '1', '2020-03-09 09:57:36', '172.16.7.162', '组织机构', '获取组织机构列表', 'admin', '0');
INSERT INTO `sys_operation_log` VALUES ('e8e5f1cf-27c1-4e35-b04c-fd8539bc9843', '1', '2020-03-10 10:06:12', '172.16.7.162', '代码生成工具模块', '获取已经导入表列表', 'admin', '0');
INSERT INTO `sys_operation_log` VALUES ('ea5a68d8-976d-4ef3-bcfc-8044f900b4e5', '', '2020-03-06 15:00:00', '172.16.7.162', '安全认证模块', '用户登录操作', '', '-1');
INSERT INTO `sys_operation_log` VALUES ('ef5a309a-fbc0-4bb2-9e84-4a2e7718bc21', '1', '2020-03-16 16:59:39', '172.16.7.162', '代码生成工具模块', '获取已经导入表列表', 'admin', '0');
INSERT INTO `sys_operation_log` VALUES ('f19be86a-16cc-4358-8723-6dbdcbe4e7ab', '1', '2020-03-16 16:40:33', '172.16.7.162', '字典模块', '根据类型查询数据字典', 'admin', '0');
INSERT INTO `sys_operation_log` VALUES ('f28a3a0d-d29f-449d-941f-8056259b5286', '1', '2020-03-16 17:38:55', '172.16.7.162', '字典模块', '根据类型查询数据字典', 'admin', '0');
INSERT INTO `sys_operation_log` VALUES ('f3392419-d58f-43bc-9ce0-5f17d10800fc', '1', '2020-03-16 17:34:38', '172.16.7.162', '系统用户模块', '查询用户列表分页', 'admin', '0');
INSERT INTO `sys_operation_log` VALUES ('f5204f28-b93b-459a-9c2a-b33da207c077', '1', '2020-03-09 10:01:19', '172.16.7.162', '代码生成工具模块', '代码生成工具获取未导入表的列表', 'admin', '0');
INSERT INTO `sys_operation_log` VALUES ('f5411307-5322-447e-8bfa-7f95c12bec15', '1', '2020-03-16 17:02:00', '172.16.7.162', '组织机构', '获取组织机构列表', 'admin', '0');
INSERT INTO `sys_operation_log` VALUES ('f6873dcd-bef0-4fcb-9ba9-e341be77fc7d', '1', '2020-03-16 17:29:53', '172.16.7.162', '组织机构', '获取组织机构列表', 'admin', '0');
INSERT INTO `sys_operation_log` VALUES ('f87c6b26-be4e-4e3b-8f38-ca9eb9dd010b', '1', '2020-03-09 09:40:03', '172.16.7.162', '样例模块', '测试session', 'admin', '0');
INSERT INTO `sys_operation_log` VALUES ('fa4ffc5d-178c-4641-8da1-329a30e362a5', '1', '2020-03-09 09:27:41', '172.16.7.162', '系统用户模块', '查询用户列表分页', 'admin', '0');
INSERT INTO `sys_operation_log` VALUES ('fb328f02-9922-484f-90e1-726aab53d180', '1', '2020-03-10 10:06:16', '172.16.7.162', '代码生成工具模块', '获取列表', 'admin', '0');
INSERT INTO `sys_operation_log` VALUES ('fdb2ea6d-9aa9-4094-99b0-5c2ce3981055', '1', '2020-03-16 17:35:50', '172.16.7.162', '角色模块', '获取角色列表', 'admin', '0');
INSERT INTO `sys_operation_log` VALUES ('ff5be900-c2fa-4170-aece-890ffe1632f8', '1', '2020-03-09 11:50:49', '172.16.7.162', '代码生成工具模块', '删除数据', 'admin', '0');

-- ----------------------------
-- Table structure for sys_operation_param
-- ----------------------------
DROP TABLE IF EXISTS `sys_operation_param`;
CREATE TABLE `sys_operation_param` (
  `id` varchar(50) NOT NULL COMMENT '主键',
  `log_id` varchar(50) NOT NULL COMMENT '日志主键',
  `request_param` text COMMENT '请求参数',
  `response_param` text COMMENT '响应结果',
  `dp_id` varchar(36) NOT NULL,
  PRIMARY KEY (`id`)
) ENGINE=InnoDB DEFAULT CHARSET=utf8 ROW_FORMAT=DYNAMIC COMMENT='系统操作参数记录';

-- ----------------------------
-- Records of sys_operation_param
-- ----------------------------
INSERT INTO `sys_operation_param` VALUES ('048f4cd4-51cd-4b5a-b5c5-fc41ef79d5ed', '2efa4862-b623-4241-9a04-2101816e2a26', '[\"post-type\"]', null, '0');
INSERT INTO `sys_operation_param` VALUES ('0502fecf-1f22-4c3c-9cf0-341bd9069462', 'd2c108fe-4ccd-446c-935d-1b1fb6c040e3', '[{\"current\":2,\"orders\":[{\"asc\":false,\"column\":\"create_time\"}],\"pages\":7,\"records\":[{\"createTime\":\"2019-11-27 16:34:23\",\"deptName\":\"303分院\",\"dpId\":\"3\",\"email\":\"\",\"enable\":1,\"extension\":\"\",\"id\":\"68b78ec6-b76c-42fe-89fa-b8b63402a97f\",\"mobile\":\"12222222222\",\"normalName\":\"gavin9\",\"photo\":\"20191127/1/bdp.png\",\"post\":\"post-office-1\",\"rank\":\"\",\"sex\":\"男\",\"title\":\"\",\"updateTime\":\"2019-11-27 16:34:23\",\"username\":\"gavin9\"},{\"createTime\":\"2019-11-26 13:46:14\",\"deptName\":\"303分院\",\"dpId\":\"3\",\"email\":\"\",\"enable\":1,\"extension\":\"\",\"id\":\"036a1743-e7c8-4adb-82e8-55a00fd5d170\",\"mobile\":\"13575785478\",\"normalName\":\"123123123\",\"photo\":\"\",\"post\":\"\",\"rank\":\"\",\"sex\":\"男\",\"title\":\"\",\"updateTime\":\"2019-11-26 13:46:14\",\"username\":\"23123123213\"},{\"createTime\":\"2019-11-26 11:17:37\",\"deptName\":\"303分院\",\"dpId\":\"3\",\"email\":\"\",\"enable\":1,\"extension\":\"\",\"id\":\"59a9d204-04cb-49ca-b007-8e75f901a9a0\",\"mobile\":\"17804304082\",\"normalName\":\"123\",\"photo\":\"\",\"post\":\"\",\"rank\":\"\",\"sex\":\"男\",\"title\":\"\",\"updateTime\":\"2019-11-26 11:17:37\",\"username\":\"123\"},{\"createTime\":\"2019-11-25 15:59:02\",\"deptName\":\"303分院\",\"dpId\":\"3\",\"email\":\"\",\"enable\":1,\"extension\":\"ff\",\"id\":\"8ccb5bba-f045-4033-aff5-d61718fa28d6\",\"mobile\":\"13333333333\",\"normalName\":\"gavin8\",\"photo\":\"20191125/1/zoe.jpeg\",\"post\":\"post-office-1\",\"rank\":\"\",\"sex\":\"男\",\"title\":\"\",\"updateTime\":\"2019-11-25 15:59:02\",\"username\":\"gavin8\"},{\"createTime\":\"2019-11-22 18:13:23\",\"deptName\":\"001我是测试数据\",\"dpId\":\"1546dfb4-a7d3-4894-9e4b-695b5bc1a41b\",\"email\":\"\",\"enable\":1,\"extension\":\"我是测试用户三号的备注我想看看能不能超过五百个字我是测试用户三号的备注我想看看能不能超过五百个字我是测试用户三号的备注我想看看能不能超过五百个字我是测试用户三号的备注我想看看能不能超过五百个字我是测试用户三号的备注我想看看能不能超过五百个字我是测试用户三号的备注我想看看能不能超过五百个字我是测试用户三号的备注我想看看能不能超过五百个字我是测试用户三号的备注我想看看能不能超过五百个字\",\"id\":\"3eeeae35-3e00-472d-8800-3a6cdf004e57\",\"mobile\":\"13111111111\",\"normalName\":\"测试用户3号我就随便起名字了\",\"photo\":\"20191122/1/images.jpg\",\"post\":\"post-office-1\",\"rank\":\"\",\"sex\":\"女\",\"title\":\"\",\"updateTime\":\"2019-11-22 18:13:23\",\"username\":\"00003\"},{\"createTime\":\"2019-11-22 18:09:39\",\"deptName\":\"001我是测试数据\",\"dpId\":\"1546dfb4-a7d3-4894-9e4b-695b5bc1a41b\",\"email\":\"\",\"enable\":1,\"extension\":\"我是测试用户2号的备注修改啦\",\"id\":\"2977fc07-96af-4aab-b49b-bb9cc3ec6ff8\",\"mobile\":\"13111111112\",\"normalName\":\"我是测试2号用户\",\"photo\":\"20191122/1/em050usaymp.jpg\",\"post\":\"post-info-1\",\"rank\":\"\",\"sex\":\"女\",\"title\":\"\",\"updateTime\":\"2019-11-22 18:09:39\",\"username\":\"00002\"},{\"createTime\":\"2019-11-22 10:19:42\",\"deptName\":\"B科室\",\"dpId\":\"7460f4f0-2ed8-4a3c-a111-d558f15ce83d\",\"email\":\"\",\"enable\":0,\"extension\":\"\",\"id\":\"790d6687-0483-4f57-8471-cc927cdf5215\",\"mobile\":\"13333331111\",\"normalName\":\"fff\",\"photo\":\"20191122/1/zoe.jpeg\",\"post\":\"post-office-1\",\"rank\":\"\",\"sex\":\"男\",\"title\":\"\",\"updateTime\":\"2019-11-22 10:19:42\",\"username\":\"hack\"},{\"createTime\":\"2019-11-22 09:38:32\",\"deptName\":\"001我是测试数据\",\"dpId\":\"1546dfb4-a7d3-4894-9e4b-695b5bc1a41b\",\"email\":\"\",\"enable\":1,\"extension\":\"我是测试数据00001号\",\"id\":\"ab186c36-81bc-4e30-8864-8968517b970f\",\"mobile\":\"13100000001\",\"normalName\":\"01测试验证\",\"photo\":\"20191122/1/20180221223815_xkkyq.jpg\",\"post\":\"post-office-1\",\"rank\":\"\",\"sex\":\"男\",\"title\":\"\",\"updateTime\":\"2019-11-22 09:38:32\",\"username\":\"00001\"},{\"createTime\":\"2019-11-21 18:40:25\",\"deptName\":\"303分院\",\"dpId\":\"3\",\"email\":\"\",\"enable\":1,\"extension\":\"ff\",\"id\":\"7de33f34-29b6-4c0f-a390-0f9091dca030\",\"mobile\":\"13333333333\",\"normalName\":\"Gav\",\"photo\":\"20191121/1/zoe.jpeg\",\"post\":\"post-office-1\",\"rank\":\"\",\"sex\":\"女\",\"title\":\"\",\"updateTime\":\"2019-11-21 18:40:25\",\"username\":\"fef\"},{\"createTime\":\"2019-11-21 15:56:47\",\"deptName\":\"解放军医院组织机构\",\"dpId\":\"0\",\"email\":\"\",\"enable\":1,\"extension\":\"\",\"id\":\"9c596b82-6177-4514-91ec-c45be42a9f05\",\"mobile\":\"13578548745\",\"normalName\":\"11111\",\"photo\":\"\",\"post\":\"post-office-1\",\"rank\":\"\",\"sex\":\"男\",\"title\":\"\",\"updateTime\":\"2019-11-21 15:56:47\",\"username\":\"11111f\"}],\"searchCount\":true,\"size\":10,\"total\":66},null,null,null,null]', null, '0');
INSERT INTO `sys_operation_param` VALUES ('054bdcd2-9a73-4173-8d75-36de1e701290', '671a066c-67ee-43d7-a543-a532779b5deb', '[{\"current\":1,\"orders\":[{\"asc\":false,\"column\":\"create_time\"}],\"pages\":7,\"records\":[{\"createTime\":\"2020-03-05 19:40:38\",\"deptName\":\"神经门诊1组-专家组\",\"dpId\":\"009b068a-499f-4ec8-945f-63147d306174\",\"email\":\"\",\"enable\":1,\"extension\":\"\",\"id\":\"1f4bfa6c-9c88-4481-9df9-56044a2f7d63\",\"mobile\":\"13804462189\",\"normalName\":\"zoe2\",\"photo\":\"\",\"post\":\"post-office-1\",\"rank\":\"\",\"sex\":\"男\",\"title\":\"\",\"updateTime\":\"2020-03-05 19:40:38\",\"username\":\"zoe2\"},{\"createTime\":\"2020-03-05 19:11:31\",\"deptName\":\"303分院\",\"dpId\":\"3\",\"email\":\"\",\"enable\":1,\"extension\":\"\",\"id\":\"3a355bda-81f5-4824-9dac-513590cfb271\",\"mobile\":\"13811111111\",\"normalName\":\"ffff\",\"photo\":\"\",\"post\":\"post-office-1\",\"rank\":\"\",\"sex\":\"男\",\"title\":\"\",\"updateTime\":\"2020-03-05 19:11:31\",\"username\":\"1122\"},{\"createTime\":\"2019-11-29 12:58:38\",\"deptName\":\"内科\",\"dpId\":\"10002\",\"email\":\"\",\"enable\":0,\"extension\":\"\",\"id\":\"2f637a13-820e-462b-9556-40a6e0e12dbc\",\"mobile\":\"13333333333\",\"normalName\":\"ef22\",\"photo\":\"\",\"post\":\"post-office-1\",\"rank\":\"\",\"sex\":\"女\",\"title\":\"\",\"updateTime\":\"2019-11-29 12:58:38\",\"username\":\"ffffeeek\"},{\"createTime\":\"2019-11-29 10:09:12\",\"deptName\":\"解放军医院组织机构\",\"dpId\":\"0\",\"email\":\"\",\"enable\":1,\"extension\":\"fff\",\"id\":\"c556b388-354e-42ca-9c92-34ff9a149c50\",\"mobile\":\"13333333333\",\"normalName\":\"ffff\",\"photo\":\"\",\"post\":\"post-office-1\",\"rank\":\"\",\"sex\":\"男\",\"title\":\"\",\"updateTime\":\"2019-11-29 10:09:12\",\"username\":\"ffff2\"},{\"createTime\":\"2019-11-28 15:58:58\",\"deptName\":\"304分院\",\"dpId\":\"4\",\"email\":\"\",\"enable\":1,\"extension\":\"\",\"id\":\"7edd783a-0e24-4267-98f8-1c05cd047599\",\"mobile\":\"12222222222\",\"normalName\":\"ffff\",\"photo\":\"\",\"post\":\"post-office-1\",\"rank\":\"\",\"sex\":\"男\",\"title\":\"\",\"updateTime\":\"2019-11-28 15:58:58\",\"username\":\"ffff\"},{\"createTime\":\"2019-11-28 10:00:13\",\"deptName\":\"解放军医院组织机构\",\"dpId\":\"0\",\"email\":\"\",\"enable\":1,\"extension\":\"11111111111111111111111111111111111111111111111111111111111111111111111111111111111111111111111111111111111111111111111111111111111111111111111111111111111111111111111111111111111111111111111111111111111111111111111111111111111111111111111111111111111111111111111111111111111111111111111111111111111111111111111111111111111111111111111111111111111111111111111111111111111111111111111111111111111111111111111111111111111111111111111111111111111111111111111111111111111111111111111111111111111111111111\",\"id\":\"e5f9ac6b-9b7c-4de9-ad6a-f40df25559bc\",\"mobile\":\"12333333333\",\"normalName\":\"fff\",\"photo\":\"\",\"post\":\"post-office-1\",\"rank\":\"\",\"sex\":\"男\",\"title\":\"\",\"updateTime\":\"2019-11-28 10:00:13\",\"username\":\"fff\"},{\"createTime\":\"2019-11-27 18:32:32\",\"deptName\":\"解放军医院组织机构\",\"dpId\":\"0\",\"email\":\"\",\"enable\":1,\"extension\":\"\",\"id\":\"9f56e244-7199-406e-80a5-190f23022277\",\"mobile\":\"12222222222\",\"normalName\":\"x\",\"photo\":\"20191127/1/timg (4).jpeg\",\"post\":\"post-office-1\",\"rank\":\"\",\"sex\":\"男\",\"title\":\"\",\"updateTime\":\"2019-11-27 18:32:32\",\"username\":\"x\"},{\"createTime\":\"2019-11-27 18:04:55\",\"deptName\":\"解放军医院组织机构\",\"dpId\":\"0\",\"email\":\"\",\"enable\":0,\"extension\":\"\",\"id\":\"3b55cb42-7c09-4c17-a275-fb175d7496a0\",\"mobile\":\"12222222222\",\"normalName\":\"ff\",\"photo\":\"20191127/1/timg (4).jpeg\",\"post\":\"post-office-1\",\"rank\":\"\",\"sex\":\"男\",\"title\":\"\",\"updateTime\":\"2019-11-27 18:04:55\",\"username\":\"ff\"},{\"createTime\":\"2019-11-27 17:58:48\",\"deptName\":\"解放军医院组织机构\",\"dpId\":\"0\",\"email\":\"\",\"enable\":1,\"extension\":\"fff\",\"id\":\"57c529f4-79a3-4443-a85e-aface4b535c3\",\"mobile\":\"12222222222\",\"normalName\":\"gg\",\"photo\":\"20191127/1/timg (4).jpeg\",\"post\":\"post-office-1\",\"rank\":\"\",\"sex\":\"男\",\"title\":\"\",\"updateTime\":\"2019-11-27 17:58:48\",\"username\":\"gg\"},{\"createTime\":\"2019-11-27 17:58:05\",\"deptName\":\"304分院\",\"dpId\":\"4\",\"email\":\"\",\"enable\":1,\"extension\":\"\",\"id\":\"e7a52141-4a4c-423b-94c2-51fbf79f79d6\",\"mobile\":\"11111111111\",\"normalName\":\"g\",\"photo\":\"20191127/1/timg (4).jpeg\",\"post\":\"post-office-1\",\"rank\":\"\",\"sex\":\"男\",\"title\":\"\",\"updateTime\":\"2019-11-27 17:58:05\",\"username\":\"g\"}],\"searchCount\":true,\"size\":10,\"total\":66},null,null,null,null]', null, '0');
INSERT INTO `sys_operation_param` VALUES ('0597bf90-0d0a-4148-8b22-6b1cba9e8dde', '95e50bdc-02fc-4355-a1d0-6d4b9802bd1c', '[{\"author\":\"Gavin\",\"createBy\":\"1\",\"createTime\":\"2020-03-10 10:06:56\",\"description\":\"配置管理\",\"entityName\":\"SysConfig\",\"id\":\"0be68d6b-7981-4454-8d41-a36487479473\",\"moduleDisplayName\":\"配置管理\",\"moduleName\":\"sysConfig\",\"packagePath\":\"com.rexen.rest\",\"tableName\":\"sys_config\",\"tableRemark\":\"配置管理\",\"templateType\":\"sigle\",\"toolGeneratorFieldModelList\":[{\"dictType\":\"\",\"fieldComment\":\"\",\"fieldName\":\"name\",\"formInsert\":1,\"formList\":1,\"formQueryMode\":\"like\",\"formQueryParam\":1,\"formRequired\":1,\"formType\":\"input\",\"formUpdate\":1,\"id\":\"019621e5-b74f-4588-8165-d5ac2edc9c87\",\"javaField\":\"name\",\"javaType\":\"String\",\"labelName\":\"配置名称\",\"maxLengthRequired\":36,\"maxValueRequired\":1,\"minLengthRequired\":1,\"minValueRequired\":1,\"physicsType\":\"varchar(36)\",\"primaryKey\":0,\"sort\":2,\"tableModelId\":\"0be68d6b-7981-4454-8d41-a36487479473\"},{\"dictType\":\"\",\"fieldComment\":\"\",\"fieldName\":\"id\",\"formInsert\":1,\"formList\":0,\"formQueryMode\":\"equals\",\"formQueryParam\":0,\"formRequired\":0,\"formType\":\"input\",\"formUpdate\":0,\"id\":\"775de848-3a17-40c7-862c-07450ef73d89\",\"javaField\":\"id\",\"javaType\":\"String\",\"labelName\":\"ID\",\"maxLengthRequired\":36,\"maxValueRequired\":1,\"minLengthRequired\":1,\"minValueRequired\":1,\"physicsType\":\"varchar(36)\",\"primaryKey\":1,\"sort\":1,\"tableModelId\":\"0be68d6b-7981-4454-8d41-a36487479473\"},{\"dictType\":\"\",\"fieldComment\":\"\",\"fieldName\":\"value\",\"formInsert\":1,\"formList\":1,\"formQueryMode\":\"equals\",\"formQueryParam\":1,\"formRequired\":1,\"formType\":\"input\",\"formUpdate\":1,\"id\":\"ab2acafa-3114-49fe-a453-f16e78d25f5f\",\"javaField\":\"value\",\"javaType\":\"String\",\"labelName\":\"配置值\",\"maxLengthRequired\":1,\"maxValueRequired\":1,\"minLengthRequired\":1,\"minValueRequired\":1,\"physicsType\":\"text\",\"primaryKey\":0,\"sort\":3,\"tableModelId\":\"0be68d6b-7981-4454-8d41-a36487479473\"}],\"updateBy\":\"1\",\"updateTime\":\"2020-03-10 10:06:56\"}]', null, '0');
INSERT INTO `sys_operation_param` VALUES ('059b8e92-8dc8-4649-a239-7eb7f6072aeb', '6fa0ad60-f9a3-4032-9fd2-1a75442b2acc', '[]', null, '0');
INSERT INTO `sys_operation_param` VALUES ('05a070c0-031c-4408-a689-7db144fa3b80', 'f3392419-d58f-43bc-9ce0-5f17d10800fc', '[{\"current\":1,\"orders\":[{\"asc\":false,\"column\":\"create_time\"}],\"pages\":7,\"records\":[{\"createTime\":\"2020-03-05 19:40:38\",\"deptName\":\"神经门诊1组-专家组\",\"dpId\":\"009b068a-499f-4ec8-945f-63147d306174\",\"email\":\"\",\"enable\":1,\"extension\":\"\",\"id\":\"1f4bfa6c-9c88-4481-9df9-56044a2f7d63\",\"mobile\":\"13804462189\",\"normalName\":\"zoe2\",\"photo\":\"\",\"post\":\"post-office-1\",\"rank\":\"\",\"sex\":\"男\",\"title\":\"\",\"updateTime\":\"2020-03-05 19:40:38\",\"username\":\"zoe2\"},{\"createTime\":\"2020-03-05 19:11:31\",\"deptName\":\"303分院\",\"dpId\":\"3\",\"email\":\"\",\"enable\":1,\"extension\":\"\",\"id\":\"3a355bda-81f5-4824-9dac-513590cfb271\",\"mobile\":\"13811111111\",\"normalName\":\"ffff\",\"photo\":\"\",\"post\":\"post-office-1\",\"rank\":\"\",\"sex\":\"男\",\"title\":\"\",\"updateTime\":\"2020-03-05 19:11:31\",\"username\":\"1122\"},{\"createTime\":\"2019-11-29 12:58:38\",\"deptName\":\"内科\",\"dpId\":\"10002\",\"email\":\"\",\"enable\":0,\"extension\":\"\",\"id\":\"2f637a13-820e-462b-9556-40a6e0e12dbc\",\"mobile\":\"13333333333\",\"normalName\":\"ef22\",\"photo\":\"\",\"post\":\"post-office-1\",\"rank\":\"\",\"sex\":\"女\",\"title\":\"\",\"updateTime\":\"2019-11-29 12:58:38\",\"username\":\"ffffeeek\"},{\"createTime\":\"2019-11-29 10:09:12\",\"deptName\":\"解放军医院组织机构\",\"dpId\":\"0\",\"email\":\"\",\"enable\":1,\"extension\":\"fff\",\"id\":\"c556b388-354e-42ca-9c92-34ff9a149c50\",\"mobile\":\"13333333333\",\"normalName\":\"ffff\",\"photo\":\"\",\"post\":\"post-office-1\",\"rank\":\"\",\"sex\":\"男\",\"title\":\"\",\"updateTime\":\"2019-11-29 10:09:12\",\"username\":\"ffff2\"},{\"createTime\":\"2019-11-28 15:58:58\",\"deptName\":\"304分院\",\"dpId\":\"4\",\"email\":\"\",\"enable\":1,\"extension\":\"\",\"id\":\"7edd783a-0e24-4267-98f8-1c05cd047599\",\"mobile\":\"12222222222\",\"normalName\":\"ffff\",\"photo\":\"\",\"post\":\"post-office-1\",\"rank\":\"\",\"sex\":\"男\",\"title\":\"\",\"updateTime\":\"2019-11-28 15:58:58\",\"username\":\"ffff\"},{\"createTime\":\"2019-11-28 10:00:13\",\"deptName\":\"解放军医院组织机构\",\"dpId\":\"0\",\"email\":\"\",\"enable\":1,\"extension\":\"11111111111111111111111111111111111111111111111111111111111111111111111111111111111111111111111111111111111111111111111111111111111111111111111111111111111111111111111111111111111111111111111111111111111111111111111111111111111111111111111111111111111111111111111111111111111111111111111111111111111111111111111111111111111111111111111111111111111111111111111111111111111111111111111111111111111111111111111111111111111111111111111111111111111111111111111111111111111111111111111111111111111111111111\",\"id\":\"e5f9ac6b-9b7c-4de9-ad6a-f40df25559bc\",\"mobile\":\"12333333333\",\"normalName\":\"fff\",\"photo\":\"\",\"post\":\"post-office-1\",\"rank\":\"\",\"sex\":\"男\",\"title\":\"\",\"updateTime\":\"2019-11-28 10:00:13\",\"username\":\"fff\"},{\"createTime\":\"2019-11-27 18:32:32\",\"deptName\":\"解放军医院组织机构\",\"dpId\":\"0\",\"email\":\"\",\"enable\":1,\"extension\":\"\",\"id\":\"9f56e244-7199-406e-80a5-190f23022277\",\"mobile\":\"12222222222\",\"normalName\":\"x\",\"photo\":\"20191127/1/timg (4).jpeg\",\"post\":\"post-office-1\",\"rank\":\"\",\"sex\":\"男\",\"title\":\"\",\"updateTime\":\"2019-11-27 18:32:32\",\"username\":\"x\"},{\"createTime\":\"2019-11-27 18:04:55\",\"deptName\":\"解放军医院组织机构\",\"dpId\":\"0\",\"email\":\"\",\"enable\":0,\"extension\":\"\",\"id\":\"3b55cb42-7c09-4c17-a275-fb175d7496a0\",\"mobile\":\"12222222222\",\"normalName\":\"ff\",\"photo\":\"20191127/1/timg (4).jpeg\",\"post\":\"post-office-1\",\"rank\":\"\",\"sex\":\"男\",\"title\":\"\",\"updateTime\":\"2019-11-27 18:04:55\",\"username\":\"ff\"},{\"createTime\":\"2019-11-27 17:58:48\",\"deptName\":\"解放军医院组织机构\",\"dpId\":\"0\",\"email\":\"\",\"enable\":1,\"extension\":\"fff\",\"id\":\"57c529f4-79a3-4443-a85e-aface4b535c3\",\"mobile\":\"12222222222\",\"normalName\":\"gg\",\"photo\":\"20191127/1/timg (4).jpeg\",\"post\":\"post-office-1\",\"rank\":\"\",\"sex\":\"男\",\"title\":\"\",\"updateTime\":\"2019-11-27 17:58:48\",\"username\":\"gg\"},{\"createTime\":\"2019-11-27 17:58:05\",\"deptName\":\"304分院\",\"dpId\":\"4\",\"email\":\"\",\"enable\":1,\"extension\":\"\",\"id\":\"e7a52141-4a4c-423b-94c2-51fbf79f79d6\",\"mobile\":\"11111111111\",\"normalName\":\"g\",\"photo\":\"20191127/1/timg (4).jpeg\",\"post\":\"post-office-1\",\"rank\":\"\",\"sex\":\"男\",\"title\":\"\",\"updateTime\":\"2019-11-27 17:58:05\",\"username\":\"g\"}],\"searchCount\":true,\"size\":10,\"total\":66},null,null,null,null]', null, '0');
INSERT INTO `sys_operation_param` VALUES ('0747823c-ed89-4e7f-b043-d0b186e3410e', '0513f705-aa37-47fe-a332-2ae9a124453a', '[]', null, '0');
INSERT INTO `sys_operation_param` VALUES ('09968971-bf22-4167-977d-036a137dbfc7', 'e5f57bff-df2f-426e-9634-8d71789c0d89', '[\"post-type\"]', null, '0');
INSERT INTO `sys_operation_param` VALUES ('09e0980b-4b2e-4b0c-b099-f3e0f9e92742', '88fb09d2-fb70-4c9c-adc0-8b284a6aed94', '[{\"current\":1,\"orders\":[{\"asc\":false,\"column\":\"create_time\"}],\"pages\":7,\"records\":[{\"createTime\":\"2020-03-05 19:40:38\",\"deptName\":\"神经门诊1组-专家组\",\"dpId\":\"009b068a-499f-4ec8-945f-63147d306174\",\"email\":\"\",\"enable\":1,\"extension\":\"\",\"id\":\"1f4bfa6c-9c88-4481-9df9-56044a2f7d63\",\"mobile\":\"13804462189\",\"normalName\":\"zoe2\",\"photo\":\"\",\"post\":\"post-office-1\",\"rank\":\"\",\"sex\":\"男\",\"title\":\"\",\"updateTime\":\"2020-03-05 19:40:38\",\"username\":\"zoe2\"},{\"createTime\":\"2020-03-05 19:11:31\",\"deptName\":\"303分院\",\"dpId\":\"3\",\"email\":\"\",\"enable\":1,\"extension\":\"\",\"id\":\"3a355bda-81f5-4824-9dac-513590cfb271\",\"mobile\":\"13811111111\",\"normalName\":\"ffff\",\"photo\":\"\",\"post\":\"post-office-1\",\"rank\":\"\",\"sex\":\"男\",\"title\":\"\",\"updateTime\":\"2020-03-05 19:11:31\",\"username\":\"1122\"},{\"createTime\":\"2019-11-29 12:58:38\",\"deptName\":\"内科\",\"dpId\":\"10002\",\"email\":\"\",\"enable\":0,\"extension\":\"\",\"id\":\"2f637a13-820e-462b-9556-40a6e0e12dbc\",\"mobile\":\"13333333333\",\"normalName\":\"ef22\",\"photo\":\"\",\"post\":\"post-office-1\",\"rank\":\"\",\"sex\":\"女\",\"title\":\"\",\"updateTime\":\"2019-11-29 12:58:38\",\"username\":\"ffffeeek\"},{\"createTime\":\"2019-11-29 10:09:12\",\"deptName\":\"解放军医院组织机构\",\"dpId\":\"0\",\"email\":\"\",\"enable\":1,\"extension\":\"fff\",\"id\":\"c556b388-354e-42ca-9c92-34ff9a149c50\",\"mobile\":\"13333333333\",\"normalName\":\"ffff\",\"photo\":\"\",\"post\":\"post-office-1\",\"rank\":\"\",\"sex\":\"男\",\"title\":\"\",\"updateTime\":\"2019-11-29 10:09:12\",\"username\":\"ffff2\"},{\"createTime\":\"2019-11-28 15:58:58\",\"deptName\":\"304分院\",\"dpId\":\"4\",\"email\":\"\",\"enable\":1,\"extension\":\"\",\"id\":\"7edd783a-0e24-4267-98f8-1c05cd047599\",\"mobile\":\"12222222222\",\"normalName\":\"ffff\",\"photo\":\"\",\"post\":\"post-office-1\",\"rank\":\"\",\"sex\":\"男\",\"title\":\"\",\"updateTime\":\"2019-11-28 15:58:58\",\"username\":\"ffff\"},{\"createTime\":\"2019-11-28 10:00:13\",\"deptName\":\"解放军医院组织机构\",\"dpId\":\"0\",\"email\":\"\",\"enable\":1,\"extension\":\"11111111111111111111111111111111111111111111111111111111111111111111111111111111111111111111111111111111111111111111111111111111111111111111111111111111111111111111111111111111111111111111111111111111111111111111111111111111111111111111111111111111111111111111111111111111111111111111111111111111111111111111111111111111111111111111111111111111111111111111111111111111111111111111111111111111111111111111111111111111111111111111111111111111111111111111111111111111111111111111111111111111111111111111\",\"id\":\"e5f9ac6b-9b7c-4de9-ad6a-f40df25559bc\",\"mobile\":\"12333333333\",\"normalName\":\"fff\",\"photo\":\"\",\"post\":\"post-office-1\",\"rank\":\"\",\"sex\":\"男\",\"title\":\"\",\"updateTime\":\"2019-11-28 10:00:13\",\"username\":\"fff\"},{\"createTime\":\"2019-11-27 18:32:32\",\"deptName\":\"解放军医院组织机构\",\"dpId\":\"0\",\"email\":\"\",\"enable\":1,\"extension\":\"\",\"id\":\"9f56e244-7199-406e-80a5-190f23022277\",\"mobile\":\"12222222222\",\"normalName\":\"x\",\"photo\":\"20191127/1/timg (4).jpeg\",\"post\":\"post-office-1\",\"rank\":\"\",\"sex\":\"男\",\"title\":\"\",\"updateTime\":\"2019-11-27 18:32:32\",\"username\":\"x\"},{\"createTime\":\"2019-11-27 18:04:55\",\"deptName\":\"解放军医院组织机构\",\"dpId\":\"0\",\"email\":\"\",\"enable\":0,\"extension\":\"\",\"id\":\"3b55cb42-7c09-4c17-a275-fb175d7496a0\",\"mobile\":\"12222222222\",\"normalName\":\"ff\",\"photo\":\"20191127/1/timg (4).jpeg\",\"post\":\"post-office-1\",\"rank\":\"\",\"sex\":\"男\",\"title\":\"\",\"updateTime\":\"2019-11-27 18:04:55\",\"username\":\"ff\"},{\"createTime\":\"2019-11-27 17:58:48\",\"deptName\":\"解放军医院组织机构\",\"dpId\":\"0\",\"email\":\"\",\"enable\":1,\"extension\":\"fff\",\"id\":\"57c529f4-79a3-4443-a85e-aface4b535c3\",\"mobile\":\"12222222222\",\"normalName\":\"gg\",\"photo\":\"20191127/1/timg (4).jpeg\",\"post\":\"post-office-1\",\"rank\":\"\",\"sex\":\"男\",\"title\":\"\",\"updateTime\":\"2019-11-27 17:58:48\",\"username\":\"gg\"},{\"createTime\":\"2019-11-27 17:58:05\",\"deptName\":\"304分院\",\"dpId\":\"4\",\"email\":\"\",\"enable\":1,\"extension\":\"\",\"id\":\"e7a52141-4a4c-423b-94c2-51fbf79f79d6\",\"mobile\":\"11111111111\",\"normalName\":\"g\",\"photo\":\"20191127/1/timg (4).jpeg\",\"post\":\"post-office-1\",\"rank\":\"\",\"sex\":\"男\",\"title\":\"\",\"updateTime\":\"2019-11-27 17:58:05\",\"username\":\"g\"}],\"searchCount\":true,\"size\":10,\"total\":66},null,null,null,null]', null, '0');
INSERT INTO `sys_operation_param` VALUES ('0ec2b1f2-7b01-4eb0-b3d3-7e7a32e9cd64', '9dfb3b38-af9f-4d47-a9a0-25fdcb7d78f4', '[\"1\"]', null, '0');
INSERT INTO `sys_operation_param` VALUES ('0f06a7f4-13c4-4ccf-b831-c35a5ebaa062', 'cdc09c5c-d063-474b-8874-fd4f88273c46', '[]', null, '0');
INSERT INTO `sys_operation_param` VALUES ('1029641c-8bfa-41bc-b26e-384b64b83b48', '50fcb3f6-3a3b-4c72-9960-7d9ac9461d62', '[]', null, '0');
INSERT INTO `sys_operation_param` VALUES ('102a49ee-2b91-4704-9f21-81bf47bc90cc', 'be5cf206-e684-4f85-b096-6393b401cfe5', '[]', null, '0');
INSERT INTO `sys_operation_param` VALUES ('127d6230-30c1-4757-9e87-c85859dd0097', 'bc6a9e64-79ee-4936-9215-7332f8ce9b70', '[]', null, '0');
INSERT INTO `sys_operation_param` VALUES ('147804d9-5aa8-41aa-8f05-01d539c5cc54', '80675e1e-e188-410e-8c44-81d963d47400', '[\"0be68d6b-7981-4454-8d41-a36487479473\"]', null, '0');
INSERT INTO `sys_operation_param` VALUES ('1905d4e3-2325-4ebe-b9f9-15096f773876', '7955cfca-a388-49f7-a993-13e8b55309fb', '[\"department-flag-type\"]', null, '0');
INSERT INTO `sys_operation_param` VALUES ('19a5e0f8-992a-4aba-bdbb-e218b2eb9089', 'd831069c-858a-4dd9-ad8f-3f82107aac3c', '[]', null, '0');
INSERT INTO `sys_operation_param` VALUES ('1b189ddf-32c4-469c-9ae1-147fadb08fbb', '664c459d-0874-4221-a406-cd5c65ccff23', '[\"file-server\"]', null, '0');
INSERT INTO `sys_operation_param` VALUES ('1c671550-46c7-41d3-a904-9d773a2b27e7', '89e3988e-5ca0-4fff-9cf3-c7543b7c5b11', '[\"sys_announcement,sys_config\"]', null, '0');
INSERT INTO `sys_operation_param` VALUES ('1ceccd27-42aa-43b3-978b-66ecfb72713e', '899beaa4-5870-4c13-9e59-86adba85caea', '[\"post-type\"]', null, '0');
INSERT INTO `sys_operation_param` VALUES ('1d20da0f-7f2f-4426-973a-72dc05b157c4', '532ad8d1-9dd1-4386-a209-35f5bf7185eb', '[]', null, '0');
INSERT INTO `sys_operation_param` VALUES ('1d70f6a6-a3d6-4491-8c77-a5cc04ee511c', 'de254d5f-a3a1-4939-a6f7-2b647203908b', '[]', null, '0');
INSERT INTO `sys_operation_param` VALUES ('1d9905ee-6584-4b83-ac49-b05234132029', '0566a63c-b547-4588-8142-d8034e0da7bd', '[]', null, '0');
INSERT INTO `sys_operation_param` VALUES ('1e6e6830-ff49-47ab-bed5-e933732e0be9', 'ef5a309a-fbc0-4bb2-9e84-4a2e7718bc21', '[{\"current\":1,\"orders\":[{\"asc\":false,\"column\":\"create_time\"}],\"pages\":1,\"parameter\":{},\"records\":[{\"author\":\"Gavin\",\"createBy\":\"1\",\"createTime\":\"2020-03-10 10:06:56\",\"description\":\"配置管理\",\"entityName\":\"SysConfig\",\"id\":\"0be68d6b-7981-4454-8d41-a36487479473\",\"moduleDisplayName\":\"配置管理\",\"moduleName\":\"sysConfig\",\"packagePath\":\"com.rexen.rest\",\"tableName\":\"sys_config\",\"tableRemark\":\"配置管理\",\"templateType\":\"sigle\",\"updateBy\":\"1\",\"updateTime\":\"2020-03-10 10:08:23\"},{\"author\":\"Gavin\",\"createBy\":\"1\",\"createTime\":\"2020-03-10 10:06:56\",\"description\":\"\",\"entityName\":\"SysAnnouncement\",\"id\":\"718ca332-c2c0-4094-aa04-22f58f17b49c\",\"moduleDisplayName\":\"\",\"moduleName\":\"SysAnnouncement\",\"packagePath\":\"com.rexen.rest\",\"tableName\":\"sys_announcement\",\"tableRemark\":\"\",\"templateType\":\"sigle\",\"updateBy\":\"1\",\"updateTime\":\"2020-03-10 10:06:56\"}],\"searchCount\":true,\"size\":10,\"total\":2},{\"$ref\":\"$.null.parameter\"}]', null, '0');
INSERT INTO `sys_operation_param` VALUES ('1e8a3024-5d36-4459-94cc-57004cbc013c', 'ad942bb8-28a6-46d2-9169-a1d9d308a5e9', '[{\"current\":1,\"orders\":[{\"asc\":false,\"column\":\"create_time\"}],\"pages\":0,\"parameter\":{},\"records\":[],\"searchCount\":true,\"size\":10,\"total\":0},{\"$ref\":\"$.null.parameter\"}]', null, '0');
INSERT INTO `sys_operation_param` VALUES ('1fdf3162-f6b4-4dba-8f33-4f7c7d81d97d', '1d20b04a-698d-4bf0-87df-00481322adbb', '[{\"enable\":1,\"extension\":\"fefe\",\"flag\":\"dept-flag-1\",\"id\":\"1701e855-d160-46ce-8b83-4317fdc10ae7\",\"lastLevelFlag\":1,\"name\":\"fff\",\"parentId\":\"4\",\"sort\":1}]', null, '0');
INSERT INTO `sys_operation_param` VALUES ('21177c75-32e7-414f-861d-32dcfa10de52', '14937fe8-fadd-4d9c-bbe6-17fac477325f', '[]', null, '0');
INSERT INTO `sys_operation_param` VALUES ('222e4bcb-cae5-46f5-957d-861a2f6b5625', '3294d3d0-8cca-4770-ad70-1c900bd5f254', '[\"post-type\"]', null, '0');
INSERT INTO `sys_operation_param` VALUES ('23544729-d717-412f-ba45-5e99cd62f6f2', '0c1a1832-f91b-4eff-940c-6f9673998926', '[]', null, '0');
INSERT INTO `sys_operation_param` VALUES ('24410ddb-679c-41c2-aebb-4d3232aaf5e2', '97c88177-037d-4f83-87d5-cffc69892f9d', '[]', null, '0');
INSERT INTO `sys_operation_param` VALUES ('266a2686-b26d-402c-a5d7-10ea1a16d11d', 'da1b350b-4097-4d7b-ba2f-717483dad14d', '[{}]', null, '0');
INSERT INTO `sys_operation_param` VALUES ('266c694b-1897-479e-83ce-f3e1bff02d97', 'fa4ffc5d-178c-4641-8da1-329a30e362a5', '[{\"current\":1,\"orders\":[{\"asc\":false,\"column\":\"create_time\"}],\"pages\":7,\"records\":[{\"createTime\":\"2020-03-05 19:40:38\",\"deptName\":\"神经门诊1组-专家组\",\"dpId\":\"009b068a-499f-4ec8-945f-63147d306174\",\"email\":\"\",\"enable\":1,\"extension\":\"\",\"id\":\"1f4bfa6c-9c88-4481-9df9-56044a2f7d63\",\"mobile\":\"13804462189\",\"normalName\":\"zoe2\",\"photo\":\"\",\"post\":\"post-office-1\",\"rank\":\"\",\"sex\":\"男\",\"title\":\"\",\"updateTime\":\"2020-03-05 19:40:38\",\"username\":\"zoe2\"},{\"createTime\":\"2020-03-05 19:11:31\",\"deptName\":\"303分院\",\"dpId\":\"3\",\"email\":\"\",\"enable\":1,\"extension\":\"\",\"id\":\"3a355bda-81f5-4824-9dac-513590cfb271\",\"mobile\":\"13811111111\",\"normalName\":\"ffff\",\"photo\":\"\",\"post\":\"post-office-1\",\"rank\":\"\",\"sex\":\"男\",\"title\":\"\",\"updateTime\":\"2020-03-05 19:11:31\",\"username\":\"1122\"},{\"createTime\":\"2019-11-29 12:58:38\",\"deptName\":\"内科\",\"dpId\":\"10002\",\"email\":\"\",\"enable\":0,\"extension\":\"\",\"id\":\"2f637a13-820e-462b-9556-40a6e0e12dbc\",\"mobile\":\"13333333333\",\"normalName\":\"ef22\",\"photo\":\"\",\"post\":\"post-office-1\",\"rank\":\"\",\"sex\":\"女\",\"title\":\"\",\"updateTime\":\"2019-11-29 12:58:38\",\"username\":\"ffffeeek\"},{\"createTime\":\"2019-11-29 10:09:12\",\"deptName\":\"解放军医院组织机构\",\"dpId\":\"0\",\"email\":\"\",\"enable\":1,\"extension\":\"fff\",\"id\":\"c556b388-354e-42ca-9c92-34ff9a149c50\",\"mobile\":\"13333333333\",\"normalName\":\"ffff\",\"photo\":\"\",\"post\":\"post-office-1\",\"rank\":\"\",\"sex\":\"男\",\"title\":\"\",\"updateTime\":\"2019-11-29 10:09:12\",\"username\":\"ffff2\"},{\"createTime\":\"2019-11-28 15:58:58\",\"deptName\":\"304分院\",\"dpId\":\"4\",\"email\":\"\",\"enable\":1,\"extension\":\"\",\"id\":\"7edd783a-0e24-4267-98f8-1c05cd047599\",\"mobile\":\"12222222222\",\"normalName\":\"ffff\",\"photo\":\"\",\"post\":\"post-office-1\",\"rank\":\"\",\"sex\":\"男\",\"title\":\"\",\"updateTime\":\"2019-11-28 15:58:58\",\"username\":\"ffff\"},{\"createTime\":\"2019-11-28 10:00:13\",\"deptName\":\"解放军医院组织机构\",\"dpId\":\"0\",\"email\":\"\",\"enable\":1,\"extension\":\"11111111111111111111111111111111111111111111111111111111111111111111111111111111111111111111111111111111111111111111111111111111111111111111111111111111111111111111111111111111111111111111111111111111111111111111111111111111111111111111111111111111111111111111111111111111111111111111111111111111111111111111111111111111111111111111111111111111111111111111111111111111111111111111111111111111111111111111111111111111111111111111111111111111111111111111111111111111111111111111111111111111111111111111\",\"id\":\"e5f9ac6b-9b7c-4de9-ad6a-f40df25559bc\",\"mobile\":\"12333333333\",\"normalName\":\"fff\",\"photo\":\"\",\"post\":\"post-office-1\",\"rank\":\"\",\"sex\":\"男\",\"title\":\"\",\"updateTime\":\"2019-11-28 10:00:13\",\"username\":\"fff\"},{\"createTime\":\"2019-11-27 18:32:32\",\"deptName\":\"解放军医院组织机构\",\"dpId\":\"0\",\"email\":\"\",\"enable\":1,\"extension\":\"\",\"id\":\"9f56e244-7199-406e-80a5-190f23022277\",\"mobile\":\"12222222222\",\"normalName\":\"x\",\"photo\":\"20191127/1/timg (4).jpeg\",\"post\":\"post-office-1\",\"rank\":\"\",\"sex\":\"男\",\"title\":\"\",\"updateTime\":\"2019-11-27 18:32:32\",\"username\":\"x\"},{\"createTime\":\"2019-11-27 18:04:55\",\"deptName\":\"解放军医院组织机构\",\"dpId\":\"0\",\"email\":\"\",\"enable\":0,\"extension\":\"\",\"id\":\"3b55cb42-7c09-4c17-a275-fb175d7496a0\",\"mobile\":\"12222222222\",\"normalName\":\"ff\",\"photo\":\"20191127/1/timg (4).jpeg\",\"post\":\"post-office-1\",\"rank\":\"\",\"sex\":\"男\",\"title\":\"\",\"updateTime\":\"2019-11-27 18:04:55\",\"username\":\"ff\"},{\"createTime\":\"2019-11-27 17:58:48\",\"deptName\":\"解放军医院组织机构\",\"dpId\":\"0\",\"email\":\"\",\"enable\":1,\"extension\":\"fff\",\"id\":\"57c529f4-79a3-4443-a85e-aface4b535c3\",\"mobile\":\"12222222222\",\"normalName\":\"gg\",\"photo\":\"20191127/1/timg (4).jpeg\",\"post\":\"post-office-1\",\"rank\":\"\",\"sex\":\"男\",\"title\":\"\",\"updateTime\":\"2019-11-27 17:58:48\",\"username\":\"gg\"},{\"createTime\":\"2019-11-27 17:58:05\",\"deptName\":\"304分院\",\"dpId\":\"4\",\"email\":\"\",\"enable\":1,\"extension\":\"\",\"id\":\"e7a52141-4a4c-423b-94c2-51fbf79f79d6\",\"mobile\":\"11111111111\",\"normalName\":\"g\",\"photo\":\"20191127/1/timg (4).jpeg\",\"post\":\"post-office-1\",\"rank\":\"\",\"sex\":\"男\",\"title\":\"\",\"updateTime\":\"2019-11-27 17:58:05\",\"username\":\"g\"}],\"searchCount\":true,\"size\":10,\"total\":66},null,null,null,null]', null, '0');
INSERT INTO `sys_operation_param` VALUES ('2731da82-353f-479e-8503-1857c4880043', '1e2e0569-2b70-4bfd-8f0e-dc0fc0475624', '[\"post-type\"]', null, '0');
INSERT INTO `sys_operation_param` VALUES ('27e081de-ee8d-433f-8d46-8bbad61f28de', '74235303-1713-424d-b7b1-6a8a2c8097c8', '[]', null, '0');
INSERT INTO `sys_operation_param` VALUES ('2855bd20-93d1-4f7a-97df-9c332e78b526', '0a96642a-1dd7-4f2b-9b08-e10c26860f3a', '[]', null, '0');
INSERT INTO `sys_operation_param` VALUES ('29532d2f-e523-446e-81bb-80bff8965811', 'b6b5d44b-79e9-4534-9879-68032405ff04', '[]', null, '0');
INSERT INTO `sys_operation_param` VALUES ('2a194d35-eeb9-41dc-a2c4-005bd00d1d50', '456daf64-be4f-4c79-9e90-a4b9edda67cf', '[]', null, '0');
INSERT INTO `sys_operation_param` VALUES ('2a946a47-8971-4acd-8e2f-0d69045d96e7', 'de2efe5b-5dea-4cf3-9b02-e1bc116fac3f', '[\"post-type\"]', null, '0');
INSERT INTO `sys_operation_param` VALUES ('2ca7be1e-72df-45c5-9a5d-b46dac043e62', '959312dc-435e-465a-a25a-b3068a9a17b4', '[]', null, '0');
INSERT INTO `sys_operation_param` VALUES ('2d5052ca-70ab-48be-87e6-02a90667ea31', '560b8a0c-e81f-4025-835d-a853c7eb06e3', '[\"sys_user\"]', null, '0');
INSERT INTO `sys_operation_param` VALUES ('2e5bb607-dc5b-440a-9a26-74ca67d00081', '3a87a858-bc6c-44eb-8d83-e5285140a590', '[]', null, '-1');
INSERT INTO `sys_operation_param` VALUES ('2eaa28cc-6544-4ab5-bcf8-8d70971d6b1f', '0bd240b4-86d0-45d6-b37d-b4dd521db64a', '[\"toolGeneratorJavaType\"]', null, '0');
INSERT INTO `sys_operation_param` VALUES ('3005f9b0-1338-4df7-bdc0-5d82a4ba7005', '8acaf65e-2a2b-4ad6-b451-dde1b1797dab', '[\"post-type\"]', null, '0');
INSERT INTO `sys_operation_param` VALUES ('3044a5ff-4cb0-4781-ba57-32312d17e782', '91fa4a1e-3fb9-4694-b00a-9fe97e1826b4', '[\"1\"]', null, '0');
INSERT INTO `sys_operation_param` VALUES ('32317075-f073-4bdb-aa15-dea5d73b8072', '7c609472-2b3b-49ad-84be-e3ed0546e31e', '[\"6b05aff4-b82d-40c7-a543-98935a9d3713\"]', null, '0');
INSERT INTO `sys_operation_param` VALUES ('323298b9-5b8f-4a40-ba73-2c9937415dc0', '692a756a-c213-4255-9ff5-33235abe4c8f', '[{\"current\":1,\"orders\":[{\"asc\":false,\"column\":\"create_time\"}],\"pages\":2,\"parameter\":{},\"records\":[{\"author\":\"Gavin\",\"createBy\":\"1\",\"createTime\":\"2020-03-09 09:29:02\",\"description\":\"角色\",\"entityName\":\"SysRole\",\"id\":\"6b05aff4-b82d-40c7-a543-98935a9d3713\",\"moduleDisplayName\":\"角色\",\"moduleName\":\"SysRole\",\"packagePath\":\"com.rexen.rest\",\"tableName\":\"sys_role\",\"tableRemark\":\"角色\",\"templateType\":\"sigle\",\"updateBy\":\"1\",\"updateTime\":\"2020-03-09 09:29:02\"},{\"author\":\"Gavin\",\"createBy\":\"1\",\"createTime\":\"2020-03-04 14:02:08\",\"description\":\"\",\"entityName\":\"SysConfig\",\"id\":\"5ef9a3a7-8271-455a-8816-70890d4a4188\",\"moduleDisplayName\":\"\",\"moduleName\":\"SysConfig\",\"packagePath\":\"com.rexen.rest\",\"tableName\":\"sys_config\",\"tableRemark\":\"\",\"templateType\":\"sigle\",\"updateBy\":\"1\",\"updateTime\":\"2020-03-04 14:02:08\"},{\"author\":\"Gavin\",\"createBy\":\"1\",\"createTime\":\"2020-03-03 13:27:04\",\"description\":\"\",\"entityName\":\"AdverseEventBasicInfo\",\"id\":\"6c3846fa-4c38-43ae-b365-93d9c3d4ece4\",\"moduleDisplayName\":\"\",\"moduleName\":\"AdverseEventBasicInfo\",\"packagePath\":\"com.rexen.rest\",\"tableName\":\"adverse_event_basic_info\",\"tableRemark\":\"\",\"templateType\":\"sigle\",\"updateBy\":\"1\",\"updateTime\":\"2020-03-03 13:27:04\"},{\"author\":\"Gavin\",\"createBy\":\"1\",\"createTime\":\"2020-03-02 13:46:54\",\"description\":\"\",\"entityName\":\"CustomFormList\",\"id\":\"23ca4072-0f95-48e5-856b-5285870695ec\",\"moduleDisplayName\":\"\",\"moduleName\":\"CustomFormList\",\"packagePath\":\"com.rexen.rest\",\"tableName\":\"custom_form_list\",\"tableRemark\":\"\",\"templateType\":\"sigle\",\"updateBy\":\"1\",\"updateTime\":\"2020-03-02 13:46:54\"},{\"author\":\"Gavin\",\"createBy\":\"1\",\"createTime\":\"2020-03-02 13:46:54\",\"description\":\"\",\"entityName\":\"CustomFormDataVersion\",\"id\":\"de4982de-55c7-40f5-8cda-baa871ca644e\",\"moduleDisplayName\":\"\",\"moduleName\":\"CustomFormDataVersion\",\"packagePath\":\"com.rexen.rest\",\"tableName\":\"custom_form_data_version\",\"tableRemark\":\"\",\"templateType\":\"sigle\",\"updateBy\":\"1\",\"updateTime\":\"2020-03-02 13:46:54\"},{\"author\":\"Gavin\",\"createBy\":\"1\",\"createTime\":\"2020-03-02 13:46:38\",\"description\":\"\",\"entityName\":\"CustomFormData\",\"id\":\"2ec70818-3c5b-430e-99c2-114297e83cd9\",\"moduleDisplayName\":\"\",\"moduleName\":\"CustomFormData\",\"packagePath\":\"com.rexen.rest\",\"tableName\":\"custom_form_data\",\"tableRemark\":\"\",\"templateType\":\"sigle\",\"updateBy\":\"1\",\"updateTime\":\"2020-03-02 13:46:38\"},{\"author\":\"Gavin\",\"createBy\":\"1\",\"createTime\":\"2020-03-02 13:44:53\",\"description\":\"\",\"entityName\":\"AdverseEventType\",\"id\":\"806b55db-e2c1-4e3b-9af1-0490c33fa0c0\",\"moduleDisplayName\":\"\",\"moduleName\":\"AdverseEventType\",\"packagePath\":\"com.rexen.rest\",\"tableName\":\"adverse_event_type\",\"tableRemark\":\"\",\"templateType\":\"sigle\",\"updateBy\":\"1\",\"updateTime\":\"2020-03-02 13:44:53\"},{\"author\":\"Gavin\",\"createBy\":\"1\",\"createTime\":\"2020-02-28 13:51:11\",\"description\":\"\",\"entityName\":\"WorkflowActReDefinition\",\"id\":\"d070f908-5909-4de9-b2a8-48ae47d8b4c2\",\"moduleDisplayName\":\"\",\"moduleName\":\"WorkflowActReDefinition\",\"packagePath\":\"com.rexen.rest\",\"tableName\":\"workflow_act_re_definition\",\"tableRemark\":\"\",\"templateType\":\"sigle\",\"updateBy\":\"1\",\"updateTime\":\"2020-02-28 13:51:11\"},{\"author\":\"Gavin\",\"createBy\":\"1\",\"createTime\":\"2020-02-27 15:03:13\",\"description\":\"\",\"entityName\":\"WorkflowActReActivity\",\"id\":\"07cc7701-8860-4d9a-9296-689ef3967554\",\"moduleDisplayName\":\"\",\"moduleName\":\"WorkflowActReActivity\",\"packagePath\":\"com.rexen.rest\",\"tableName\":\"workflow_act_re_activity\",\"tableRemark\":\"\",\"templateType\":\"sigle\",\"updateBy\":\"1\",\"updateTime\":\"2020-02-28 08:31:22\"},{\"author\":\"Gavin\",\"createBy\":\"1\",\"createTime\":\"2020-02-25 12:39:54\",\"description\":\"用户与角色对应关系\",\"entityName\":\"SysUserRole\",\"id\":\"7b618d0c-228c-4d09-9fd0-9fea753895be\",\"moduleDisplayName\":\"用户与角色对应关系\",\"moduleName\":\"SysUserRole\",\"packagePath\":\"com.rexen.rest\",\"tableName\":\"sys_user_role\",\"tableRemark\":\"用户与角色对应关系\",\"templateType\":\"sigle\",\"updateBy\":\"1\",\"updateTime\":\"2020-03-02 11:20:21\"}],\"searchCount\":true,\"size\":10,\"total\":11},{\"$ref\":\"$.null.parameter\"}]', null, '0');
INSERT INTO `sys_operation_param` VALUES ('337003ed-2e33-48c7-98db-8c52f78db854', 'fb328f02-9922-484f-90e1-726aab53d180', '[\"0be68d6b-7981-4454-8d41-a36487479473\"]', null, '0');
INSERT INTO `sys_operation_param` VALUES ('38aaad70-d4e4-4859-a0c2-3551b54c7825', '34165f5f-113a-40bc-9953-1b51fc9118d9', '[{\"current\":1,\"orders\":[{\"asc\":false,\"column\":\"create_time\"}],\"pages\":7,\"records\":[{\"createTime\":\"2020-03-05 19:40:38\",\"deptName\":\"神经门诊1组-专家组\",\"dpId\":\"009b068a-499f-4ec8-945f-63147d306174\",\"email\":\"\",\"enable\":1,\"extension\":\"\",\"id\":\"1f4bfa6c-9c88-4481-9df9-56044a2f7d63\",\"mobile\":\"13804462189\",\"normalName\":\"zoe2\",\"photo\":\"\",\"post\":\"post-office-1\",\"rank\":\"\",\"sex\":\"男\",\"title\":\"\",\"updateTime\":\"2020-03-05 19:40:38\",\"username\":\"zoe2\"},{\"createTime\":\"2020-03-05 19:11:31\",\"deptName\":\"303分院\",\"dpId\":\"3\",\"email\":\"\",\"enable\":1,\"extension\":\"\",\"id\":\"3a355bda-81f5-4824-9dac-513590cfb271\",\"mobile\":\"13811111111\",\"normalName\":\"ffff\",\"photo\":\"\",\"post\":\"post-office-1\",\"rank\":\"\",\"sex\":\"男\",\"title\":\"\",\"updateTime\":\"2020-03-05 19:11:31\",\"username\":\"1122\"},{\"createTime\":\"2019-11-29 12:58:38\",\"deptName\":\"内科\",\"dpId\":\"10002\",\"email\":\"\",\"enable\":0,\"extension\":\"\",\"id\":\"2f637a13-820e-462b-9556-40a6e0e12dbc\",\"mobile\":\"13333333333\",\"normalName\":\"ef22\",\"photo\":\"\",\"post\":\"post-office-1\",\"rank\":\"\",\"sex\":\"女\",\"title\":\"\",\"updateTime\":\"2019-11-29 12:58:38\",\"username\":\"ffffeeek\"},{\"createTime\":\"2019-11-29 10:09:12\",\"deptName\":\"解放军医院组织机构\",\"dpId\":\"0\",\"email\":\"\",\"enable\":1,\"extension\":\"fff\",\"id\":\"c556b388-354e-42ca-9c92-34ff9a149c50\",\"mobile\":\"13333333333\",\"normalName\":\"ffff\",\"photo\":\"\",\"post\":\"post-office-1\",\"rank\":\"\",\"sex\":\"男\",\"title\":\"\",\"updateTime\":\"2019-11-29 10:09:12\",\"username\":\"ffff2\"},{\"createTime\":\"2019-11-28 15:58:58\",\"deptName\":\"304分院\",\"dpId\":\"4\",\"email\":\"\",\"enable\":1,\"extension\":\"\",\"id\":\"7edd783a-0e24-4267-98f8-1c05cd047599\",\"mobile\":\"12222222222\",\"normalName\":\"ffff\",\"photo\":\"\",\"post\":\"post-office-1\",\"rank\":\"\",\"sex\":\"男\",\"title\":\"\",\"updateTime\":\"2019-11-28 15:58:58\",\"username\":\"ffff\"},{\"createTime\":\"2019-11-28 10:00:13\",\"deptName\":\"解放军医院组织机构\",\"dpId\":\"0\",\"email\":\"\",\"enable\":1,\"extension\":\"11111111111111111111111111111111111111111111111111111111111111111111111111111111111111111111111111111111111111111111111111111111111111111111111111111111111111111111111111111111111111111111111111111111111111111111111111111111111111111111111111111111111111111111111111111111111111111111111111111111111111111111111111111111111111111111111111111111111111111111111111111111111111111111111111111111111111111111111111111111111111111111111111111111111111111111111111111111111111111111111111111111111111111111\",\"id\":\"e5f9ac6b-9b7c-4de9-ad6a-f40df25559bc\",\"mobile\":\"12333333333\",\"normalName\":\"fff\",\"photo\":\"\",\"post\":\"post-office-1\",\"rank\":\"\",\"sex\":\"男\",\"title\":\"\",\"updateTime\":\"2019-11-28 10:00:13\",\"username\":\"fff\"},{\"createTime\":\"2019-11-27 18:32:32\",\"deptName\":\"解放军医院组织机构\",\"dpId\":\"0\",\"email\":\"\",\"enable\":1,\"extension\":\"\",\"id\":\"9f56e244-7199-406e-80a5-190f23022277\",\"mobile\":\"12222222222\",\"normalName\":\"x\",\"photo\":\"20191127/1/timg (4).jpeg\",\"post\":\"post-office-1\",\"rank\":\"\",\"sex\":\"男\",\"title\":\"\",\"updateTime\":\"2019-11-27 18:32:32\",\"username\":\"x\"},{\"createTime\":\"2019-11-27 18:04:55\",\"deptName\":\"解放军医院组织机构\",\"dpId\":\"0\",\"email\":\"\",\"enable\":0,\"extension\":\"\",\"id\":\"3b55cb42-7c09-4c17-a275-fb175d7496a0\",\"mobile\":\"12222222222\",\"normalName\":\"ff\",\"photo\":\"20191127/1/timg (4).jpeg\",\"post\":\"post-office-1\",\"rank\":\"\",\"sex\":\"男\",\"title\":\"\",\"updateTime\":\"2019-11-27 18:04:55\",\"username\":\"ff\"},{\"createTime\":\"2019-11-27 17:58:48\",\"deptName\":\"解放军医院组织机构\",\"dpId\":\"0\",\"email\":\"\",\"enable\":1,\"extension\":\"fff\",\"id\":\"57c529f4-79a3-4443-a85e-aface4b535c3\",\"mobile\":\"12222222222\",\"normalName\":\"gg\",\"photo\":\"20191127/1/timg (4).jpeg\",\"post\":\"post-office-1\",\"rank\":\"\",\"sex\":\"男\",\"title\":\"\",\"updateTime\":\"2019-11-27 17:58:48\",\"username\":\"gg\"},{\"createTime\":\"2019-11-27 17:58:05\",\"deptName\":\"304分院\",\"dpId\":\"4\",\"email\":\"\",\"enable\":1,\"extension\":\"\",\"id\":\"e7a52141-4a4c-423b-94c2-51fbf79f79d6\",\"mobile\":\"11111111111\",\"normalName\":\"g\",\"photo\":\"20191127/1/timg (4).jpeg\",\"post\":\"post-office-1\",\"rank\":\"\",\"sex\":\"男\",\"title\":\"\",\"updateTime\":\"2019-11-27 17:58:05\",\"username\":\"g\"}],\"searchCount\":true,\"size\":10,\"total\":66},null,null,null,null]', null, '0');
INSERT INTO `sys_operation_param` VALUES ('3a05f447-5074-40c8-bceb-6d3c49910bcb', 'a4d8dd1e-161f-4296-ab4a-2bb74f1a6054', '[{\"author\":\"Gavin\",\"createBy\":\"1\",\"createTime\":\"2020-03-10 10:06:56\",\"description\":\"配置管理\",\"entityName\":\"SysConfig\",\"id\":\"0be68d6b-7981-4454-8d41-a36487479473\",\"moduleDisplayName\":\"配置管理\",\"moduleName\":\"sysConfig\",\"packagePath\":\"com.rexen.rest\",\"tableName\":\"sys_config\",\"tableRemark\":\"配置管理\",\"templateType\":\"sigle\",\"toolGeneratorFieldModelList\":[{\"dictType\":\"\",\"fieldComment\":\"\",\"fieldName\":\"name\",\"formInsert\":1,\"formList\":1,\"formQueryMode\":\"like\",\"formQueryParam\":1,\"formRequired\":1,\"formType\":\"input\",\"formUpdate\":1,\"id\":\"019621e5-b74f-4588-8165-d5ac2edc9c87\",\"javaField\":\"name\",\"javaType\":\"String\",\"labelName\":\"配置名称\",\"maxLengthRequired\":36,\"maxValueRequired\":1,\"minLengthRequired\":1,\"minValueRequired\":1,\"physicsType\":\"varchar(36)\",\"primaryKey\":0,\"sort\":2,\"tableModelId\":\"0be68d6b-7981-4454-8d41-a36487479473\"},{\"dictType\":\"\",\"fieldComment\":\"\",\"fieldName\":\"id\",\"formInsert\":1,\"formList\":0,\"formQueryMode\":\"equals\",\"formQueryParam\":0,\"formRequired\":0,\"formType\":\"input\",\"formUpdate\":0,\"id\":\"775de848-3a17-40c7-862c-07450ef73d89\",\"javaField\":\"id\",\"javaType\":\"String\",\"labelName\":\"ID\",\"maxLengthRequired\":36,\"maxValueRequired\":1,\"minLengthRequired\":1,\"minValueRequired\":1,\"physicsType\":\"varchar(36)\",\"primaryKey\":1,\"sort\":1,\"tableModelId\":\"0be68d6b-7981-4454-8d41-a36487479473\"},{\"dictType\":\"\",\"fieldComment\":\"\",\"fieldName\":\"value\",\"formInsert\":1,\"formList\":1,\"formQueryMode\":\"equals\",\"formQueryParam\":1,\"formRequired\":1,\"formType\":\"input\",\"formUpdate\":1,\"id\":\"ab2acafa-3114-49fe-a453-f16e78d25f5f\",\"javaField\":\"value\",\"javaType\":\"String\",\"labelName\":\"配置值\",\"maxLengthRequired\":1,\"maxValueRequired\":1,\"minLengthRequired\":1,\"minValueRequired\":1,\"physicsType\":\"text\",\"primaryKey\":0,\"sort\":3,\"tableModelId\":\"0be68d6b-7981-4454-8d41-a36487479473\"}],\"updateBy\":\"1\",\"updateTime\":\"2020-03-10 10:06:56\"}]', null, '0');
INSERT INTO `sys_operation_param` VALUES ('3b5a322f-930d-4221-bc76-307b37ebcc19', 'f5204f28-b93b-459a-9c2a-b33da207c077', '[{}]', null, '0');
INSERT INTO `sys_operation_param` VALUES ('3c6056c2-37e9-4ecf-9571-70b9165825c5', 'c5a077a4-f8e9-40ef-b320-b7b857e98639', '[]', null, '0');
INSERT INTO `sys_operation_param` VALUES ('3e90726d-f63d-4c43-bf26-41dacb02e4cc', '9c9fb1c2-cab8-461b-ae43-81824247920f', '[]', null, '0');
INSERT INTO `sys_operation_param` VALUES ('3ece3ca5-f544-4c3b-94d3-47526be26636', '6b2f7011-df34-4d53-b01b-20e8d931ec1c', '[\"806b55db-e2c1-4e3b-9af1-0490c33fa0c0\"]', null, '0');
INSERT INTO `sys_operation_param` VALUES ('3f22b693-5916-4a1d-9780-ba0746b4627c', '1e5eef36-39f5-4d46-8d34-bfa1a02ac4ac', '[{\"current\":1,\"orders\":[{\"asc\":false,\"column\":\"create_time\"}],\"pages\":1,\"parameter\":{},\"records\":[{\"author\":\"Gavin\",\"createBy\":\"1\",\"createTime\":\"2020-03-16 17:04:48\",\"description\":\"\",\"entityName\":\"SysDepartment\",\"id\":\"29846cfa-e573-40e3-8895-39ef04872f43\",\"moduleDisplayName\":\"\",\"moduleName\":\"SysDepartment\",\"packagePath\":\"com.rexen.rest\",\"tableName\":\"sys_department\",\"tableRemark\":\"\",\"templateType\":\"sigle\",\"updateBy\":\"1\",\"updateTime\":\"2020-03-16 17:04:48\"},{\"author\":\"Gavin\",\"createBy\":\"1\",\"createTime\":\"2020-03-16 17:00:31\",\"description\":\"系统用户\",\"entityName\":\"SysUser\",\"id\":\"7a4625c3-7ebd-42c7-8de0-316140c9e393\",\"moduleDisplayName\":\"系统用户\",\"moduleName\":\"SysUser\",\"packagePath\":\"com.rexen.rest\",\"tableName\":\"sys_user\",\"tableRemark\":\"系统用户\",\"templateType\":\"sigle\",\"updateBy\":\"1\",\"updateTime\":\"2020-03-16 17:00:31\"},{\"author\":\"Gavin\",\"createBy\":\"1\",\"createTime\":\"2020-03-10 10:06:56\",\"description\":\"配置管理\",\"entityName\":\"SysConfig\",\"id\":\"0be68d6b-7981-4454-8d41-a36487479473\",\"moduleDisplayName\":\"配置管理\",\"moduleName\":\"sysConfig\",\"packagePath\":\"com.rexen.rest\",\"tableName\":\"sys_config\",\"tableRemark\":\"配置管理\",\"templateType\":\"sigle\",\"updateBy\":\"1\",\"updateTime\":\"2020-03-10 10:08:23\"},{\"author\":\"Gavin\",\"createBy\":\"1\",\"createTime\":\"2020-03-10 10:06:56\",\"description\":\"\",\"entityName\":\"SysAnnouncement\",\"id\":\"718ca332-c2c0-4094-aa04-22f58f17b49c\",\"moduleDisplayName\":\"\",\"moduleName\":\"SysAnnouncement\",\"packagePath\":\"com.rexen.rest\",\"tableName\":\"sys_announcement\",\"tableRemark\":\"\",\"templateType\":\"sigle\",\"updateBy\":\"1\",\"updateTime\":\"2020-03-10 10:06:56\"}],\"searchCount\":true,\"size\":10,\"total\":4},{\"$ref\":\"$.null.parameter\"}]', null, '0');
INSERT INTO `sys_operation_param` VALUES ('3f453c09-a5c4-461b-89e3-bf8b7513175e', '66b8bdba-8a05-469d-b4e4-bfefc5833626', '[{\"current\":5,\"orders\":[{\"asc\":false,\"column\":\"create_time\"}],\"pages\":7,\"records\":[{\"createTime\":\"2019-04-15 13:22:12\",\"deptName\":\"303分院\",\"dpId\":\"3\",\"email\":\"1\",\"enable\":1,\"extension\":\"\",\"id\":\"ebe49f90-26e1-438c-a208-9bd48c70ffbe\",\"idcard\":\"\",\"maritalStatus\":\"\",\"mobile\":\"13333333222\",\"nation\":\"\",\"normalName\":\"李彦宏1911\",\"photo\":\"20191122/1/zoe.jpeg\",\"post\":\"\",\"rank\":\"\",\"sex\":\"女\",\"subgroup\":\"10000010\",\"title\":\"\",\"updateTime\":\"2019-04-15 13:22:12\",\"username\":\"1911\"},{\"createTime\":\"2019-04-15 13:22:12\",\"deptName\":\"301总院\",\"dpId\":\"1\",\"email\":\"497491@qq.com\",\"enable\":1,\"extension\":\"\",\"id\":\"95e7313c-a04f-49cb-850c-64d8f6258881\",\"idcard\":\"\",\"maritalStatus\":\"\",\"mobile\":\"18888821111\",\"nation\":\"\",\"normalName\":\"李彦宏sys22222\",\"photo\":\"/profile/photo/default.jpg\",\"post\":\"\",\"rank\":\"\",\"sex\":\"女\",\"subgroup\":\"10000010\",\"title\":\"\",\"updateTime\":\"2019-04-15 13:22:12\",\"username\":\"sys22222\"},{\"createTime\":\"2019-04-15 13:22:12\",\"deptName\":\"301总院\",\"dpId\":\"1\",\"email\":\"497491@qq.com\",\"enable\":1,\"extension\":\"\",\"id\":\"8da5e85d-48ed-4745-9c20-4f14efeaed09\",\"idcard\":\"\",\"maritalStatus\":\"\",\"mobile\":\"18888821111\",\"nation\":\"\",\"normalName\":\"李彦宏sys1\",\"photo\":\"/profile/photo/default.jpg\",\"post\":\"\",\"rank\":\"\",\"sex\":\"女\",\"subgroup\":\"10000010\",\"title\":\"\",\"updateTime\":\"2019-04-15 13:22:12\",\"username\":\"sys1\"},{\"createTime\":\"2019-04-15 13:22:12\",\"deptName\":\"301总院\",\"dpId\":\"1\",\"email\":\"497966@qq.com\",\"enable\":1,\"extension\":\"\",\"id\":\"sadf1\",\"idcard\":\"\",\"maritalStatus\":\"\",\"mobile\":\"18686460379\",\"nation\":\"\",\"normalName\":\"李彦宏777\",\"photo\":\"/profile/photo/default.jpg\",\"post\":\"\",\"rank\":\"\",\"sex\":\"女\",\"subgroup\":\"10000010\",\"title\":\"\",\"updateTime\":\"2019-04-15 13:22:12\",\"username\":\"777\"},{\"createTime\":\"2019-04-15 13:22:12\",\"deptName\":\"301总院\",\"dpId\":\"1\",\"email\":\"444\",\"enable\":1,\"extension\":\"\",\"id\":\"444\",\"idcard\":\"\",\"maritalStatus\":\"\",\"mobile\":\"444\",\"nation\":\"\",\"normalName\":\"李彦宏333\",\"photo\":\"/profile/photo/default.jpg\",\"post\":\"\",\"rank\":\"\",\"sex\":\"女\",\"subgroup\":\"10000010\",\"title\":\"\",\"updateTime\":\"2019-04-15 13:22:12\",\"username\":\"333\"},{\"createTime\":\"2019-04-15 13:22:12\",\"deptName\":\"呼吸科\",\"dpId\":\"3de6c487-7c2f-478d-8e4a-070c27659ec5\",\"email\":\"string\",\"enable\":0,\"extension\":\"\",\"id\":\"04291823-668c-4111-8c48-5202e69cebcd\",\"idcard\":\"\",\"maritalStatus\":\"\",\"mobile\":\"13754874513\",\"nation\":\"\",\"normalName\":\"李彦宏189\",\"photo\":\"20191125/1/zoe.jpeg\",\"post\":\"\",\"rank\":\"\",\"sex\":\"男\",\"subgroup\":\"10000010\",\"title\":\"\",\"updateTime\":\"2019-04-15 13:22:12\",\"username\":\"189\"},{\"createTime\":\"2019-04-15 13:22:12\",\"deptName\":\"301总院\",\"dpId\":\"1\",\"email\":\"rrrr\",\"enable\":1,\"extension\":\"\",\"id\":\"0bb11ed4-ff9e-4573-af5a-e15bb0b6102b\",\"idcard\":\"\",\"maritalStatus\":\"\",\"mobile\":\"13804462181\",\"nation\":\"\",\"normalName\":\"李彦宏rrrr\",\"photo\":\"20191125/1/zoe.jpeg\",\"post\":\"\",\"rank\":\"\",\"sex\":\"女\",\"subgroup\":\"10000010\",\"title\":\"\",\"updateTime\":\"2019-04-15 13:22:12\",\"username\":\"rrrr\"},{\"createTime\":\"2019-04-15 13:22:12\",\"deptName\":\"解放军医院组织机构\",\"dpId\":\"0\",\"email\":\"111\",\"enable\":1,\"extension\":\"\",\"id\":\"1\",\"idcard\":\"\",\"maritalStatus\":\"\",\"mobile\":\"13804462189\",\"nation\":\"\",\"normalName\":\"zoe\",\"photo\":\"20191125/1/zoe.jpeg\",\"post\":\"\",\"rank\":\"\",\"sex\":\"女\",\"subgroup\":\"10000010\",\"title\":\"\",\"updateTime\":\"2019-04-15 13:22:12\",\"username\":\"admin\"},{\"createTime\":\"2019-04-15 13:22:12\",\"deptName\":\"301总院\",\"dpId\":\"1\",\"email\":\"string\",\"enable\":1,\"extension\":\"\",\"id\":\"12ac525b-d6c4-4fb2-85ae-75375d0883e5\",\"idcard\":\"\",\"maritalStatus\":\"\",\"mobile\":\"1\",\"nation\":\"\",\"normalName\":\"李彦宏188\",\"photo\":\"/profile/photo/default.jpg\",\"post\":\"\",\"rank\":\"\",\"sex\":\"女\",\"subgroup\":\"10000010\",\"title\":\"\",\"updateTime\":\"2019-04-15 13:22:12\",\"username\":\"188\"},{\"createTime\":\"2019-04-15 13:22:12\",\"deptName\":\"内科导诊\",\"dpId\":\"10003\",\"email\":\"e\",\"enable\":0,\"extension\":\"\",\"id\":\"1c5fa525-6bb2-4aa6-9955-308ebac22b86\",\"idcard\":\"\",\"maritalStatus\":\"\",\"mobile\":\"13804462180\",\"nation\":\"\",\"normalName\":\"李彦宏1909\",\"photo\":\"/profile/photo/default.jpg\",\"post\":\"\",\"rank\":\"\",\"sex\":\"女\",\"subgroup\":\"10000010\",\"title\":\"\",\"updateTime\":\"2019-04-15 13:22:12\",\"username\":\"1909\"}],\"searchCount\":true,\"size\":10,\"total\":66},null,null,null,null]', null, '0');
INSERT INTO `sys_operation_param` VALUES ('3f908bf9-4162-4bda-a9a5-457de6e393b9', 'e0ae8bd2-f9fb-4e58-a3d2-331ace5e778f', '[\"file-server\"]', null, '0');
INSERT INTO `sys_operation_param` VALUES ('426b3b9d-2abe-45e1-8793-85f34219c661', '24296a49-0564-4578-9ce8-60c7f9f5ee2a', '[\"department-flag-type\"]', null, '0');
INSERT INTO `sys_operation_param` VALUES ('42a4e58f-80e4-4bca-a4ad-90ea273a573e', 'bfb5e089-6b22-4988-9d3b-a5f319d54c10', '[\"sys_department\"]', null, '0');
INSERT INTO `sys_operation_param` VALUES ('476ad295-140b-4dc0-8c0e-66096dce8621', '0566189d-bba4-4cea-b0e9-c543d24f1957', '[{\"dpId\":\"4\",\"enable\":1,\"extension\":\"fffff\",\"mobile\":\"13111111111\",\"normalName\":\"dpf\",\"photo\":\"\",\"post\":\"post-office-1\",\"roleIds\":[\"059c1fed-0e4e-4085-9674-b3edfdf3b9ed\"],\"sex\":\"男\",\"username\":\"pdf\"}]', null, '0');
INSERT INTO `sys_operation_param` VALUES ('479c0ecc-d0f2-4e24-9a5d-22ecad7710b0', 'bfb8a6e3-c11d-4c9e-a671-ddcc50cb72ed', '[\"9f56e244-7199-406e-80a5-190f23022277\"]', null, '0');
INSERT INTO `sys_operation_param` VALUES ('47c6a80f-bc60-4a82-a227-0e44b3c6a792', '451423bd-53e1-42fb-9a07-b0aad7b82c44', '[\"department-flag-type\"]', null, '0');
INSERT INTO `sys_operation_param` VALUES ('4a1a5088-3504-461a-ac56-9238966c7cef', '9035e214-9a29-46ef-a624-6453e5820800', '[{\"current\":1,\"orders\":[{\"asc\":false,\"column\":\"create_time\"}],\"pages\":0,\"parameter\":{},\"records\":[],\"searchCount\":true,\"size\":10,\"total\":0},{\"$ref\":\"$.null.parameter\"}]', null, '0');
INSERT INTO `sys_operation_param` VALUES ('4a56346a-fa85-433d-97e0-364aa4ff2fc7', 'e45856d0-530e-4345-af29-1af5a252fb2e', '[]', null, '0');
INSERT INTO `sys_operation_param` VALUES ('4b0e2dea-89d7-4507-9c1c-5f9a98d8afe5', '46a9e946-6697-498a-88c5-f2c3b51dab48', '[]', null, '0');
INSERT INTO `sys_operation_param` VALUES ('4b3c9b96-6719-4f03-abd0-ba9dce47fda7', '2dde2235-c9af-49c9-85f0-76f3add67296', '[\"post-type\"]', null, '0');
INSERT INTO `sys_operation_param` VALUES ('4b57840d-a5ae-478e-a4e7-32efe06f846d', '8b2dcbad-5a49-40d4-b5f9-a83154fc0ddc', '[{\"current\":1,\"orders\":[{\"asc\":false,\"column\":\"create_time\"}],\"pages\":7,\"records\":[{\"createTime\":\"2020-03-05 19:40:38\",\"deptName\":\"神经门诊1组-专家组\",\"dpId\":\"009b068a-499f-4ec8-945f-63147d306174\",\"email\":\"\",\"enable\":1,\"extension\":\"\",\"id\":\"1f4bfa6c-9c88-4481-9df9-56044a2f7d63\",\"mobile\":\"13804462189\",\"normalName\":\"zoe2\",\"photo\":\"\",\"post\":\"post-office-1\",\"rank\":\"\",\"sex\":\"男\",\"title\":\"\",\"updateTime\":\"2020-03-05 19:40:38\",\"username\":\"zoe2\"},{\"createTime\":\"2020-03-05 19:11:31\",\"deptName\":\"303分院\",\"dpId\":\"3\",\"email\":\"\",\"enable\":1,\"extension\":\"\",\"id\":\"3a355bda-81f5-4824-9dac-513590cfb271\",\"mobile\":\"13811111111\",\"normalName\":\"ffff\",\"photo\":\"\",\"post\":\"post-office-1\",\"rank\":\"\",\"sex\":\"男\",\"title\":\"\",\"updateTime\":\"2020-03-05 19:11:31\",\"username\":\"1122\"},{\"createTime\":\"2019-11-29 12:58:38\",\"deptName\":\"内科\",\"dpId\":\"10002\",\"email\":\"\",\"enable\":0,\"extension\":\"\",\"id\":\"2f637a13-820e-462b-9556-40a6e0e12dbc\",\"mobile\":\"13333333333\",\"normalName\":\"ef22\",\"photo\":\"\",\"post\":\"post-office-1\",\"rank\":\"\",\"sex\":\"女\",\"title\":\"\",\"updateTime\":\"2019-11-29 12:58:38\",\"username\":\"ffffeeek\"},{\"createTime\":\"2019-11-29 10:09:12\",\"deptName\":\"解放军医院组织机构\",\"dpId\":\"0\",\"email\":\"\",\"enable\":1,\"extension\":\"fff\",\"id\":\"c556b388-354e-42ca-9c92-34ff9a149c50\",\"mobile\":\"13333333333\",\"normalName\":\"ffff\",\"photo\":\"\",\"post\":\"post-office-1\",\"rank\":\"\",\"sex\":\"男\",\"title\":\"\",\"updateTime\":\"2019-11-29 10:09:12\",\"username\":\"ffff2\"},{\"createTime\":\"2019-11-28 15:58:58\",\"deptName\":\"304分院\",\"dpId\":\"4\",\"email\":\"\",\"enable\":1,\"extension\":\"\",\"id\":\"7edd783a-0e24-4267-98f8-1c05cd047599\",\"mobile\":\"12222222222\",\"normalName\":\"ffff\",\"photo\":\"\",\"post\":\"post-office-1\",\"rank\":\"\",\"sex\":\"男\",\"title\":\"\",\"updateTime\":\"2019-11-28 15:58:58\",\"username\":\"ffff\"},{\"createTime\":\"2019-11-28 10:00:13\",\"deptName\":\"解放军医院组织机构\",\"dpId\":\"0\",\"email\":\"\",\"enable\":1,\"extension\":\"11111111111111111111111111111111111111111111111111111111111111111111111111111111111111111111111111111111111111111111111111111111111111111111111111111111111111111111111111111111111111111111111111111111111111111111111111111111111111111111111111111111111111111111111111111111111111111111111111111111111111111111111111111111111111111111111111111111111111111111111111111111111111111111111111111111111111111111111111111111111111111111111111111111111111111111111111111111111111111111111111111111111111111111\",\"id\":\"e5f9ac6b-9b7c-4de9-ad6a-f40df25559bc\",\"mobile\":\"12333333333\",\"normalName\":\"fff\",\"photo\":\"\",\"post\":\"post-office-1\",\"rank\":\"\",\"sex\":\"男\",\"title\":\"\",\"updateTime\":\"2019-11-28 10:00:13\",\"username\":\"fff\"},{\"createTime\":\"2019-11-27 18:32:32\",\"deptName\":\"解放军医院组织机构\",\"dpId\":\"0\",\"email\":\"\",\"enable\":1,\"extension\":\"\",\"id\":\"9f56e244-7199-406e-80a5-190f23022277\",\"mobile\":\"12222222222\",\"normalName\":\"x\",\"photo\":\"20191127/1/timg (4).jpeg\",\"post\":\"post-office-1\",\"rank\":\"\",\"sex\":\"男\",\"title\":\"\",\"updateTime\":\"2019-11-27 18:32:32\",\"username\":\"x\"},{\"createTime\":\"2019-11-27 18:04:55\",\"deptName\":\"解放军医院组织机构\",\"dpId\":\"0\",\"email\":\"\",\"enable\":0,\"extension\":\"\",\"id\":\"3b55cb42-7c09-4c17-a275-fb175d7496a0\",\"mobile\":\"12222222222\",\"normalName\":\"ff\",\"photo\":\"20191127/1/timg (4).jpeg\",\"post\":\"post-office-1\",\"rank\":\"\",\"sex\":\"男\",\"title\":\"\",\"updateTime\":\"2019-11-27 18:04:55\",\"username\":\"ff\"},{\"createTime\":\"2019-11-27 17:58:48\",\"deptName\":\"解放军医院组织机构\",\"dpId\":\"0\",\"email\":\"\",\"enable\":1,\"extension\":\"fff\",\"id\":\"57c529f4-79a3-4443-a85e-aface4b535c3\",\"mobile\":\"12222222222\",\"normalName\":\"gg\",\"photo\":\"20191127/1/timg (4).jpeg\",\"post\":\"post-office-1\",\"rank\":\"\",\"sex\":\"男\",\"title\":\"\",\"updateTime\":\"2019-11-27 17:58:48\",\"username\":\"gg\"},{\"createTime\":\"2019-11-27 17:58:05\",\"deptName\":\"304分院\",\"dpId\":\"4\",\"email\":\"\",\"enable\":1,\"extension\":\"\",\"id\":\"e7a52141-4a4c-423b-94c2-51fbf79f79d6\",\"mobile\":\"11111111111\",\"normalName\":\"g\",\"photo\":\"20191127/1/timg (4).jpeg\",\"post\":\"post-office-1\",\"rank\":\"\",\"sex\":\"男\",\"title\":\"\",\"updateTime\":\"2019-11-27 17:58:05\",\"username\":\"g\"}],\"searchCount\":true,\"size\":10,\"total\":66},null,null,null,null]', null, '0');
INSERT INTO `sys_operation_param` VALUES ('4b70ed71-1ebe-48f4-946e-49b61272e813', '4e248a13-a5b5-4f85-8241-f81eeb441e26', '[]', null, '0');
INSERT INTO `sys_operation_param` VALUES ('53cb7730-e50e-4244-93ab-52db0f654eeb', '42a4f9de-434c-411c-96f2-bc6b47996615', '[{\"current\":1,\"orders\":[{\"asc\":false,\"column\":\"create_time\"}],\"pages\":7,\"records\":[{\"createTime\":\"2020-03-05 19:40:38\",\"deptName\":\"神经门诊1组-专家组\",\"dpId\":\"009b068a-499f-4ec8-945f-63147d306174\",\"email\":\"\",\"enable\":1,\"extension\":\"\",\"id\":\"1f4bfa6c-9c88-4481-9df9-56044a2f7d63\",\"mobile\":\"13804462189\",\"normalName\":\"zoe2\",\"photo\":\"\",\"post\":\"post-office-1\",\"rank\":\"\",\"sex\":\"男\",\"title\":\"\",\"updateTime\":\"2020-03-05 19:40:38\",\"username\":\"zoe2\"},{\"createTime\":\"2020-03-05 19:11:31\",\"deptName\":\"303分院\",\"dpId\":\"3\",\"email\":\"\",\"enable\":1,\"extension\":\"\",\"id\":\"3a355bda-81f5-4824-9dac-513590cfb271\",\"mobile\":\"13811111111\",\"normalName\":\"ffff\",\"photo\":\"\",\"post\":\"post-office-1\",\"rank\":\"\",\"sex\":\"男\",\"title\":\"\",\"updateTime\":\"2020-03-05 19:11:31\",\"username\":\"1122\"},{\"createTime\":\"2019-11-29 12:58:38\",\"deptName\":\"内科\",\"dpId\":\"10002\",\"email\":\"\",\"enable\":0,\"extension\":\"\",\"id\":\"2f637a13-820e-462b-9556-40a6e0e12dbc\",\"mobile\":\"13333333333\",\"normalName\":\"ef22\",\"photo\":\"\",\"post\":\"post-office-1\",\"rank\":\"\",\"sex\":\"女\",\"title\":\"\",\"updateTime\":\"2019-11-29 12:58:38\",\"username\":\"ffffeeek\"},{\"createTime\":\"2019-11-29 10:09:12\",\"deptName\":\"解放军医院组织机构\",\"dpId\":\"0\",\"email\":\"\",\"enable\":1,\"extension\":\"fff\",\"id\":\"c556b388-354e-42ca-9c92-34ff9a149c50\",\"mobile\":\"13333333333\",\"normalName\":\"ffff\",\"photo\":\"\",\"post\":\"post-office-1\",\"rank\":\"\",\"sex\":\"男\",\"title\":\"\",\"updateTime\":\"2019-11-29 10:09:12\",\"username\":\"ffff2\"},{\"createTime\":\"2019-11-28 15:58:58\",\"deptName\":\"304分院\",\"dpId\":\"4\",\"email\":\"\",\"enable\":1,\"extension\":\"\",\"id\":\"7edd783a-0e24-4267-98f8-1c05cd047599\",\"mobile\":\"12222222222\",\"normalName\":\"ffff\",\"photo\":\"\",\"post\":\"post-office-1\",\"rank\":\"\",\"sex\":\"男\",\"title\":\"\",\"updateTime\":\"2019-11-28 15:58:58\",\"username\":\"ffff\"},{\"createTime\":\"2019-11-28 10:00:13\",\"deptName\":\"解放军医院组织机构\",\"dpId\":\"0\",\"email\":\"\",\"enable\":1,\"extension\":\"11111111111111111111111111111111111111111111111111111111111111111111111111111111111111111111111111111111111111111111111111111111111111111111111111111111111111111111111111111111111111111111111111111111111111111111111111111111111111111111111111111111111111111111111111111111111111111111111111111111111111111111111111111111111111111111111111111111111111111111111111111111111111111111111111111111111111111111111111111111111111111111111111111111111111111111111111111111111111111111111111111111111111111111\",\"id\":\"e5f9ac6b-9b7c-4de9-ad6a-f40df25559bc\",\"mobile\":\"12333333333\",\"normalName\":\"fff\",\"photo\":\"\",\"post\":\"post-office-1\",\"rank\":\"\",\"sex\":\"男\",\"title\":\"\",\"updateTime\":\"2019-11-28 10:00:13\",\"username\":\"fff\"},{\"createTime\":\"2019-11-27 18:32:32\",\"deptName\":\"解放军医院组织机构\",\"dpId\":\"0\",\"email\":\"\",\"enable\":1,\"extension\":\"\",\"id\":\"9f56e244-7199-406e-80a5-190f23022277\",\"mobile\":\"12222222222\",\"normalName\":\"x\",\"photo\":\"20191127/1/timg (4).jpeg\",\"post\":\"post-office-1\",\"rank\":\"\",\"sex\":\"男\",\"title\":\"\",\"updateTime\":\"2019-11-27 18:32:32\",\"username\":\"x\"},{\"createTime\":\"2019-11-27 18:04:55\",\"deptName\":\"解放军医院组织机构\",\"dpId\":\"0\",\"email\":\"\",\"enable\":0,\"extension\":\"\",\"id\":\"3b55cb42-7c09-4c17-a275-fb175d7496a0\",\"mobile\":\"12222222222\",\"normalName\":\"ff\",\"photo\":\"20191127/1/timg (4).jpeg\",\"post\":\"post-office-1\",\"rank\":\"\",\"sex\":\"男\",\"title\":\"\",\"updateTime\":\"2019-11-27 18:04:55\",\"username\":\"ff\"},{\"createTime\":\"2019-11-27 17:58:48\",\"deptName\":\"解放军医院组织机构\",\"dpId\":\"0\",\"email\":\"\",\"enable\":1,\"extension\":\"fff\",\"id\":\"57c529f4-79a3-4443-a85e-aface4b535c3\",\"mobile\":\"12222222222\",\"normalName\":\"gg\",\"photo\":\"20191127/1/timg (4).jpeg\",\"post\":\"post-office-1\",\"rank\":\"\",\"sex\":\"男\",\"title\":\"\",\"updateTime\":\"2019-11-27 17:58:48\",\"username\":\"gg\"},{\"createTime\":\"2019-11-27 17:58:05\",\"deptName\":\"304分院\",\"dpId\":\"4\",\"email\":\"\",\"enable\":1,\"extension\":\"\",\"id\":\"e7a52141-4a4c-423b-94c2-51fbf79f79d6\",\"mobile\":\"11111111111\",\"normalName\":\"g\",\"photo\":\"20191127/1/timg (4).jpeg\",\"post\":\"post-office-1\",\"rank\":\"\",\"sex\":\"男\",\"title\":\"\",\"updateTime\":\"2019-11-27 17:58:05\",\"username\":\"g\"}],\"searchCount\":true,\"size\":10,\"total\":66},null,null,null,null]', null, '0');
INSERT INTO `sys_operation_param` VALUES ('54254f0e-7fa9-48bf-a88e-d40794a36141', '389563ec-c167-411e-8c0c-8736600de7b5', '[\"post-type\"]', null, '0');
INSERT INTO `sys_operation_param` VALUES ('54b3cd06-98c6-44af-9378-4a639249a2ef', 'b3d3e53e-4f86-4639-ba12-0c3bff9510d6', '[\"toolGeneratorVerifyType\"]', null, '0');
INSERT INTO `sys_operation_param` VALUES ('562edb91-ba3d-4f1a-8094-6adda994ac17', 'fdb2ea6d-9aa9-4094-99b0-5c2ce3981055', '[{\"current\":1,\"orders\":[],\"pages\":1,\"records\":[{\"createTime\":\"2019-11-29 10:09:47\",\"enable\":1,\"extension\":\"\",\"id\":\"059c1fed-0e4e-4085-9674-b3edfdf3b9ed\",\"remark\":\"fefe\",\"roleCode\":\"efef\",\"roleName\":\"efef\",\"sysId\":\"\",\"updateTime\":\"2019-11-29 10:09:47\"},{\"createTime\":\"2019-11-01 14:02:33\",\"enable\":1,\"extension\":\"\",\"id\":\"1\",\"remark\":\"\",\"roleCode\":\"1\",\"roleName\":\"角色123456\",\"sysId\":\"\",\"updateTime\":\"2019-11-19 18:23:23\"},{\"createTime\":\"2019-11-28 09:59:15\",\"enable\":1,\"extension\":\"\",\"id\":\"1fd7ed00-108a-4cde-bd0d-ce58e994cae8\",\"remark\":\"11111111111111111111111111111111111111111111111111111111111111111111111111111111111111111111111111111111111111111111111111111111111111111111111111111111111111111111111111111111111111111111111111111111111111111111111111111111111111111111111111111111111111111111111111111111111111111111111111111111111111111111111111111111111111111111111111111111111111111111111111111111111111111111111111111111111111111111111111111111111111111111111111111111111111111111111111111111111111111111111111111111111111111111\",\"roleCode\":\"ff\",\"roleName\":\"fff\",\"sysId\":\"\",\"updateTime\":\"2019-11-28 09:59:15\"},{\"createTime\":\"2019-11-01 14:02:33\",\"enable\":0,\"extension\":\"\",\"id\":\"2\",\"remark\":\"11\",\"roleCode\":\"admin\",\"roleName\":\"角色2\",\"sysId\":\"\",\"updateTime\":\"2019-11-01 14:02:33\"},{\"createTime\":\"2019-11-01 14:02:33\",\"enable\":1,\"extension\":\"\",\"id\":\"3\",\"remark\":\"3\",\"roleCode\":\"\",\"roleName\":\"3\",\"sysId\":\"\",\"updateTime\":\"2019-11-01 14:02:33\"},{\"createTime\":\"2019-11-01 14:02:33\",\"enable\":1,\"extension\":\"\",\"id\":\"333\",\"roleCode\":\"\",\"roleName\":\"aaaa\",\"sysId\":\"\",\"updateTime\":\"2019-11-01 14:02:33\"},{\"createTime\":\"2019-11-25 15:57:48\",\"enable\":1,\"extension\":\"\",\"id\":\"3dcf7daf-451f-4e94-b776-9ba083126436\",\"remark\":\"\",\"roleCode\":\"admin\",\"roleName\":\"角色8\",\"sysId\":\"\",\"updateTime\":\"2019-11-25 15:57:48\"},{\"createTime\":\"2019-11-01 14:02:33\",\"enable\":1,\"extension\":\"\",\"id\":\"4\",\"remark\":\"4\",\"roleCode\":\"\",\"roleName\":\"4\",\"sysId\":\"\",\"updateTime\":\"2019-11-01 14:02:33\"},{\"createTime\":\"2019-11-14 18:22:53\",\"enable\":1,\"extension\":\"\",\"id\":\"4cbff9bc-2ae8-4c39-9aba-1ec1ba9b24c2\",\"remark\":\"string\",\"roleCode\":\"admin\",\"roleName\":\"string\",\"sysId\":\"\",\"updateTime\":\"2019-11-15 11:16:37\"},{\"createTime\":\"2019-11-01 14:02:33\",\"enable\":1,\"extension\":\"\",\"id\":\"5\",\"remark\":\"5\",\"roleCode\":\"\",\"roleName\":\"5\",\"sysId\":\"\",\"updateTime\":\"2019-11-01 14:02:33\"},{\"createTime\":\"2019-11-22 13:34:21\",\"enable\":1,\"extension\":\"\",\"id\":\"543ebce3-e35b-4796-be51-f6cba44b7e79\",\"remark\":\"注意，我是备注\",\"roleCode\":\"00001我可是是汉字吗\",\"roleName\":\"00001测试的第一个\",\"sysId\":\"\",\"updateTime\":\"2019-11-22 13:34:21\"},{\"createTime\":\"2019-11-01 14:02:33\",\"enable\":1,\"extension\":\"\",\"id\":\"6\",\"remark\":\"6\",\"roleCode\":\"\",\"roleName\":\"6\",\"sysId\":\"\",\"updateTime\":\"2019-11-01 14:02:33\"},{\"createTime\":\"2019-11-29 12:59:20\",\"enable\":0,\"extension\":\"\",\"id\":\"6681fe17-1822-4211-8fe8-c807f29d5846\",\"remark\":\"\",\"roleCode\":\"admin\",\"roleName\":\"fefe3\",\"sysId\":\"\",\"updateTime\":\"2019-11-29 12:59:20\"},{\"createTime\":\"2019-11-01 14:02:33\",\"enable\":1,\"extension\":\"\",\"id\":\"7\",\"remark\":\"7\",\"roleCode\":\"\",\"roleName\":\"7\",\"sysId\":\"\",\"updateTime\":\"2019-11-01 14:02:33\"},{\"createTime\":\"2019-11-29 10:09:34\",\"enable\":1,\"extension\":\"\",\"id\":\"71531428-7554-4f9d-8199-3a3b68e7d0f5\",\"remark\":\"ff\",\"roleCode\":\"ff\",\"roleName\":\"ffff2\",\"sysId\":\"\",\"updateTime\":\"2019-11-29 10:09:34\"},{\"createTime\":\"2019-11-18 09:00:25\",\"enable\":0,\"extension\":\"\",\"id\":\"7fdbc0ea-cf71-47fe-a3fe-083634084c18\",\"remark\":\"\",\"roleCode\":\"234\",\"roleName\":\"234\",\"sysId\":\"\",\"updateTime\":\"2019-11-18 09:00:25\"},{\"createTime\":\"2020-03-05 19:41:05\",\"enable\":1,\"extension\":\"\",\"id\":\"8e6d2ec5-0539-4583-92b4-2f6abf67b710\",\"remark\":\"\",\"roleCode\":\"z22\",\"roleName\":\"z22\",\"sysId\":\"\",\"updateTime\":\"2020-03-05 19:41:05\"},{\"createTime\":\"2019-11-21 13:56:15\",\"enable\":1,\"extension\":\"\",\"id\":\"90376afd-a995-4e93-85b1-d973e496acc0\",\"remark\":\"\",\"roleCode\":\"ddd\",\"roleName\":\"ddd\",\"sysId\":\"\",\"updateTime\":\"2019-11-21 13:56:15\"},{\"createTime\":\"2019-11-14 18:23:16\",\"enable\":1,\"extension\":\"a495e5ae-a238-4928-93c2-ac8ee145cf06\",\"id\":\"a495e5ae-a238-4928-93c2-ac8ee145cf06\",\"remark\":\"角色A2001\",\"roleCode\":\"admin\",\"roleName\":\"abc\",\"sysId\":\"\",\"updateTime\":\"2019-11-15 11:23:01\"},{\"createTime\":\"2019-11-01 14:02:33\",\"enable\":1,\"extension\":\"\",\"id\":\"f19ef746-b4f7-4f12-9bba-2e79625952ee\",\"remark\":\"测试角色\",\"roleCode\":\"admin\",\"roleName\":\"角色ssss\",\"sysId\":\"\",\"updateTime\":\"2019-11-18 19:58:35\"}],\"searchCount\":true,\"size\":500,\"total\":20},null,null]', null, '0');
INSERT INTO `sys_operation_param` VALUES ('56c76d4a-5bf6-437d-9c38-8672502e6bca', '18f8f89b-c1ed-42dc-bffb-db0d3ef2253d', '[{\"current\":1,\"orders\":[{\"asc\":false,\"column\":\"create_time\"}],\"pages\":7,\"records\":[{\"createTime\":\"2020-03-05 19:40:38\",\"deptName\":\"神经门诊1组-专家组\",\"dpId\":\"009b068a-499f-4ec8-945f-63147d306174\",\"email\":\"\",\"enable\":1,\"extension\":\"\",\"id\":\"1f4bfa6c-9c88-4481-9df9-56044a2f7d63\",\"mobile\":\"13804462189\",\"normalName\":\"zoe2\",\"photo\":\"\",\"post\":\"post-office-1\",\"rank\":\"\",\"sex\":\"男\",\"title\":\"\",\"updateTime\":\"2020-03-05 19:40:38\",\"username\":\"zoe2\"},{\"createTime\":\"2020-03-05 19:11:31\",\"deptName\":\"303分院\",\"dpId\":\"3\",\"email\":\"\",\"enable\":1,\"extension\":\"\",\"id\":\"3a355bda-81f5-4824-9dac-513590cfb271\",\"mobile\":\"13811111111\",\"normalName\":\"ffff\",\"photo\":\"\",\"post\":\"post-office-1\",\"rank\":\"\",\"sex\":\"男\",\"title\":\"\",\"updateTime\":\"2020-03-05 19:11:31\",\"username\":\"1122\"},{\"createTime\":\"2019-11-29 12:58:38\",\"deptName\":\"内科\",\"dpId\":\"10002\",\"email\":\"\",\"enable\":0,\"extension\":\"\",\"id\":\"2f637a13-820e-462b-9556-40a6e0e12dbc\",\"mobile\":\"13333333333\",\"normalName\":\"ef22\",\"photo\":\"\",\"post\":\"post-office-1\",\"rank\":\"\",\"sex\":\"女\",\"title\":\"\",\"updateTime\":\"2019-11-29 12:58:38\",\"username\":\"ffffeeek\"},{\"createTime\":\"2019-11-29 10:09:12\",\"deptName\":\"解放军医院组织机构\",\"dpId\":\"0\",\"email\":\"\",\"enable\":1,\"extension\":\"fff\",\"id\":\"c556b388-354e-42ca-9c92-34ff9a149c50\",\"mobile\":\"13333333333\",\"normalName\":\"ffff\",\"photo\":\"\",\"post\":\"post-office-1\",\"rank\":\"\",\"sex\":\"男\",\"title\":\"\",\"updateTime\":\"2019-11-29 10:09:12\",\"username\":\"ffff2\"},{\"createTime\":\"2019-11-28 15:58:58\",\"deptName\":\"304分院\",\"dpId\":\"4\",\"email\":\"\",\"enable\":1,\"extension\":\"\",\"id\":\"7edd783a-0e24-4267-98f8-1c05cd047599\",\"mobile\":\"12222222222\",\"normalName\":\"ffff\",\"photo\":\"\",\"post\":\"post-office-1\",\"rank\":\"\",\"sex\":\"男\",\"title\":\"\",\"updateTime\":\"2019-11-28 15:58:58\",\"username\":\"ffff\"},{\"createTime\":\"2019-11-28 10:00:13\",\"deptName\":\"解放军医院组织机构\",\"dpId\":\"0\",\"email\":\"\",\"enable\":1,\"extension\":\"11111111111111111111111111111111111111111111111111111111111111111111111111111111111111111111111111111111111111111111111111111111111111111111111111111111111111111111111111111111111111111111111111111111111111111111111111111111111111111111111111111111111111111111111111111111111111111111111111111111111111111111111111111111111111111111111111111111111111111111111111111111111111111111111111111111111111111111111111111111111111111111111111111111111111111111111111111111111111111111111111111111111111111111\",\"id\":\"e5f9ac6b-9b7c-4de9-ad6a-f40df25559bc\",\"mobile\":\"12333333333\",\"normalName\":\"fff\",\"photo\":\"\",\"post\":\"post-office-1\",\"rank\":\"\",\"sex\":\"男\",\"title\":\"\",\"updateTime\":\"2019-11-28 10:00:13\",\"username\":\"fff\"},{\"createTime\":\"2019-11-27 18:32:32\",\"deptName\":\"解放军医院组织机构\",\"dpId\":\"0\",\"email\":\"\",\"enable\":1,\"extension\":\"\",\"id\":\"9f56e244-7199-406e-80a5-190f23022277\",\"mobile\":\"12222222222\",\"normalName\":\"x\",\"photo\":\"20191127/1/timg (4).jpeg\",\"post\":\"post-office-1\",\"rank\":\"\",\"sex\":\"男\",\"title\":\"\",\"updateTime\":\"2019-11-27 18:32:32\",\"username\":\"x\"},{\"createTime\":\"2019-11-27 18:04:55\",\"deptName\":\"解放军医院组织机构\",\"dpId\":\"0\",\"email\":\"\",\"enable\":0,\"extension\":\"\",\"id\":\"3b55cb42-7c09-4c17-a275-fb175d7496a0\",\"mobile\":\"12222222222\",\"normalName\":\"ff\",\"photo\":\"20191127/1/timg (4).jpeg\",\"post\":\"post-office-1\",\"rank\":\"\",\"sex\":\"男\",\"title\":\"\",\"updateTime\":\"2019-11-27 18:04:55\",\"username\":\"ff\"},{\"createTime\":\"2019-11-27 17:58:48\",\"deptName\":\"解放军医院组织机构\",\"dpId\":\"0\",\"email\":\"\",\"enable\":1,\"extension\":\"fff\",\"id\":\"57c529f4-79a3-4443-a85e-aface4b535c3\",\"mobile\":\"12222222222\",\"normalName\":\"gg\",\"photo\":\"20191127/1/timg (4).jpeg\",\"post\":\"post-office-1\",\"rank\":\"\",\"sex\":\"男\",\"title\":\"\",\"updateTime\":\"2019-11-27 17:58:48\",\"username\":\"gg\"},{\"createTime\":\"2019-11-27 17:58:05\",\"deptName\":\"304分院\",\"dpId\":\"4\",\"email\":\"\",\"enable\":1,\"extension\":\"\",\"id\":\"e7a52141-4a4c-423b-94c2-51fbf79f79d6\",\"mobile\":\"11111111111\",\"normalName\":\"g\",\"photo\":\"20191127/1/timg (4).jpeg\",\"post\":\"post-office-1\",\"rank\":\"\",\"sex\":\"男\",\"title\":\"\",\"updateTime\":\"2019-11-27 17:58:05\",\"username\":\"g\"}],\"searchCount\":true,\"size\":10,\"total\":66},null,null,null,null]', null, '0');
INSERT INTO `sys_operation_param` VALUES ('5847f2f2-e4e9-402e-8347-a765259042dd', 'ba4b944c-4c60-44c8-b1da-c7ddc8347817', '[{\"tableName\":\"tcs\"}]', null, '0');
INSERT INTO `sys_operation_param` VALUES ('5b52fc80-d82d-4fa8-8d79-efaa7174f172', 'dc936a85-9a89-4902-b073-bef6d4793c14', '[]', null, '-1');
INSERT INTO `sys_operation_param` VALUES ('5cefd48c-77a6-407e-9e79-e8ccbc20ca7b', 'a732cb06-d729-4221-a9b7-73e53a20b20f', '[]', null, '0');
INSERT INTO `sys_operation_param` VALUES ('5d41d2dc-ebdb-40b0-82db-ee1ca02fec9a', '7931fe45-de95-464f-b3e6-4820388bcddb', '[\"toolGeneratorTemplateType\"]', null, '0');
INSERT INTO `sys_operation_param` VALUES ('5f5ec2d1-874d-4025-88a3-edd4aeb70eae', '06a3bfb7-56b9-4527-ac13-5faae6c7af96', '[]', null, '0');
INSERT INTO `sys_operation_param` VALUES ('6024b4c3-56ae-491a-8043-c88c42b75213', 'ddf72e7b-9d25-4d96-aea2-421094d866dd', '[\"5ef9a3a7-8271-455a-8816-70890d4a4188\"]', null, '0');
INSERT INTO `sys_operation_param` VALUES ('612172e6-1073-430e-9a0d-b04b26e59605', '91c389f5-545d-4367-a739-476d452f5ce6', '[]', null, '0');
INSERT INTO `sys_operation_param` VALUES ('63a886e8-2fb7-4c8a-ba95-f6f8d0fd6a82', 'bbeed6ff-5f3f-442f-8ed4-d2243f1a7a94', '[{\"current\":1,\"orders\":[{\"asc\":false,\"column\":\"create_time\"}],\"pages\":1,\"parameter\":{},\"records\":[{\"author\":\"Gavin\",\"createBy\":\"1\",\"createTime\":\"2020-03-04 14:02:08\",\"description\":\"\",\"entityName\":\"SysConfig\",\"id\":\"5ef9a3a7-8271-455a-8816-70890d4a4188\",\"moduleDisplayName\":\"\",\"moduleName\":\"SysConfig\",\"packagePath\":\"com.rexen.rest\",\"tableName\":\"sys_config\",\"tableRemark\":\"\",\"templateType\":\"sigle\",\"updateBy\":\"1\",\"updateTime\":\"2020-03-04 14:02:08\"},{\"author\":\"Gavin\",\"createBy\":\"1\",\"createTime\":\"2020-03-03 13:27:04\",\"description\":\"\",\"entityName\":\"AdverseEventBasicInfo\",\"id\":\"6c3846fa-4c38-43ae-b365-93d9c3d4ece4\",\"moduleDisplayName\":\"\",\"moduleName\":\"AdverseEventBasicInfo\",\"packagePath\":\"com.rexen.rest\",\"tableName\":\"adverse_event_basic_info\",\"tableRemark\":\"\",\"templateType\":\"sigle\",\"updateBy\":\"1\",\"updateTime\":\"2020-03-03 13:27:04\"},{\"author\":\"Gavin\",\"createBy\":\"1\",\"createTime\":\"2020-03-02 13:46:54\",\"description\":\"\",\"entityName\":\"CustomFormList\",\"id\":\"23ca4072-0f95-48e5-856b-5285870695ec\",\"moduleDisplayName\":\"\",\"moduleName\":\"CustomFormList\",\"packagePath\":\"com.rexen.rest\",\"tableName\":\"custom_form_list\",\"tableRemark\":\"\",\"templateType\":\"sigle\",\"updateBy\":\"1\",\"updateTime\":\"2020-03-02 13:46:54\"},{\"author\":\"Gavin\",\"createBy\":\"1\",\"createTime\":\"2020-03-02 13:46:54\",\"description\":\"\",\"entityName\":\"CustomFormDataVersion\",\"id\":\"de4982de-55c7-40f5-8cda-baa871ca644e\",\"moduleDisplayName\":\"\",\"moduleName\":\"CustomFormDataVersion\",\"packagePath\":\"com.rexen.rest\",\"tableName\":\"custom_form_data_version\",\"tableRemark\":\"\",\"templateType\":\"sigle\",\"updateBy\":\"1\",\"updateTime\":\"2020-03-02 13:46:54\"},{\"author\":\"Gavin\",\"createBy\":\"1\",\"createTime\":\"2020-03-02 13:46:38\",\"description\":\"\",\"entityName\":\"CustomFormData\",\"id\":\"2ec70818-3c5b-430e-99c2-114297e83cd9\",\"moduleDisplayName\":\"\",\"moduleName\":\"CustomFormData\",\"packagePath\":\"com.rexen.rest\",\"tableName\":\"custom_form_data\",\"tableRemark\":\"\",\"templateType\":\"sigle\",\"updateBy\":\"1\",\"updateTime\":\"2020-03-02 13:46:38\"},{\"author\":\"Gavin\",\"createBy\":\"1\",\"createTime\":\"2020-03-02 13:44:53\",\"description\":\"\",\"entityName\":\"AdverseEventType\",\"id\":\"806b55db-e2c1-4e3b-9af1-0490c33fa0c0\",\"moduleDisplayName\":\"\",\"moduleName\":\"AdverseEventType\",\"packagePath\":\"com.rexen.rest\",\"tableName\":\"adverse_event_type\",\"tableRemark\":\"\",\"templateType\":\"sigle\",\"updateBy\":\"1\",\"updateTime\":\"2020-03-02 13:44:53\"},{\"author\":\"Gavin\",\"createBy\":\"1\",\"createTime\":\"2020-02-28 13:51:11\",\"description\":\"\",\"entityName\":\"WorkflowActReDefinition\",\"id\":\"d070f908-5909-4de9-b2a8-48ae47d8b4c2\",\"moduleDisplayName\":\"\",\"moduleName\":\"WorkflowActReDefinition\",\"packagePath\":\"com.rexen.rest\",\"tableName\":\"workflow_act_re_definition\",\"tableRemark\":\"\",\"templateType\":\"sigle\",\"updateBy\":\"1\",\"updateTime\":\"2020-02-28 13:51:11\"},{\"author\":\"Gavin\",\"createBy\":\"1\",\"createTime\":\"2020-02-27 15:03:13\",\"description\":\"\",\"entityName\":\"WorkflowActReActivity\",\"id\":\"07cc7701-8860-4d9a-9296-689ef3967554\",\"moduleDisplayName\":\"\",\"moduleName\":\"WorkflowActReActivity\",\"packagePath\":\"com.rexen.rest\",\"tableName\":\"workflow_act_re_activity\",\"tableRemark\":\"\",\"templateType\":\"sigle\",\"updateBy\":\"1\",\"updateTime\":\"2020-02-28 08:31:22\"},{\"author\":\"Gavin\",\"createBy\":\"1\",\"createTime\":\"2020-02-25 12:39:54\",\"description\":\"用户与角色对应关系\",\"entityName\":\"SysUserRole\",\"id\":\"7b618d0c-228c-4d09-9fd0-9fea753895be\",\"moduleDisplayName\":\"用户与角色对应关系\",\"moduleName\":\"SysUserRole\",\"packagePath\":\"com.rexen.rest\",\"tableName\":\"sys_user_role\",\"tableRemark\":\"用户与角色对应关系\",\"templateType\":\"sigle\",\"updateBy\":\"1\",\"updateTime\":\"2020-03-02 11:20:21\"},{\"author\":\"Gavin\",\"createBy\":\"1\",\"createTime\":\"2020-02-25 12:39:53\",\"description\":\"系统用户\",\"entityName\":\"SysUser\",\"id\":\"02f75e8e-9594-4b2d-939d-e90efa3a3b34\",\"moduleDisplayName\":\"系统用户\",\"moduleName\":\"SysUser\",\"packagePath\":\"com.rexen.rest\",\"tableName\":\"sys_user\",\"tableRemark\":\"系统用户\",\"templateType\":\"sigle\",\"updateBy\":\"1\",\"updateTime\":\"2020-03-02 11:20:04\"}],\"searchCount\":true,\"size\":10,\"total\":10},{\"$ref\":\"$.null.parameter\"}]', null, '0');
INSERT INTO `sys_operation_param` VALUES ('6510818a-be13-492c-9d6c-89797238be1a', 'f19be86a-16cc-4358-8723-6dbdcbe4e7ab', '[\"post-type\"]', null, '0');
INSERT INTO `sys_operation_param` VALUES ('6548e0e8-68a1-4bfa-b0f1-e70eba52a03c', '8e6b3d4a-1427-4ec0-9d8c-590e9c9b8c87', '[{\"current\":1,\"orders\":[{\"asc\":false,\"column\":\"create_time\"}],\"pages\":1,\"parameter\":{},\"records\":[{\"author\":\"Gavin\",\"createBy\":\"1\",\"createTime\":\"2020-02-25 12:39:53\",\"description\":\"系统用户\",\"entityName\":\"SysUser\",\"id\":\"02f75e8e-9594-4b2d-939d-e90efa3a3b34\",\"moduleDisplayName\":\"系统用户\",\"moduleName\":\"SysUser\",\"packagePath\":\"com.rexen.rest\",\"tableName\":\"sys_user\",\"tableRemark\":\"系统用户\",\"templateType\":\"sigle\",\"updateBy\":\"1\",\"updateTime\":\"2020-03-02 11:20:04\"}],\"searchCount\":true,\"size\":10,\"total\":1},{\"$ref\":\"$.null.parameter\"}]', null, '0');
INSERT INTO `sys_operation_param` VALUES ('65c0e3bf-8e18-4e3e-8594-27fdd272de7f', 'ae76d885-9d07-4c21-abeb-e08db3dd0b23', '[{\"current\":1,\"orders\":[{\"asc\":false,\"column\":\"create_time\"}],\"pages\":7,\"records\":[{\"createTime\":\"2020-03-05 19:40:38\",\"deptName\":\"神经门诊1组-专家组\",\"dpId\":\"009b068a-499f-4ec8-945f-63147d306174\",\"email\":\"\",\"enable\":1,\"extension\":\"\",\"id\":\"1f4bfa6c-9c88-4481-9df9-56044a2f7d63\",\"mobile\":\"13804462189\",\"normalName\":\"zoe2\",\"photo\":\"\",\"post\":\"post-office-1\",\"rank\":\"\",\"sex\":\"男\",\"title\":\"\",\"updateTime\":\"2020-03-05 19:40:38\",\"username\":\"zoe2\"},{\"createTime\":\"2020-03-05 19:11:31\",\"deptName\":\"303分院\",\"dpId\":\"3\",\"email\":\"\",\"enable\":1,\"extension\":\"\",\"id\":\"3a355bda-81f5-4824-9dac-513590cfb271\",\"mobile\":\"13811111111\",\"normalName\":\"ffff\",\"photo\":\"\",\"post\":\"post-office-1\",\"rank\":\"\",\"sex\":\"男\",\"title\":\"\",\"updateTime\":\"2020-03-05 19:11:31\",\"username\":\"1122\"},{\"createTime\":\"2019-11-29 12:58:38\",\"deptName\":\"内科\",\"dpId\":\"10002\",\"email\":\"\",\"enable\":0,\"extension\":\"\",\"id\":\"2f637a13-820e-462b-9556-40a6e0e12dbc\",\"mobile\":\"13333333333\",\"normalName\":\"ef22\",\"photo\":\"\",\"post\":\"post-office-1\",\"rank\":\"\",\"sex\":\"女\",\"title\":\"\",\"updateTime\":\"2019-11-29 12:58:38\",\"username\":\"ffffeeek\"},{\"createTime\":\"2019-11-29 10:09:12\",\"deptName\":\"解放军医院组织机构\",\"dpId\":\"0\",\"email\":\"\",\"enable\":1,\"extension\":\"fff\",\"id\":\"c556b388-354e-42ca-9c92-34ff9a149c50\",\"mobile\":\"13333333333\",\"normalName\":\"ffff\",\"photo\":\"\",\"post\":\"post-office-1\",\"rank\":\"\",\"sex\":\"男\",\"title\":\"\",\"updateTime\":\"2019-11-29 10:09:12\",\"username\":\"ffff2\"},{\"createTime\":\"2019-11-28 15:58:58\",\"deptName\":\"304分院\",\"dpId\":\"4\",\"email\":\"\",\"enable\":1,\"extension\":\"\",\"id\":\"7edd783a-0e24-4267-98f8-1c05cd047599\",\"mobile\":\"12222222222\",\"normalName\":\"ffff\",\"photo\":\"\",\"post\":\"post-office-1\",\"rank\":\"\",\"sex\":\"男\",\"title\":\"\",\"updateTime\":\"2019-11-28 15:58:58\",\"username\":\"ffff\"},{\"createTime\":\"2019-11-28 10:00:13\",\"deptName\":\"解放军医院组织机构\",\"dpId\":\"0\",\"email\":\"\",\"enable\":1,\"extension\":\"11111111111111111111111111111111111111111111111111111111111111111111111111111111111111111111111111111111111111111111111111111111111111111111111111111111111111111111111111111111111111111111111111111111111111111111111111111111111111111111111111111111111111111111111111111111111111111111111111111111111111111111111111111111111111111111111111111111111111111111111111111111111111111111111111111111111111111111111111111111111111111111111111111111111111111111111111111111111111111111111111111111111111111111\",\"id\":\"e5f9ac6b-9b7c-4de9-ad6a-f40df25559bc\",\"mobile\":\"12333333333\",\"normalName\":\"fff\",\"photo\":\"\",\"post\":\"post-office-1\",\"rank\":\"\",\"sex\":\"男\",\"title\":\"\",\"updateTime\":\"2019-11-28 10:00:13\",\"username\":\"fff\"},{\"createTime\":\"2019-11-27 18:32:32\",\"deptName\":\"解放军医院组织机构\",\"dpId\":\"0\",\"email\":\"\",\"enable\":1,\"extension\":\"\",\"id\":\"9f56e244-7199-406e-80a5-190f23022277\",\"mobile\":\"12222222222\",\"normalName\":\"x\",\"photo\":\"20191127/1/timg (4).jpeg\",\"post\":\"post-office-1\",\"rank\":\"\",\"sex\":\"男\",\"title\":\"\",\"updateTime\":\"2019-11-27 18:32:32\",\"username\":\"x\"},{\"createTime\":\"2019-11-27 18:04:55\",\"deptName\":\"解放军医院组织机构\",\"dpId\":\"0\",\"email\":\"\",\"enable\":0,\"extension\":\"\",\"id\":\"3b55cb42-7c09-4c17-a275-fb175d7496a0\",\"mobile\":\"12222222222\",\"normalName\":\"ff\",\"photo\":\"20191127/1/timg (4).jpeg\",\"post\":\"post-office-1\",\"rank\":\"\",\"sex\":\"男\",\"title\":\"\",\"updateTime\":\"2019-11-27 18:04:55\",\"username\":\"ff\"},{\"createTime\":\"2019-11-27 17:58:48\",\"deptName\":\"解放军医院组织机构\",\"dpId\":\"0\",\"email\":\"\",\"enable\":1,\"extension\":\"fff\",\"id\":\"57c529f4-79a3-4443-a85e-aface4b535c3\",\"mobile\":\"12222222222\",\"normalName\":\"gg\",\"photo\":\"20191127/1/timg (4).jpeg\",\"post\":\"post-office-1\",\"rank\":\"\",\"sex\":\"男\",\"title\":\"\",\"updateTime\":\"2019-11-27 17:58:48\",\"username\":\"gg\"},{\"createTime\":\"2019-11-27 17:58:05\",\"deptName\":\"304分院\",\"dpId\":\"4\",\"email\":\"\",\"enable\":1,\"extension\":\"\",\"id\":\"e7a52141-4a4c-423b-94c2-51fbf79f79d6\",\"mobile\":\"11111111111\",\"normalName\":\"g\",\"photo\":\"20191127/1/timg (4).jpeg\",\"post\":\"post-office-1\",\"rank\":\"\",\"sex\":\"男\",\"title\":\"\",\"updateTime\":\"2019-11-27 17:58:05\",\"username\":\"g\"}],\"searchCount\":true,\"size\":10,\"total\":66},null,null,null,null]', null, '0');
INSERT INTO `sys_operation_param` VALUES ('66c225e4-4b8c-490a-9b60-5dd746c47ebb', '0f1afc40-3f07-494f-a4a9-d83a831e6d64', '[\"23ca4072-0f95-48e5-856b-5285870695ec\"]', null, '0');
INSERT INTO `sys_operation_param` VALUES ('67091b38-2dfc-43d9-8fb8-8cdbbd3aa39d', 'e61d544e-6a51-429e-9495-b6369140ba77', '[\"1\"]', null, '0');
INSERT INTO `sys_operation_param` VALUES ('69457023-3d92-4ad8-ae4d-0e6efb7d14a9', '0537fde9-5757-4571-bff4-861e588154e0', '[{\"enable\":0,\"extension\":\"fefe\",\"flag\":\"dept-flag-1\",\"id\":\"1701e855-d160-46ce-8b83-4317fdc10ae7\",\"lastLevelFlag\":1,\"name\":\"fff\",\"parentId\":\"4\",\"sort\":1,\"updateTime\":\"2020-03-16 17:44:13\"}]', null, '0');
INSERT INTO `sys_operation_param` VALUES ('6a2ad552-0a41-42ff-9a8a-77d3b0c7732c', 'd9845175-48fc-43c4-ad04-4c716e2de93d', '[{\"current\":1,\"orders\":[{\"asc\":false,\"column\":\"create_time\"}],\"pages\":7,\"records\":[{\"createTime\":\"2020-03-05 19:40:38\",\"deptName\":\"神经门诊1组-专家组\",\"dpId\":\"009b068a-499f-4ec8-945f-63147d306174\",\"email\":\"\",\"enable\":1,\"extension\":\"\",\"id\":\"1f4bfa6c-9c88-4481-9df9-56044a2f7d63\",\"mobile\":\"13804462189\",\"normalName\":\"zoe2\",\"photo\":\"\",\"post\":\"post-office-1\",\"rank\":\"\",\"sex\":\"男\",\"title\":\"\",\"updateTime\":\"2020-03-05 19:40:38\",\"username\":\"zoe2\"},{\"createTime\":\"2020-03-05 19:11:31\",\"deptName\":\"303分院\",\"dpId\":\"3\",\"email\":\"\",\"enable\":1,\"extension\":\"\",\"id\":\"3a355bda-81f5-4824-9dac-513590cfb271\",\"mobile\":\"13811111111\",\"normalName\":\"ffff\",\"photo\":\"\",\"post\":\"post-office-1\",\"rank\":\"\",\"sex\":\"男\",\"title\":\"\",\"updateTime\":\"2020-03-05 19:11:31\",\"username\":\"1122\"},{\"createTime\":\"2019-11-29 12:58:38\",\"deptName\":\"内科\",\"dpId\":\"10002\",\"email\":\"\",\"enable\":0,\"extension\":\"\",\"id\":\"2f637a13-820e-462b-9556-40a6e0e12dbc\",\"mobile\":\"13333333333\",\"normalName\":\"ef22\",\"photo\":\"\",\"post\":\"post-office-1\",\"rank\":\"\",\"sex\":\"女\",\"title\":\"\",\"updateTime\":\"2019-11-29 12:58:38\",\"username\":\"ffffeeek\"},{\"createTime\":\"2019-11-29 10:09:12\",\"deptName\":\"解放军医院组织机构\",\"dpId\":\"0\",\"email\":\"\",\"enable\":1,\"extension\":\"fff\",\"id\":\"c556b388-354e-42ca-9c92-34ff9a149c50\",\"mobile\":\"13333333333\",\"normalName\":\"ffff\",\"photo\":\"\",\"post\":\"post-office-1\",\"rank\":\"\",\"sex\":\"男\",\"title\":\"\",\"updateTime\":\"2019-11-29 10:09:12\",\"username\":\"ffff2\"},{\"createTime\":\"2019-11-28 15:58:58\",\"deptName\":\"304分院\",\"dpId\":\"4\",\"email\":\"\",\"enable\":1,\"extension\":\"\",\"id\":\"7edd783a-0e24-4267-98f8-1c05cd047599\",\"mobile\":\"12222222222\",\"normalName\":\"ffff\",\"photo\":\"\",\"post\":\"post-office-1\",\"rank\":\"\",\"sex\":\"男\",\"title\":\"\",\"updateTime\":\"2019-11-28 15:58:58\",\"username\":\"ffff\"},{\"createTime\":\"2019-11-28 10:00:13\",\"deptName\":\"解放军医院组织机构\",\"dpId\":\"0\",\"email\":\"\",\"enable\":1,\"extension\":\"11111111111111111111111111111111111111111111111111111111111111111111111111111111111111111111111111111111111111111111111111111111111111111111111111111111111111111111111111111111111111111111111111111111111111111111111111111111111111111111111111111111111111111111111111111111111111111111111111111111111111111111111111111111111111111111111111111111111111111111111111111111111111111111111111111111111111111111111111111111111111111111111111111111111111111111111111111111111111111111111111111111111111111111\",\"id\":\"e5f9ac6b-9b7c-4de9-ad6a-f40df25559bc\",\"mobile\":\"12333333333\",\"normalName\":\"fff\",\"photo\":\"\",\"post\":\"post-office-1\",\"rank\":\"\",\"sex\":\"男\",\"title\":\"\",\"updateTime\":\"2019-11-28 10:00:13\",\"username\":\"fff\"},{\"createTime\":\"2019-11-27 18:32:32\",\"deptName\":\"解放军医院组织机构\",\"dpId\":\"0\",\"email\":\"\",\"enable\":1,\"extension\":\"\",\"id\":\"9f56e244-7199-406e-80a5-190f23022277\",\"mobile\":\"12222222222\",\"normalName\":\"x\",\"photo\":\"20191127/1/timg (4).jpeg\",\"post\":\"post-office-1\",\"rank\":\"\",\"sex\":\"男\",\"title\":\"\",\"updateTime\":\"2019-11-27 18:32:32\",\"username\":\"x\"},{\"createTime\":\"2019-11-27 18:04:55\",\"deptName\":\"解放军医院组织机构\",\"dpId\":\"0\",\"email\":\"\",\"enable\":0,\"extension\":\"\",\"id\":\"3b55cb42-7c09-4c17-a275-fb175d7496a0\",\"mobile\":\"12222222222\",\"normalName\":\"ff\",\"photo\":\"20191127/1/timg (4).jpeg\",\"post\":\"post-office-1\",\"rank\":\"\",\"sex\":\"男\",\"title\":\"\",\"updateTime\":\"2019-11-27 18:04:55\",\"username\":\"ff\"},{\"createTime\":\"2019-11-27 17:58:48\",\"deptName\":\"解放军医院组织机构\",\"dpId\":\"0\",\"email\":\"\",\"enable\":1,\"extension\":\"fff\",\"id\":\"57c529f4-79a3-4443-a85e-aface4b535c3\",\"mobile\":\"12222222222\",\"normalName\":\"gg\",\"photo\":\"20191127/1/timg (4).jpeg\",\"post\":\"post-office-1\",\"rank\":\"\",\"sex\":\"男\",\"title\":\"\",\"updateTime\":\"2019-11-27 17:58:48\",\"username\":\"gg\"},{\"createTime\":\"2019-11-27 17:58:05\",\"deptName\":\"304分院\",\"dpId\":\"4\",\"email\":\"\",\"enable\":1,\"extension\":\"\",\"id\":\"e7a52141-4a4c-423b-94c2-51fbf79f79d6\",\"mobile\":\"11111111111\",\"normalName\":\"g\",\"photo\":\"20191127/1/timg (4).jpeg\",\"post\":\"post-office-1\",\"rank\":\"\",\"sex\":\"男\",\"title\":\"\",\"updateTime\":\"2019-11-27 17:58:05\",\"username\":\"g\"}],\"searchCount\":true,\"size\":10,\"total\":66},null,null,null,null]', null, '0');
INSERT INTO `sys_operation_param` VALUES ('6a47e5eb-14c7-4380-aff2-78e6981b8caf', '20b90de3-f946-4357-8a0b-2f7bbc8e14c9', '[{\"current\":1,\"orders\":[],\"pages\":1,\"records\":[{\"createTime\":\"2019-11-29 10:09:47\",\"enable\":1,\"extension\":\"\",\"id\":\"059c1fed-0e4e-4085-9674-b3edfdf3b9ed\",\"remark\":\"fefe\",\"roleCode\":\"efef\",\"roleName\":\"efef\",\"sysId\":\"\",\"updateTime\":\"2019-11-29 10:09:47\"},{\"createTime\":\"2019-11-01 14:02:33\",\"enable\":1,\"extension\":\"\",\"id\":\"1\",\"remark\":\"\",\"roleCode\":\"1\",\"roleName\":\"角色123456\",\"sysId\":\"\",\"updateTime\":\"2019-11-19 18:23:23\"},{\"createTime\":\"2019-11-28 09:59:15\",\"enable\":1,\"extension\":\"\",\"id\":\"1fd7ed00-108a-4cde-bd0d-ce58e994cae8\",\"remark\":\"11111111111111111111111111111111111111111111111111111111111111111111111111111111111111111111111111111111111111111111111111111111111111111111111111111111111111111111111111111111111111111111111111111111111111111111111111111111111111111111111111111111111111111111111111111111111111111111111111111111111111111111111111111111111111111111111111111111111111111111111111111111111111111111111111111111111111111111111111111111111111111111111111111111111111111111111111111111111111111111111111111111111111111111\",\"roleCode\":\"ff\",\"roleName\":\"fff\",\"sysId\":\"\",\"updateTime\":\"2019-11-28 09:59:15\"},{\"createTime\":\"2019-11-01 14:02:33\",\"enable\":0,\"extension\":\"\",\"id\":\"2\",\"remark\":\"11\",\"roleCode\":\"admin\",\"roleName\":\"角色2\",\"sysId\":\"\",\"updateTime\":\"2019-11-01 14:02:33\"},{\"createTime\":\"2019-11-01 14:02:33\",\"enable\":1,\"extension\":\"\",\"id\":\"3\",\"remark\":\"3\",\"roleCode\":\"\",\"roleName\":\"3\",\"sysId\":\"\",\"updateTime\":\"2019-11-01 14:02:33\"},{\"createTime\":\"2019-11-01 14:02:33\",\"enable\":1,\"extension\":\"\",\"id\":\"333\",\"roleCode\":\"\",\"roleName\":\"aaaa\",\"sysId\":\"\",\"updateTime\":\"2019-11-01 14:02:33\"},{\"createTime\":\"2019-11-25 15:57:48\",\"enable\":1,\"extension\":\"\",\"id\":\"3dcf7daf-451f-4e94-b776-9ba083126436\",\"remark\":\"\",\"roleCode\":\"admin\",\"roleName\":\"角色8\",\"sysId\":\"\",\"updateTime\":\"2019-11-25 15:57:48\"},{\"createTime\":\"2019-11-01 14:02:33\",\"enable\":1,\"extension\":\"\",\"id\":\"4\",\"remark\":\"4\",\"roleCode\":\"\",\"roleName\":\"4\",\"sysId\":\"\",\"updateTime\":\"2019-11-01 14:02:33\"},{\"createTime\":\"2019-11-14 18:22:53\",\"enable\":1,\"extension\":\"\",\"id\":\"4cbff9bc-2ae8-4c39-9aba-1ec1ba9b24c2\",\"remark\":\"string\",\"roleCode\":\"admin\",\"roleName\":\"string\",\"sysId\":\"\",\"updateTime\":\"2019-11-15 11:16:37\"},{\"createTime\":\"2019-11-01 14:02:33\",\"enable\":1,\"extension\":\"\",\"id\":\"5\",\"remark\":\"5\",\"roleCode\":\"\",\"roleName\":\"5\",\"sysId\":\"\",\"updateTime\":\"2019-11-01 14:02:33\"},{\"createTime\":\"2019-11-22 13:34:21\",\"enable\":1,\"extension\":\"\",\"id\":\"543ebce3-e35b-4796-be51-f6cba44b7e79\",\"remark\":\"注意，我是备注\",\"roleCode\":\"00001我可是是汉字吗\",\"roleName\":\"00001测试的第一个\",\"sysId\":\"\",\"updateTime\":\"2019-11-22 13:34:21\"},{\"createTime\":\"2019-11-01 14:02:33\",\"enable\":1,\"extension\":\"\",\"id\":\"6\",\"remark\":\"6\",\"roleCode\":\"\",\"roleName\":\"6\",\"sysId\":\"\",\"updateTime\":\"2019-11-01 14:02:33\"},{\"createTime\":\"2019-11-29 12:59:20\",\"enable\":0,\"extension\":\"\",\"id\":\"6681fe17-1822-4211-8fe8-c807f29d5846\",\"remark\":\"\",\"roleCode\":\"admin\",\"roleName\":\"fefe3\",\"sysId\":\"\",\"updateTime\":\"2019-11-29 12:59:20\"},{\"createTime\":\"2019-11-01 14:02:33\",\"enable\":1,\"extension\":\"\",\"id\":\"7\",\"remark\":\"7\",\"roleCode\":\"\",\"roleName\":\"7\",\"sysId\":\"\",\"updateTime\":\"2019-11-01 14:02:33\"},{\"createTime\":\"2019-11-29 10:09:34\",\"enable\":1,\"extension\":\"\",\"id\":\"71531428-7554-4f9d-8199-3a3b68e7d0f5\",\"remark\":\"ff\",\"roleCode\":\"ff\",\"roleName\":\"ffff2\",\"sysId\":\"\",\"updateTime\":\"2019-11-29 10:09:34\"},{\"createTime\":\"2019-11-18 09:00:25\",\"enable\":0,\"extension\":\"\",\"id\":\"7fdbc0ea-cf71-47fe-a3fe-083634084c18\",\"remark\":\"\",\"roleCode\":\"234\",\"roleName\":\"234\",\"sysId\":\"\",\"updateTime\":\"2019-11-18 09:00:25\"},{\"createTime\":\"2020-03-05 19:41:05\",\"enable\":1,\"extension\":\"\",\"id\":\"8e6d2ec5-0539-4583-92b4-2f6abf67b710\",\"remark\":\"\",\"roleCode\":\"z22\",\"roleName\":\"z22\",\"sysId\":\"\",\"updateTime\":\"2020-03-05 19:41:05\"},{\"createTime\":\"2019-11-21 13:56:15\",\"enable\":1,\"extension\":\"\",\"id\":\"90376afd-a995-4e93-85b1-d973e496acc0\",\"remark\":\"\",\"roleCode\":\"ddd\",\"roleName\":\"ddd\",\"sysId\":\"\",\"updateTime\":\"2019-11-21 13:56:15\"},{\"createTime\":\"2019-11-14 18:23:16\",\"enable\":1,\"extension\":\"a495e5ae-a238-4928-93c2-ac8ee145cf06\",\"id\":\"a495e5ae-a238-4928-93c2-ac8ee145cf06\",\"remark\":\"角色A2001\",\"roleCode\":\"admin\",\"roleName\":\"abc\",\"sysId\":\"\",\"updateTime\":\"2019-11-15 11:23:01\"},{\"createTime\":\"2019-11-01 14:02:33\",\"enable\":1,\"extension\":\"\",\"id\":\"f19ef746-b4f7-4f12-9bba-2e79625952ee\",\"remark\":\"测试角色\",\"roleCode\":\"admin\",\"roleName\":\"角色ssss\",\"sysId\":\"\",\"updateTime\":\"2019-11-18 19:58:35\"}],\"searchCount\":true,\"size\":500,\"total\":20},null,null]', null, '0');
INSERT INTO `sys_operation_param` VALUES ('6b329e8d-0358-48a7-bef2-7d4347421107', '26adb3ed-3625-43c6-ba99-aaef34a73fca', '[{\"current\":1,\"orders\":[{\"asc\":false,\"column\":\"create_time\"}],\"pages\":7,\"records\":[{\"createTime\":\"2020-03-05 19:40:38\",\"deptName\":\"神经门诊1组-专家组\",\"dpId\":\"009b068a-499f-4ec8-945f-63147d306174\",\"email\":\"\",\"enable\":1,\"extension\":\"\",\"id\":\"1f4bfa6c-9c88-4481-9df9-56044a2f7d63\",\"mobile\":\"13804462189\",\"normalName\":\"zoe2\",\"photo\":\"\",\"post\":\"post-office-1\",\"rank\":\"\",\"sex\":\"男\",\"title\":\"\",\"updateTime\":\"2020-03-05 19:40:38\",\"username\":\"zoe2\"},{\"createTime\":\"2020-03-05 19:11:31\",\"deptName\":\"303分院\",\"dpId\":\"3\",\"email\":\"\",\"enable\":1,\"extension\":\"\",\"id\":\"3a355bda-81f5-4824-9dac-513590cfb271\",\"mobile\":\"13811111111\",\"normalName\":\"ffff\",\"photo\":\"\",\"post\":\"post-office-1\",\"rank\":\"\",\"sex\":\"男\",\"title\":\"\",\"updateTime\":\"2020-03-05 19:11:31\",\"username\":\"1122\"},{\"createTime\":\"2019-11-29 12:58:38\",\"deptName\":\"内科\",\"dpId\":\"10002\",\"email\":\"\",\"enable\":0,\"extension\":\"\",\"id\":\"2f637a13-820e-462b-9556-40a6e0e12dbc\",\"mobile\":\"13333333333\",\"normalName\":\"ef22\",\"photo\":\"\",\"post\":\"post-office-1\",\"rank\":\"\",\"sex\":\"女\",\"title\":\"\",\"updateTime\":\"2019-11-29 12:58:38\",\"username\":\"ffffeeek\"},{\"createTime\":\"2019-11-29 10:09:12\",\"deptName\":\"解放军医院组织机构\",\"dpId\":\"0\",\"email\":\"\",\"enable\":1,\"extension\":\"fff\",\"id\":\"c556b388-354e-42ca-9c92-34ff9a149c50\",\"mobile\":\"13333333333\",\"normalName\":\"ffff\",\"photo\":\"\",\"post\":\"post-office-1\",\"rank\":\"\",\"sex\":\"男\",\"title\":\"\",\"updateTime\":\"2019-11-29 10:09:12\",\"username\":\"ffff2\"},{\"createTime\":\"2019-11-28 15:58:58\",\"deptName\":\"304分院\",\"dpId\":\"4\",\"email\":\"\",\"enable\":1,\"extension\":\"\",\"id\":\"7edd783a-0e24-4267-98f8-1c05cd047599\",\"mobile\":\"12222222222\",\"normalName\":\"ffff\",\"photo\":\"\",\"post\":\"post-office-1\",\"rank\":\"\",\"sex\":\"男\",\"title\":\"\",\"updateTime\":\"2019-11-28 15:58:58\",\"username\":\"ffff\"},{\"createTime\":\"2019-11-28 10:00:13\",\"deptName\":\"解放军医院组织机构\",\"dpId\":\"0\",\"email\":\"\",\"enable\":1,\"extension\":\"11111111111111111111111111111111111111111111111111111111111111111111111111111111111111111111111111111111111111111111111111111111111111111111111111111111111111111111111111111111111111111111111111111111111111111111111111111111111111111111111111111111111111111111111111111111111111111111111111111111111111111111111111111111111111111111111111111111111111111111111111111111111111111111111111111111111111111111111111111111111111111111111111111111111111111111111111111111111111111111111111111111111111111111\",\"id\":\"e5f9ac6b-9b7c-4de9-ad6a-f40df25559bc\",\"mobile\":\"12333333333\",\"normalName\":\"fff\",\"photo\":\"\",\"post\":\"post-office-1\",\"rank\":\"\",\"sex\":\"男\",\"title\":\"\",\"updateTime\":\"2019-11-28 10:00:13\",\"username\":\"fff\"},{\"createTime\":\"2019-11-27 18:32:32\",\"deptName\":\"解放军医院组织机构\",\"dpId\":\"0\",\"email\":\"\",\"enable\":1,\"extension\":\"\",\"id\":\"9f56e244-7199-406e-80a5-190f23022277\",\"mobile\":\"12222222222\",\"normalName\":\"x\",\"photo\":\"20191127/1/timg (4).jpeg\",\"post\":\"post-office-1\",\"rank\":\"\",\"sex\":\"男\",\"title\":\"\",\"updateTime\":\"2019-11-27 18:32:32\",\"username\":\"x\"},{\"createTime\":\"2019-11-27 18:04:55\",\"deptName\":\"解放军医院组织机构\",\"dpId\":\"0\",\"email\":\"\",\"enable\":0,\"extension\":\"\",\"id\":\"3b55cb42-7c09-4c17-a275-fb175d7496a0\",\"mobile\":\"12222222222\",\"normalName\":\"ff\",\"photo\":\"20191127/1/timg (4).jpeg\",\"post\":\"post-office-1\",\"rank\":\"\",\"sex\":\"男\",\"title\":\"\",\"updateTime\":\"2019-11-27 18:04:55\",\"username\":\"ff\"},{\"createTime\":\"2019-11-27 17:58:48\",\"deptName\":\"解放军医院组织机构\",\"dpId\":\"0\",\"email\":\"\",\"enable\":1,\"extension\":\"fff\",\"id\":\"57c529f4-79a3-4443-a85e-aface4b535c3\",\"mobile\":\"12222222222\",\"normalName\":\"gg\",\"photo\":\"20191127/1/timg (4).jpeg\",\"post\":\"post-office-1\",\"rank\":\"\",\"sex\":\"男\",\"title\":\"\",\"updateTime\":\"2019-11-27 17:58:48\",\"username\":\"gg\"},{\"createTime\":\"2019-11-27 17:58:05\",\"deptName\":\"304分院\",\"dpId\":\"4\",\"email\":\"\",\"enable\":1,\"extension\":\"\",\"id\":\"e7a52141-4a4c-423b-94c2-51fbf79f79d6\",\"mobile\":\"11111111111\",\"normalName\":\"g\",\"photo\":\"20191127/1/timg (4).jpeg\",\"post\":\"post-office-1\",\"rank\":\"\",\"sex\":\"男\",\"title\":\"\",\"updateTime\":\"2019-11-27 17:58:05\",\"username\":\"g\"}],\"searchCount\":true,\"size\":10,\"total\":66},null,null,null,null]', null, '0');
INSERT INTO `sys_operation_param` VALUES ('6d628de4-2772-4e04-b6e4-d2764bbd83bb', 'ad0b5bb2-6fdd-404e-8262-fd9e2d0fbdb7', '[]', null, '0');
INSERT INTO `sys_operation_param` VALUES ('7163c29f-be98-47d4-b01a-7090fedeb13a', 'd34c6ffc-0299-4b7c-bd79-b9f8cac6ca52', '[\"post-type\"]', null, '0');
INSERT INTO `sys_operation_param` VALUES ('7164813f-c699-4074-8027-78b35de21f2e', '54b34b5e-0b7e-425f-8d18-f59a5e077dde', '[\"department-flag-type\"]', null, '0');
INSERT INTO `sys_operation_param` VALUES ('7324f568-9eb1-42c5-9688-519f6ad289fc', '7b5d1763-b7e2-4927-aec6-c5f83f46b9c1', '[]', null, '0');
INSERT INTO `sys_operation_param` VALUES ('73a40933-6f78-4529-a9be-f5e5a9753324', '2cd02bf8-944a-49ba-abc0-a58e88291a44', '[{\"current\":1,\"orders\":[{\"asc\":false,\"column\":\"create_time\"}],\"pages\":7,\"records\":[{\"createTime\":\"2020-03-16 17:38:54\",\"deptName\":\"304分院\",\"dpId\":\"4\",\"email\":\"\",\"enable\":1,\"extension\":\"fffff\",\"hireDate\":\"2020-03-16 17:38:54\",\"id\":\"6c6c30b1-6c2f-4b53-a0c1-e5130b526a0e\",\"mobile\":\"13111111111\",\"normalName\":\"dpf\",\"photo\":\"\",\"post\":\"post-office-1\",\"rank\":\"\",\"sex\":\"男\",\"title\":\"\",\"updateTime\":\"2020-03-16 17:38:54\",\"username\":\"pdf\"},{\"createTime\":\"2020-03-16 17:35:34\",\"deptName\":\"神经门诊1组-专家组\",\"dpId\":\"009b068a-499f-4ec8-945f-63147d306174\",\"email\":\"\",\"enable\":0,\"extension\":\"ff111\",\"hireDate\":\"2020-03-16 17:35:34\",\"id\":\"d6d99f2a-2895-4e8f-8755-1960ef77e5e7\",\"mobile\":\"13666666666\",\"normalName\":\"exe1\",\"photo\":\"\",\"post\":\"post-office-1\",\"rank\":\"\",\"sex\":\"男\",\"title\":\"\",\"updateTime\":\"2020-03-16 17:35:34\",\"username\":\"exe\"},{\"createTime\":\"2020-03-05 19:40:38\",\"deptName\":\"神经门诊1组-专家组\",\"dpId\":\"009b068a-499f-4ec8-945f-63147d306174\",\"email\":\"\",\"enable\":1,\"extension\":\"\",\"id\":\"1f4bfa6c-9c88-4481-9df9-56044a2f7d63\",\"mobile\":\"13804462189\",\"normalName\":\"zoe2\",\"photo\":\"\",\"post\":\"post-office-1\",\"rank\":\"\",\"sex\":\"男\",\"title\":\"\",\"updateTime\":\"2020-03-05 19:40:38\",\"username\":\"zoe2\"},{\"createTime\":\"2020-03-05 19:11:31\",\"deptName\":\"303分院\",\"dpId\":\"3\",\"email\":\"\",\"enable\":1,\"extension\":\"\",\"id\":\"3a355bda-81f5-4824-9dac-513590cfb271\",\"mobile\":\"13811111111\",\"normalName\":\"ffff\",\"photo\":\"\",\"post\":\"post-office-1\",\"rank\":\"\",\"sex\":\"男\",\"title\":\"\",\"updateTime\":\"2020-03-05 19:11:31\",\"username\":\"1122\"},{\"createTime\":\"2019-11-29 12:58:38\",\"deptName\":\"内科\",\"dpId\":\"10002\",\"email\":\"\",\"enable\":0,\"extension\":\"\",\"id\":\"2f637a13-820e-462b-9556-40a6e0e12dbc\",\"mobile\":\"13333333333\",\"normalName\":\"ef22\",\"photo\":\"\",\"post\":\"post-office-1\",\"rank\":\"\",\"sex\":\"女\",\"title\":\"\",\"updateTime\":\"2019-11-29 12:58:38\",\"username\":\"ffffeeek\"},{\"createTime\":\"2019-11-29 10:09:12\",\"deptName\":\"解放军医院组织机构\",\"dpId\":\"0\",\"email\":\"\",\"enable\":1,\"extension\":\"fff\",\"id\":\"c556b388-354e-42ca-9c92-34ff9a149c50\",\"mobile\":\"13333333333\",\"normalName\":\"ffff\",\"photo\":\"\",\"post\":\"post-office-1\",\"rank\":\"\",\"sex\":\"男\",\"title\":\"\",\"updateTime\":\"2019-11-29 10:09:12\",\"username\":\"ffff2\"},{\"createTime\":\"2019-11-28 15:58:58\",\"deptName\":\"304分院\",\"dpId\":\"4\",\"email\":\"\",\"enable\":1,\"extension\":\"\",\"id\":\"7edd783a-0e24-4267-98f8-1c05cd047599\",\"mobile\":\"12222222222\",\"normalName\":\"ffff\",\"photo\":\"\",\"post\":\"post-office-1\",\"rank\":\"\",\"sex\":\"男\",\"title\":\"\",\"updateTime\":\"2019-11-28 15:58:58\",\"username\":\"ffff\"},{\"createTime\":\"2019-11-28 10:00:13\",\"deptName\":\"解放军医院组织机构\",\"dpId\":\"0\",\"email\":\"\",\"enable\":1,\"extension\":\"11111111111111111111111111111111111111111111111111111111111111111111111111111111111111111111111111111111111111111111111111111111111111111111111111111111111111111111111111111111111111111111111111111111111111111111111111111111111111111111111111111111111111111111111111111111111111111111111111111111111111111111111111111111111111111111111111111111111111111111111111111111111111111111111111111111111111111111111111111111111111111111111111111111111111111111111111111111111111111111111111111111111111111111\",\"id\":\"e5f9ac6b-9b7c-4de9-ad6a-f40df25559bc\",\"mobile\":\"12333333333\",\"normalName\":\"fff\",\"photo\":\"\",\"post\":\"post-office-1\",\"rank\":\"\",\"sex\":\"男\",\"title\":\"\",\"updateTime\":\"2019-11-28 10:00:13\",\"username\":\"fff\"},{\"createTime\":\"2019-11-27 18:32:32\",\"deptName\":\"解放军医院组织机构\",\"dpId\":\"0\",\"email\":\"\",\"enable\":1,\"extension\":\"\",\"id\":\"9f56e244-7199-406e-80a5-190f23022277\",\"mobile\":\"12222222222\",\"normalName\":\"x\",\"photo\":\"20191127/1/timg (4).jpeg\",\"post\":\"post-office-1\",\"rank\":\"\",\"sex\":\"男\",\"title\":\"\",\"updateTime\":\"2019-11-27 18:32:32\",\"username\":\"x\"},{\"createTime\":\"2019-11-27 18:04:55\",\"deptName\":\"解放军医院组织机构\",\"dpId\":\"0\",\"email\":\"\",\"enable\":0,\"extension\":\"\",\"id\":\"3b55cb42-7c09-4c17-a275-fb175d7496a0\",\"mobile\":\"12222222222\",\"normalName\":\"ff\",\"photo\":\"20191127/1/timg (4).jpeg\",\"post\":\"post-office-1\",\"rank\":\"\",\"sex\":\"男\",\"title\":\"\",\"updateTime\":\"2019-11-27 18:04:55\",\"username\":\"ff\"}],\"searchCount\":true,\"size\":10,\"total\":68},null,null,null,null]', null, '0');
INSERT INTO `sys_operation_param` VALUES ('73c0c9b9-f457-4ba1-93b5-4d7ea15212c5', '5b9c44be-ad5d-47f3-a4a5-3921f2bdad0b', '[]', null, '0');
INSERT INTO `sys_operation_param` VALUES ('73e06cbc-df5f-42e8-a1ae-0f44cb084b71', '7bbf8b90-c557-41f2-83e9-377d6b9f750c', '[{}]', null, '0');
INSERT INTO `sys_operation_param` VALUES ('747cfb57-9a9a-498a-9b1b-1d1c1e6fa145', '2058cb97-c45a-44f2-b018-207fcbc0cd5c', '[\"department-flag-type\"]', null, '0');
INSERT INTO `sys_operation_param` VALUES ('78756055-3d94-4c60-b0d5-0fc74c89b929', 'd7fd68d4-fe94-44b5-9aab-1963b40c371c', '[\"post-type\"]', null, '0');
INSERT INTO `sys_operation_param` VALUES ('79cced8b-c799-4808-8cfe-fd7208be5e00', 'cb39046f-de38-4c1a-9305-3e56d126928c', '[{\"current\":1,\"orders\":[{\"asc\":false,\"column\":\"create_time\"}],\"pages\":2,\"parameter\":{},\"records\":[{\"createBy\":\"1\",\"createTime\":\"2020-03-05 18:29:20\",\"enable\":1,\"id\":\"425e873a-6743-437e-87d3-761dd62829f1\",\"keywords\":\"post-office-1\",\"name\":\"post-office-1\",\"updateBy\":\"1\",\"updateTime\":\"2020-03-05 18:29:20\"},{\"createBy\":\"1\",\"createTime\":\"2020-03-05 18:28:52\",\"enable\":1,\"id\":\"12a6bd51-f172-4eae-b291-42dcb110f98a\",\"keywords\":\"post-office-1\",\"name\":\"post-office-1\",\"updateBy\":\"1\",\"updateTime\":\"2020-03-05 18:28:53\"},{\"createBy\":\"1\",\"createTime\":\"2020-03-05 18:28:11\",\"enable\":1,\"id\":\"64e54f26-62d1-44fd-aadc-b6041cbba770\",\"keywords\":\"post-office-1\",\"name\":\"post-office-1\",\"updateBy\":\"1\",\"updateTime\":\"2020-03-05 18:28:11\"},{\"createBy\":\"1\",\"createTime\":\"2020-02-04 13:16:48\",\"enable\":1,\"id\":\"ca9a5299-4f2c-44cc-a6d9-969f4fee4f6e\",\"keywords\":\"post-office-1\",\"name\":\"post-office-1\",\"updateBy\":\"1\",\"updateTime\":\"2020-02-04 13:16:48\"},{\"createBy\":\"1\",\"createTime\":\"2019-12-19 15:08:01\",\"enable\":1,\"id\":\"1207558183065939969\",\"name\":\"你好好99\",\"updateBy\":\"1\",\"updateTime\":\"2019-12-19 16:40:09\"},{\"createBy\":\"1\",\"createTime\":\"2019-12-19 15:06:15\",\"enable\":1,\"id\":\"1207557737349836802\",\"name\":\"adsfdsffffff\",\"updateBy\":\"1\",\"updateTime\":\"2019-12-19 15:06:15\"},{\"createBy\":\"\",\"createTime\":\"2019-12-19 13:23:59\",\"enable\":0,\"id\":\"1\",\"keywords\":\"adf\",\"name\":\"abc\",\"updateBy\":\"\",\"updateTime\":\"2019-12-19 13:23:59\"},{\"createBy\":\"\",\"createTime\":\"2019-12-19 13:23:59\",\"enable\":0,\"id\":\"2\",\"keywords\":\"是打发点a\",\"name\":\"哈哈哈a44\",\"updateBy\":\"1\",\"updateTime\":\"2019-12-19 16:40:21\"},{\"createBy\":\"\",\"createTime\":\"2019-12-19 13:23:59\",\"enable\":0,\"id\":\"3\",\"keywords\":\"1\",\"name\":\"飞机\",\"updateBy\":\"\",\"updateTime\":\"2019-12-19 13:23:59\"},{\"createBy\":\"\",\"createTime\":\"2019-12-19 13:23:59\",\"enable\":0,\"id\":\"4\",\"keywords\":\"fff\",\"name\":\"aaa\",\"updateBy\":\"\",\"updateTime\":\"2019-12-19 13:23:59\"}],\"searchCount\":true,\"size\":10,\"total\":11},{\"$ref\":\"$.null.parameter\"}]', null, '0');
INSERT INTO `sys_operation_param` VALUES ('7a0401c9-52f9-40b5-ad01-3db417fd075d', '694c60da-acc7-4511-83e3-d3e658518578', '[]', null, '-1');
INSERT INTO `sys_operation_param` VALUES ('7ba0fadf-955c-4a0a-9166-11e0cb0d8efc', 'ce77a33e-e2c7-4406-a765-372e2c7a24e9', '[{}]', null, '0');
INSERT INTO `sys_operation_param` VALUES ('7cf290d2-b885-4299-90c0-b5ca6f2eafc3', '2fde2788-c999-4969-a2c1-10a7bee00af0', '[]', null, '0');
INSERT INTO `sys_operation_param` VALUES ('7f4487e2-a89b-4307-9370-d61d46361808', 'e678d80d-1459-4951-89d4-3e1cf33bfa8f', '[]', null, '0');
INSERT INTO `sys_operation_param` VALUES ('7f590b42-bfae-4a75-8793-3ac9f61d1109', '72ee5a5e-84ff-4ef7-b2a6-a74fc4cefa01', '[\"post-type\"]', null, '0');
INSERT INTO `sys_operation_param` VALUES ('822bbd9b-c7fc-454d-a6ed-66496475ff68', 'e5f1e49f-d139-4b6a-a21a-1506293c8f29', '[\"post-type\"]', null, '0');
INSERT INTO `sys_operation_param` VALUES ('82ae7bab-6103-4cde-be02-e7fb7c775a1c', 'b2809d61-8ac6-49bf-a3ac-366edb211d7f', '[\"post-type\"]', null, '0');
INSERT INTO `sys_operation_param` VALUES ('832f76e6-5071-4d98-8cee-db58f91a9287', 'cc448912-6e06-4084-baa6-2e4f901b77b5', '[]', null, '0');
INSERT INTO `sys_operation_param` VALUES ('8424203e-68b2-4d63-8439-12b3e64e92ef', 'f28a3a0d-d29f-449d-941f-8056259b5286', '[\"post-type\"]', null, '0');
INSERT INTO `sys_operation_param` VALUES ('8436a21c-b595-40f8-ae34-27517743a0a0', '4a2308f4-ac09-46bb-a0b4-15d4ce1fae34', '[]', null, '0');
INSERT INTO `sys_operation_param` VALUES ('848412f2-a30e-4510-b208-f3466ff43605', '0c1bbba9-3231-468a-a314-86602a39970f', '[\"department-flag-type\"]', null, '0');
INSERT INTO `sys_operation_param` VALUES ('85278596-6a32-4499-87fa-05903a22af2d', '39a0d8f3-570b-4b06-8cf7-16ba7a44f91a', '[\"department-flag-type\"]', null, '0');
INSERT INTO `sys_operation_param` VALUES ('86a9e826-7fa2-4e41-bbe8-a09b29b36acb', 'b6b2aaf1-28b4-4015-aecb-8134a068c174', '[{\"current\":1,\"orders\":[{\"asc\":false,\"column\":\"create_time\"}],\"pages\":1,\"parameter\":{},\"records\":[{\"author\":\"Gavin\",\"createBy\":\"1\",\"createTime\":\"2020-03-16 17:00:31\",\"description\":\"系统用户\",\"entityName\":\"SysUser\",\"id\":\"7a4625c3-7ebd-42c7-8de0-316140c9e393\",\"moduleDisplayName\":\"系统用户\",\"moduleName\":\"SysUser\",\"packagePath\":\"com.rexen.rest\",\"tableName\":\"sys_user\",\"tableRemark\":\"系统用户\",\"templateType\":\"sigle\",\"updateBy\":\"1\",\"updateTime\":\"2020-03-16 17:00:31\"},{\"author\":\"Gavin\",\"createBy\":\"1\",\"createTime\":\"2020-03-10 10:06:56\",\"description\":\"配置管理\",\"entityName\":\"SysConfig\",\"id\":\"0be68d6b-7981-4454-8d41-a36487479473\",\"moduleDisplayName\":\"配置管理\",\"moduleName\":\"sysConfig\",\"packagePath\":\"com.rexen.rest\",\"tableName\":\"sys_config\",\"tableRemark\":\"配置管理\",\"templateType\":\"sigle\",\"updateBy\":\"1\",\"updateTime\":\"2020-03-10 10:08:23\"},{\"author\":\"Gavin\",\"createBy\":\"1\",\"createTime\":\"2020-03-10 10:06:56\",\"description\":\"\",\"entityName\":\"SysAnnouncement\",\"id\":\"718ca332-c2c0-4094-aa04-22f58f17b49c\",\"moduleDisplayName\":\"\",\"moduleName\":\"SysAnnouncement\",\"packagePath\":\"com.rexen.rest\",\"tableName\":\"sys_announcement\",\"tableRemark\":\"\",\"templateType\":\"sigle\",\"updateBy\":\"1\",\"updateTime\":\"2020-03-10 10:06:56\"}],\"searchCount\":true,\"size\":10,\"total\":3},{\"$ref\":\"$.null.parameter\"}]', null, '0');
INSERT INTO `sys_operation_param` VALUES ('87a205e7-f984-4e08-9131-e50406fdc628', 'e46b3eac-2bed-4389-a1d2-5553cbc96d7c', '[\"d6d99f2a-2895-4e8f-8755-1960ef77e5e7\",{\"value\":0}]', null, '0');
INSERT INTO `sys_operation_param` VALUES ('8a3a7062-e542-4516-ada5-70f59985746d', '2023b36a-522c-4f90-8716-979f7effdcd7', '[]', null, '0');
INSERT INTO `sys_operation_param` VALUES ('8bc54e48-ad52-40c4-813a-56918ea4886e', '3066a637-f756-4187-9175-350fe4cfe43c', '[\"d6d99f2a-2895-4e8f-8755-1960ef77e5e7\"]', null, '0');
INSERT INTO `sys_operation_param` VALUES ('8d1f3b9a-60c0-4edc-a4fe-4c84df069976', 'c049203b-7ca1-48f6-bf17-dc3c68e647d3', '[{\"current\":1,\"orders\":[{\"asc\":false,\"column\":\"create_time\"}],\"pages\":0,\"parameter\":{},\"records\":[],\"searchCount\":true,\"size\":10,\"total\":0},{\"$ref\":\"$.null.parameter\"}]', null, '0');
INSERT INTO `sys_operation_param` VALUES ('8e2b94bb-afe5-483a-ad52-23df8552c630', 'c437747b-f3d2-409f-a708-c1df8aec1d71', '[\"file-server\"]', null, '0');
INSERT INTO `sys_operation_param` VALUES ('8e57c9eb-69ef-4048-a72c-940ac889e0af', '183e528e-ef62-4c85-838b-3049244cca26', '[{\"current\":1,\"orders\":[{\"asc\":false,\"column\":\"create_time\"}],\"pages\":7,\"records\":[{\"createTime\":\"2020-03-16 17:35:34\",\"deptName\":\"神经门诊1组-专家组\",\"dpId\":\"009b068a-499f-4ec8-945f-63147d306174\",\"email\":\"\",\"enable\":1,\"extension\":\"ff\",\"hireDate\":\"2020-03-16 17:35:34\",\"id\":\"d6d99f2a-2895-4e8f-8755-1960ef77e5e7\",\"mobile\":\"13666666666\",\"normalName\":\"exe\",\"photo\":\"\",\"post\":\"post-office-1\",\"rank\":\"\",\"sex\":\"男\",\"title\":\"\",\"updateTime\":\"2020-03-16 17:35:34\",\"username\":\"exe\"},{\"createTime\":\"2020-03-05 19:40:38\",\"deptName\":\"神经门诊1组-专家组\",\"dpId\":\"009b068a-499f-4ec8-945f-63147d306174\",\"email\":\"\",\"enable\":1,\"extension\":\"\",\"id\":\"1f4bfa6c-9c88-4481-9df9-56044a2f7d63\",\"mobile\":\"13804462189\",\"normalName\":\"zoe2\",\"photo\":\"\",\"post\":\"post-office-1\",\"rank\":\"\",\"sex\":\"男\",\"title\":\"\",\"updateTime\":\"2020-03-05 19:40:38\",\"username\":\"zoe2\"},{\"createTime\":\"2020-03-05 19:11:31\",\"deptName\":\"303分院\",\"dpId\":\"3\",\"email\":\"\",\"enable\":1,\"extension\":\"\",\"id\":\"3a355bda-81f5-4824-9dac-513590cfb271\",\"mobile\":\"13811111111\",\"normalName\":\"ffff\",\"photo\":\"\",\"post\":\"post-office-1\",\"rank\":\"\",\"sex\":\"男\",\"title\":\"\",\"updateTime\":\"2020-03-05 19:11:31\",\"username\":\"1122\"},{\"createTime\":\"2019-11-29 12:58:38\",\"deptName\":\"内科\",\"dpId\":\"10002\",\"email\":\"\",\"enable\":0,\"extension\":\"\",\"id\":\"2f637a13-820e-462b-9556-40a6e0e12dbc\",\"mobile\":\"13333333333\",\"normalName\":\"ef22\",\"photo\":\"\",\"post\":\"post-office-1\",\"rank\":\"\",\"sex\":\"女\",\"title\":\"\",\"updateTime\":\"2019-11-29 12:58:38\",\"username\":\"ffffeeek\"},{\"createTime\":\"2019-11-29 10:09:12\",\"deptName\":\"解放军医院组织机构\",\"dpId\":\"0\",\"email\":\"\",\"enable\":1,\"extension\":\"fff\",\"id\":\"c556b388-354e-42ca-9c92-34ff9a149c50\",\"mobile\":\"13333333333\",\"normalName\":\"ffff\",\"photo\":\"\",\"post\":\"post-office-1\",\"rank\":\"\",\"sex\":\"男\",\"title\":\"\",\"updateTime\":\"2019-11-29 10:09:12\",\"username\":\"ffff2\"},{\"createTime\":\"2019-11-28 15:58:58\",\"deptName\":\"304分院\",\"dpId\":\"4\",\"email\":\"\",\"enable\":1,\"extension\":\"\",\"id\":\"7edd783a-0e24-4267-98f8-1c05cd047599\",\"mobile\":\"12222222222\",\"normalName\":\"ffff\",\"photo\":\"\",\"post\":\"post-office-1\",\"rank\":\"\",\"sex\":\"男\",\"title\":\"\",\"updateTime\":\"2019-11-28 15:58:58\",\"username\":\"ffff\"},{\"createTime\":\"2019-11-28 10:00:13\",\"deptName\":\"解放军医院组织机构\",\"dpId\":\"0\",\"email\":\"\",\"enable\":1,\"extension\":\"11111111111111111111111111111111111111111111111111111111111111111111111111111111111111111111111111111111111111111111111111111111111111111111111111111111111111111111111111111111111111111111111111111111111111111111111111111111111111111111111111111111111111111111111111111111111111111111111111111111111111111111111111111111111111111111111111111111111111111111111111111111111111111111111111111111111111111111111111111111111111111111111111111111111111111111111111111111111111111111111111111111111111111111\",\"id\":\"e5f9ac6b-9b7c-4de9-ad6a-f40df25559bc\",\"mobile\":\"12333333333\",\"normalName\":\"fff\",\"photo\":\"\",\"post\":\"post-office-1\",\"rank\":\"\",\"sex\":\"男\",\"title\":\"\",\"updateTime\":\"2019-11-28 10:00:13\",\"username\":\"fff\"},{\"createTime\":\"2019-11-27 18:32:32\",\"deptName\":\"解放军医院组织机构\",\"dpId\":\"0\",\"email\":\"\",\"enable\":1,\"extension\":\"\",\"id\":\"9f56e244-7199-406e-80a5-190f23022277\",\"mobile\":\"12222222222\",\"normalName\":\"x\",\"photo\":\"20191127/1/timg (4).jpeg\",\"post\":\"post-office-1\",\"rank\":\"\",\"sex\":\"男\",\"title\":\"\",\"updateTime\":\"2019-11-27 18:32:32\",\"username\":\"x\"},{\"createTime\":\"2019-11-27 18:04:55\",\"deptName\":\"解放军医院组织机构\",\"dpId\":\"0\",\"email\":\"\",\"enable\":0,\"extension\":\"\",\"id\":\"3b55cb42-7c09-4c17-a275-fb175d7496a0\",\"mobile\":\"12222222222\",\"normalName\":\"ff\",\"photo\":\"20191127/1/timg (4).jpeg\",\"post\":\"post-office-1\",\"rank\":\"\",\"sex\":\"男\",\"title\":\"\",\"updateTime\":\"2019-11-27 18:04:55\",\"username\":\"ff\"},{\"createTime\":\"2019-11-27 17:58:48\",\"deptName\":\"解放军医院组织机构\",\"dpId\":\"0\",\"email\":\"\",\"enable\":1,\"extension\":\"fff\",\"id\":\"57c529f4-79a3-4443-a85e-aface4b535c3\",\"mobile\":\"12222222222\",\"normalName\":\"gg\",\"photo\":\"20191127/1/timg (4).jpeg\",\"post\":\"post-office-1\",\"rank\":\"\",\"sex\":\"男\",\"title\":\"\",\"updateTime\":\"2019-11-27 17:58:48\",\"username\":\"gg\"}],\"searchCount\":true,\"size\":10,\"total\":67},null,null,null,null]', null, '0');
INSERT INTO `sys_operation_param` VALUES ('8ed76b4e-49a8-44c4-8d83-fb78053bd997', 'd92118ce-2555-4b38-8061-2d1279c6f10f', '[]', null, '-1');
INSERT INTO `sys_operation_param` VALUES ('8fcc92e2-e157-40ac-ab0f-cae11a912d8c', '5602e04c-ca12-45d7-ab06-8638477a29fe', '[\"1\"]', null, '0');
INSERT INTO `sys_operation_param` VALUES ('92955eb7-02a5-4445-8b11-d4c2f6557e07', 'd7822dcd-d177-487f-9c07-1c39f0f4ef40', '[{\"current\":1,\"orders\":[],\"pages\":1,\"records\":[{\"createTime\":\"2019-11-29 10:09:47\",\"enable\":1,\"extension\":\"\",\"id\":\"059c1fed-0e4e-4085-9674-b3edfdf3b9ed\",\"remark\":\"fefe\",\"roleCode\":\"efef\",\"roleName\":\"efef\",\"sysId\":\"\",\"updateTime\":\"2019-11-29 10:09:47\"},{\"createTime\":\"2019-11-01 14:02:33\",\"enable\":1,\"extension\":\"\",\"id\":\"1\",\"remark\":\"\",\"roleCode\":\"1\",\"roleName\":\"角色123456\",\"sysId\":\"\",\"updateTime\":\"2019-11-19 18:23:23\"},{\"createTime\":\"2019-11-28 09:59:15\",\"enable\":1,\"extension\":\"\",\"id\":\"1fd7ed00-108a-4cde-bd0d-ce58e994cae8\",\"remark\":\"11111111111111111111111111111111111111111111111111111111111111111111111111111111111111111111111111111111111111111111111111111111111111111111111111111111111111111111111111111111111111111111111111111111111111111111111111111111111111111111111111111111111111111111111111111111111111111111111111111111111111111111111111111111111111111111111111111111111111111111111111111111111111111111111111111111111111111111111111111111111111111111111111111111111111111111111111111111111111111111111111111111111111111111\",\"roleCode\":\"ff\",\"roleName\":\"fff\",\"sysId\":\"\",\"updateTime\":\"2019-11-28 09:59:15\"},{\"createTime\":\"2019-11-01 14:02:33\",\"enable\":0,\"extension\":\"\",\"id\":\"2\",\"remark\":\"11\",\"roleCode\":\"admin\",\"roleName\":\"角色2\",\"sysId\":\"\",\"updateTime\":\"2019-11-01 14:02:33\"},{\"createTime\":\"2019-11-01 14:02:33\",\"enable\":1,\"extension\":\"\",\"id\":\"3\",\"remark\":\"3\",\"roleCode\":\"\",\"roleName\":\"3\",\"sysId\":\"\",\"updateTime\":\"2019-11-01 14:02:33\"},{\"createTime\":\"2019-11-01 14:02:33\",\"enable\":1,\"extension\":\"\",\"id\":\"333\",\"roleCode\":\"\",\"roleName\":\"aaaa\",\"sysId\":\"\",\"updateTime\":\"2019-11-01 14:02:33\"},{\"createTime\":\"2019-11-25 15:57:48\",\"enable\":1,\"extension\":\"\",\"id\":\"3dcf7daf-451f-4e94-b776-9ba083126436\",\"remark\":\"\",\"roleCode\":\"admin\",\"roleName\":\"角色8\",\"sysId\":\"\",\"updateTime\":\"2019-11-25 15:57:48\"},{\"createTime\":\"2019-11-01 14:02:33\",\"enable\":1,\"extension\":\"\",\"id\":\"4\",\"remark\":\"4\",\"roleCode\":\"\",\"roleName\":\"4\",\"sysId\":\"\",\"updateTime\":\"2019-11-01 14:02:33\"},{\"createTime\":\"2019-11-14 18:22:53\",\"enable\":1,\"extension\":\"\",\"id\":\"4cbff9bc-2ae8-4c39-9aba-1ec1ba9b24c2\",\"remark\":\"string\",\"roleCode\":\"admin\",\"roleName\":\"string\",\"sysId\":\"\",\"updateTime\":\"2019-11-15 11:16:37\"},{\"createTime\":\"2019-11-01 14:02:33\",\"enable\":1,\"extension\":\"\",\"id\":\"5\",\"remark\":\"5\",\"roleCode\":\"\",\"roleName\":\"5\",\"sysId\":\"\",\"updateTime\":\"2019-11-01 14:02:33\"},{\"createTime\":\"2019-11-22 13:34:21\",\"enable\":1,\"extension\":\"\",\"id\":\"543ebce3-e35b-4796-be51-f6cba44b7e79\",\"remark\":\"注意，我是备注\",\"roleCode\":\"00001我可是是汉字吗\",\"roleName\":\"00001测试的第一个\",\"sysId\":\"\",\"updateTime\":\"2019-11-22 13:34:21\"},{\"createTime\":\"2019-11-01 14:02:33\",\"enable\":1,\"extension\":\"\",\"id\":\"6\",\"remark\":\"6\",\"roleCode\":\"\",\"roleName\":\"6\",\"sysId\":\"\",\"updateTime\":\"2019-11-01 14:02:33\"},{\"createTime\":\"2019-11-29 12:59:20\",\"enable\":0,\"extension\":\"\",\"id\":\"6681fe17-1822-4211-8fe8-c807f29d5846\",\"remark\":\"\",\"roleCode\":\"admin\",\"roleName\":\"fefe3\",\"sysId\":\"\",\"updateTime\":\"2019-11-29 12:59:20\"},{\"createTime\":\"2019-11-01 14:02:33\",\"enable\":1,\"extension\":\"\",\"id\":\"7\",\"remark\":\"7\",\"roleCode\":\"\",\"roleName\":\"7\",\"sysId\":\"\",\"updateTime\":\"2019-11-01 14:02:33\"},{\"createTime\":\"2019-11-29 10:09:34\",\"enable\":1,\"extension\":\"\",\"id\":\"71531428-7554-4f9d-8199-3a3b68e7d0f5\",\"remark\":\"ff\",\"roleCode\":\"ff\",\"roleName\":\"ffff2\",\"sysId\":\"\",\"updateTime\":\"2019-11-29 10:09:34\"},{\"createTime\":\"2019-11-18 09:00:25\",\"enable\":0,\"extension\":\"\",\"id\":\"7fdbc0ea-cf71-47fe-a3fe-083634084c18\",\"remark\":\"\",\"roleCode\":\"234\",\"roleName\":\"234\",\"sysId\":\"\",\"updateTime\":\"2019-11-18 09:00:25\"},{\"createTime\":\"2020-03-05 19:41:05\",\"enable\":1,\"extension\":\"\",\"id\":\"8e6d2ec5-0539-4583-92b4-2f6abf67b710\",\"remark\":\"\",\"roleCode\":\"z22\",\"roleName\":\"z22\",\"sysId\":\"\",\"updateTime\":\"2020-03-05 19:41:05\"},{\"createTime\":\"2019-11-21 13:56:15\",\"enable\":1,\"extension\":\"\",\"id\":\"90376afd-a995-4e93-85b1-d973e496acc0\",\"remark\":\"\",\"roleCode\":\"ddd\",\"roleName\":\"ddd\",\"sysId\":\"\",\"updateTime\":\"2019-11-21 13:56:15\"},{\"createTime\":\"2019-11-14 18:23:16\",\"enable\":1,\"extension\":\"a495e5ae-a238-4928-93c2-ac8ee145cf06\",\"id\":\"a495e5ae-a238-4928-93c2-ac8ee145cf06\",\"remark\":\"角色A2001\",\"roleCode\":\"admin\",\"roleName\":\"abc\",\"sysId\":\"\",\"updateTime\":\"2019-11-15 11:23:01\"},{\"createTime\":\"2019-11-01 14:02:33\",\"enable\":1,\"extension\":\"\",\"id\":\"f19ef746-b4f7-4f12-9bba-2e79625952ee\",\"remark\":\"测试角色\",\"roleCode\":\"admin\",\"roleName\":\"角色ssss\",\"sysId\":\"\",\"updateTime\":\"2019-11-18 19:58:35\"}],\"searchCount\":true,\"size\":500,\"total\":20},null,null]', null, '0');
INSERT INTO `sys_operation_param` VALUES ('92a396ee-619e-4547-ac1d-0a9aae1aab37', '4b684efc-31e5-4526-9b2d-5182a8ec0d01', '[\"1\"]', null, '0');
INSERT INTO `sys_operation_param` VALUES ('92f41760-4d8a-4506-9b55-2bdae531c5c1', '89a03020-d52a-47d7-8c8d-d91cfafe4fb3', '[{\"current\":1,\"orders\":[{\"asc\":false,\"column\":\"create_time\"}],\"pages\":2,\"records\":[{\"createTime\":\"2020-03-05 19:41:05\",\"enable\":1,\"extension\":\"\",\"id\":\"8e6d2ec5-0539-4583-92b4-2f6abf67b710\",\"remark\":\"\",\"roleCode\":\"z22\",\"roleName\":\"z22\",\"sysId\":\"\",\"updateTime\":\"2020-03-05 19:41:05\"},{\"createTime\":\"2019-11-29 12:59:20\",\"enable\":0,\"extension\":\"\",\"id\":\"6681fe17-1822-4211-8fe8-c807f29d5846\",\"remark\":\"\",\"roleCode\":\"admin\",\"roleName\":\"fefe3\",\"sysId\":\"\",\"updateTime\":\"2019-11-29 12:59:20\"},{\"createTime\":\"2019-11-29 10:09:47\",\"enable\":1,\"extension\":\"\",\"id\":\"059c1fed-0e4e-4085-9674-b3edfdf3b9ed\",\"remark\":\"fefe\",\"roleCode\":\"efef\",\"roleName\":\"efef\",\"sysId\":\"\",\"updateTime\":\"2019-11-29 10:09:47\"},{\"createTime\":\"2019-11-29 10:09:34\",\"enable\":1,\"extension\":\"\",\"id\":\"71531428-7554-4f9d-8199-3a3b68e7d0f5\",\"remark\":\"ff\",\"roleCode\":\"ff\",\"roleName\":\"ffff2\",\"sysId\":\"\",\"updateTime\":\"2019-11-29 10:09:34\"},{\"createTime\":\"2019-11-28 09:59:15\",\"enable\":1,\"extension\":\"\",\"id\":\"1fd7ed00-108a-4cde-bd0d-ce58e994cae8\",\"remark\":\"11111111111111111111111111111111111111111111111111111111111111111111111111111111111111111111111111111111111111111111111111111111111111111111111111111111111111111111111111111111111111111111111111111111111111111111111111111111111111111111111111111111111111111111111111111111111111111111111111111111111111111111111111111111111111111111111111111111111111111111111111111111111111111111111111111111111111111111111111111111111111111111111111111111111111111111111111111111111111111111111111111111111111111111\",\"roleCode\":\"ff\",\"roleName\":\"fff\",\"sysId\":\"\",\"updateTime\":\"2019-11-28 09:59:15\"},{\"createTime\":\"2019-11-25 15:57:48\",\"enable\":1,\"extension\":\"\",\"id\":\"3dcf7daf-451f-4e94-b776-9ba083126436\",\"remark\":\"\",\"roleCode\":\"admin\",\"roleName\":\"角色8\",\"sysId\":\"\",\"updateTime\":\"2019-11-25 15:57:48\"},{\"createTime\":\"2019-11-22 13:34:21\",\"enable\":1,\"extension\":\"\",\"id\":\"543ebce3-e35b-4796-be51-f6cba44b7e79\",\"remark\":\"注意，我是备注\",\"roleCode\":\"00001我可是是汉字吗\",\"roleName\":\"00001测试的第一个\",\"sysId\":\"\",\"updateTime\":\"2019-11-22 13:34:21\"},{\"createTime\":\"2019-11-21 13:56:15\",\"enable\":1,\"extension\":\"\",\"id\":\"90376afd-a995-4e93-85b1-d973e496acc0\",\"remark\":\"\",\"roleCode\":\"ddd\",\"roleName\":\"ddd\",\"sysId\":\"\",\"updateTime\":\"2019-11-21 13:56:15\"},{\"createTime\":\"2019-11-18 09:00:25\",\"enable\":0,\"extension\":\"\",\"id\":\"7fdbc0ea-cf71-47fe-a3fe-083634084c18\",\"remark\":\"\",\"roleCode\":\"234\",\"roleName\":\"234\",\"sysId\":\"\",\"updateTime\":\"2019-11-18 09:00:25\"},{\"createTime\":\"2019-11-14 18:23:16\",\"enable\":1,\"extension\":\"a495e5ae-a238-4928-93c2-ac8ee145cf06\",\"id\":\"a495e5ae-a238-4928-93c2-ac8ee145cf06\",\"remark\":\"角色A2001\",\"roleCode\":\"admin\",\"roleName\":\"abc\",\"sysId\":\"\",\"updateTime\":\"2019-11-15 11:23:01\"}],\"searchCount\":true,\"size\":10,\"total\":20},null,null]', null, '0');
INSERT INTO `sys_operation_param` VALUES ('9431d1d5-baa3-40bb-9beb-fdd44f3c4baf', '4534bca9-a347-4742-9d5d-bc49b26c9026', '[{\"current\":1,\"orders\":[{\"asc\":false,\"column\":\"create_time\"}],\"pages\":2,\"parameter\":{},\"records\":[{\"author\":\"Gavin\",\"createBy\":\"1\",\"createTime\":\"2020-03-09 09:29:02\",\"description\":\"角色\",\"entityName\":\"SysRole\",\"id\":\"6b05aff4-b82d-40c7-a543-98935a9d3713\",\"moduleDisplayName\":\"角色\",\"moduleName\":\"SysRole\",\"packagePath\":\"com.rexen.rest\",\"tableName\":\"sys_role\",\"tableRemark\":\"角色\",\"templateType\":\"sigle\",\"updateBy\":\"1\",\"updateTime\":\"2020-03-09 09:29:02\"},{\"author\":\"Gavin\",\"createBy\":\"1\",\"createTime\":\"2020-03-04 14:02:08\",\"description\":\"\",\"entityName\":\"SysConfig\",\"id\":\"5ef9a3a7-8271-455a-8816-70890d4a4188\",\"moduleDisplayName\":\"\",\"moduleName\":\"SysConfig\",\"packagePath\":\"com.rexen.rest\",\"tableName\":\"sys_config\",\"tableRemark\":\"\",\"templateType\":\"sigle\",\"updateBy\":\"1\",\"updateTime\":\"2020-03-04 14:02:08\"},{\"author\":\"Gavin\",\"createBy\":\"1\",\"createTime\":\"2020-03-03 13:27:04\",\"description\":\"\",\"entityName\":\"AdverseEventBasicInfo\",\"id\":\"6c3846fa-4c38-43ae-b365-93d9c3d4ece4\",\"moduleDisplayName\":\"\",\"moduleName\":\"AdverseEventBasicInfo\",\"packagePath\":\"com.rexen.rest\",\"tableName\":\"adverse_event_basic_info\",\"tableRemark\":\"\",\"templateType\":\"sigle\",\"updateBy\":\"1\",\"updateTime\":\"2020-03-03 13:27:04\"},{\"author\":\"Gavin\",\"createBy\":\"1\",\"createTime\":\"2020-03-02 13:46:54\",\"description\":\"\",\"entityName\":\"CustomFormList\",\"id\":\"23ca4072-0f95-48e5-856b-5285870695ec\",\"moduleDisplayName\":\"\",\"moduleName\":\"CustomFormList\",\"packagePath\":\"com.rexen.rest\",\"tableName\":\"custom_form_list\",\"tableRemark\":\"\",\"templateType\":\"sigle\",\"updateBy\":\"1\",\"updateTime\":\"2020-03-02 13:46:54\"},{\"author\":\"Gavin\",\"createBy\":\"1\",\"createTime\":\"2020-03-02 13:46:54\",\"description\":\"\",\"entityName\":\"CustomFormDataVersion\",\"id\":\"de4982de-55c7-40f5-8cda-baa871ca644e\",\"moduleDisplayName\":\"\",\"moduleName\":\"CustomFormDataVersion\",\"packagePath\":\"com.rexen.rest\",\"tableName\":\"custom_form_data_version\",\"tableRemark\":\"\",\"templateType\":\"sigle\",\"updateBy\":\"1\",\"updateTime\":\"2020-03-02 13:46:54\"},{\"author\":\"Gavin\",\"createBy\":\"1\",\"createTime\":\"2020-03-02 13:46:38\",\"description\":\"\",\"entityName\":\"CustomFormData\",\"id\":\"2ec70818-3c5b-430e-99c2-114297e83cd9\",\"moduleDisplayName\":\"\",\"moduleName\":\"CustomFormData\",\"packagePath\":\"com.rexen.rest\",\"tableName\":\"custom_form_data\",\"tableRemark\":\"\",\"templateType\":\"sigle\",\"updateBy\":\"1\",\"updateTime\":\"2020-03-02 13:46:38\"},{\"author\":\"Gavin\",\"createBy\":\"1\",\"createTime\":\"2020-03-02 13:44:53\",\"description\":\"\",\"entityName\":\"AdverseEventType\",\"id\":\"806b55db-e2c1-4e3b-9af1-0490c33fa0c0\",\"moduleDisplayName\":\"\",\"moduleName\":\"AdverseEventType\",\"packagePath\":\"com.rexen.rest\",\"tableName\":\"adverse_event_type\",\"tableRemark\":\"\",\"templateType\":\"sigle\",\"updateBy\":\"1\",\"updateTime\":\"2020-03-02 13:44:53\"},{\"author\":\"Gavin\",\"createBy\":\"1\",\"createTime\":\"2020-02-28 13:51:11\",\"description\":\"\",\"entityName\":\"WorkflowActReDefinition\",\"id\":\"d070f908-5909-4de9-b2a8-48ae47d8b4c2\",\"moduleDisplayName\":\"\",\"moduleName\":\"WorkflowActReDefinition\",\"packagePath\":\"com.rexen.rest\",\"tableName\":\"workflow_act_re_definition\",\"tableRemark\":\"\",\"templateType\":\"sigle\",\"updateBy\":\"1\",\"updateTime\":\"2020-02-28 13:51:11\"},{\"author\":\"Gavin\",\"createBy\":\"1\",\"createTime\":\"2020-02-27 15:03:13\",\"description\":\"\",\"entityName\":\"WorkflowActReActivity\",\"id\":\"07cc7701-8860-4d9a-9296-689ef3967554\",\"moduleDisplayName\":\"\",\"moduleName\":\"WorkflowActReActivity\",\"packagePath\":\"com.rexen.rest\",\"tableName\":\"workflow_act_re_activity\",\"tableRemark\":\"\",\"templateType\":\"sigle\",\"updateBy\":\"1\",\"updateTime\":\"2020-02-28 08:31:22\"},{\"author\":\"Gavin\",\"createBy\":\"1\",\"createTime\":\"2020-02-25 12:39:54\",\"description\":\"用户与角色对应关系\",\"entityName\":\"SysUserRole\",\"id\":\"7b618d0c-228c-4d09-9fd0-9fea753895be\",\"moduleDisplayName\":\"用户与角色对应关系\",\"moduleName\":\"SysUserRole\",\"packagePath\":\"com.rexen.rest\",\"tableName\":\"sys_user_role\",\"tableRemark\":\"用户与角色对应关系\",\"templateType\":\"sigle\",\"updateBy\":\"1\",\"updateTime\":\"2020-03-02 11:20:21\"}],\"searchCount\":true,\"size\":10,\"total\":11},{\"$ref\":\"$.null.parameter\"}]', null, '0');
INSERT INTO `sys_operation_param` VALUES ('98beb15d-809f-4369-9e05-06e3f4c0e16c', '6be071f8-6b44-480c-ae2b-593b1d149c2e', '[]', null, '0');
INSERT INTO `sys_operation_param` VALUES ('9b2203c1-e7c7-41d7-989d-4cdc1dadf32c', '3197faf1-7395-452f-b019-f5482961a19d', '[]', null, '0');
INSERT INTO `sys_operation_param` VALUES ('9bb0fc91-8430-41ae-b651-b5bda3c14e1a', '885191ad-3376-4454-b4c2-40cffb0908c5', '[\"post-type\"]', null, '0');
INSERT INTO `sys_operation_param` VALUES ('9bc2feec-1c00-4736-a136-cbf73a1c83e4', '645cda8b-27ec-4202-a6d3-ac472a3bc3b0', '[]', null, '0');
INSERT INTO `sys_operation_param` VALUES ('9c1d7d30-4015-4471-a926-d5413e1df3a9', 'f87c6b26-be4e-4e3b-8f38-ca9eb9dd010b', '[\"file-server\"]', null, '0');
INSERT INTO `sys_operation_param` VALUES ('9c596745-c1f0-40b8-8afd-d9b2ab8106e1', 'd455eb34-7258-4597-bf45-a7953dba4290', '[{\"current\":1,\"orders\":[{\"asc\":false,\"column\":\"create_time\"}],\"pages\":7,\"records\":[{\"createTime\":\"2020-03-16 17:38:54\",\"deptName\":\"304分院\",\"dpId\":\"4\",\"email\":\"\",\"enable\":1,\"extension\":\"fffff\",\"hireDate\":\"2020-03-16 17:38:54\",\"id\":\"6c6c30b1-6c2f-4b53-a0c1-e5130b526a0e\",\"mobile\":\"13111111111\",\"normalName\":\"dpf\",\"photo\":\"\",\"post\":\"post-office-1\",\"rank\":\"\",\"sex\":\"男\",\"title\":\"\",\"updateTime\":\"2020-03-16 17:38:54\",\"username\":\"pdf\"},{\"createTime\":\"2020-03-16 17:35:34\",\"deptName\":\"神经门诊1组-专家组\",\"dpId\":\"009b068a-499f-4ec8-945f-63147d306174\",\"email\":\"\",\"enable\":0,\"extension\":\"ff111\",\"hireDate\":\"2020-03-16 17:35:34\",\"id\":\"d6d99f2a-2895-4e8f-8755-1960ef77e5e7\",\"mobile\":\"13666666666\",\"normalName\":\"exe1\",\"photo\":\"\",\"post\":\"post-office-1\",\"rank\":\"\",\"sex\":\"男\",\"title\":\"\",\"updateTime\":\"2020-03-16 17:35:34\",\"username\":\"exe\"},{\"createTime\":\"2020-03-05 19:40:38\",\"deptName\":\"神经门诊1组-专家组\",\"dpId\":\"009b068a-499f-4ec8-945f-63147d306174\",\"email\":\"\",\"enable\":1,\"extension\":\"\",\"id\":\"1f4bfa6c-9c88-4481-9df9-56044a2f7d63\",\"mobile\":\"13804462189\",\"normalName\":\"zoe2\",\"photo\":\"\",\"post\":\"post-office-1\",\"rank\":\"\",\"sex\":\"男\",\"title\":\"\",\"updateTime\":\"2020-03-05 19:40:38\",\"username\":\"zoe2\"},{\"createTime\":\"2020-03-05 19:11:31\",\"deptName\":\"303分院\",\"dpId\":\"3\",\"email\":\"\",\"enable\":1,\"extension\":\"\",\"id\":\"3a355bda-81f5-4824-9dac-513590cfb271\",\"mobile\":\"13811111111\",\"normalName\":\"ffff\",\"photo\":\"\",\"post\":\"post-office-1\",\"rank\":\"\",\"sex\":\"男\",\"title\":\"\",\"updateTime\":\"2020-03-05 19:11:31\",\"username\":\"1122\"},{\"createTime\":\"2019-11-29 12:58:38\",\"deptName\":\"内科\",\"dpId\":\"10002\",\"email\":\"\",\"enable\":0,\"extension\":\"\",\"id\":\"2f637a13-820e-462b-9556-40a6e0e12dbc\",\"mobile\":\"13333333333\",\"normalName\":\"ef22\",\"photo\":\"\",\"post\":\"post-office-1\",\"rank\":\"\",\"sex\":\"女\",\"title\":\"\",\"updateTime\":\"2019-11-29 12:58:38\",\"username\":\"ffffeeek\"},{\"createTime\":\"2019-11-29 10:09:12\",\"deptName\":\"解放军医院组织机构\",\"dpId\":\"0\",\"email\":\"\",\"enable\":1,\"extension\":\"fff\",\"id\":\"c556b388-354e-42ca-9c92-34ff9a149c50\",\"mobile\":\"13333333333\",\"normalName\":\"ffff\",\"photo\":\"\",\"post\":\"post-office-1\",\"rank\":\"\",\"sex\":\"男\",\"title\":\"\",\"updateTime\":\"2019-11-29 10:09:12\",\"username\":\"ffff2\"},{\"createTime\":\"2019-11-28 15:58:58\",\"deptName\":\"304分院\",\"dpId\":\"4\",\"email\":\"\",\"enable\":1,\"extension\":\"\",\"id\":\"7edd783a-0e24-4267-98f8-1c05cd047599\",\"mobile\":\"12222222222\",\"normalName\":\"ffff\",\"photo\":\"\",\"post\":\"post-office-1\",\"rank\":\"\",\"sex\":\"男\",\"title\":\"\",\"updateTime\":\"2019-11-28 15:58:58\",\"username\":\"ffff\"},{\"createTime\":\"2019-11-28 10:00:13\",\"deptName\":\"解放军医院组织机构\",\"dpId\":\"0\",\"email\":\"\",\"enable\":1,\"extension\":\"11111111111111111111111111111111111111111111111111111111111111111111111111111111111111111111111111111111111111111111111111111111111111111111111111111111111111111111111111111111111111111111111111111111111111111111111111111111111111111111111111111111111111111111111111111111111111111111111111111111111111111111111111111111111111111111111111111111111111111111111111111111111111111111111111111111111111111111111111111111111111111111111111111111111111111111111111111111111111111111111111111111111111111111\",\"id\":\"e5f9ac6b-9b7c-4de9-ad6a-f40df25559bc\",\"mobile\":\"12333333333\",\"normalName\":\"fff\",\"photo\":\"\",\"post\":\"post-office-1\",\"rank\":\"\",\"sex\":\"男\",\"title\":\"\",\"updateTime\":\"2019-11-28 10:00:13\",\"username\":\"fff\"},{\"createTime\":\"2019-11-27 18:32:32\",\"deptName\":\"解放军医院组织机构\",\"dpId\":\"0\",\"email\":\"\",\"enable\":1,\"extension\":\"\",\"id\":\"9f56e244-7199-406e-80a5-190f23022277\",\"mobile\":\"12222222222\",\"normalName\":\"x\",\"photo\":\"20191127/1/timg (4).jpeg\",\"post\":\"post-office-1\",\"rank\":\"\",\"sex\":\"男\",\"title\":\"\",\"updateTime\":\"2019-11-27 18:32:32\",\"username\":\"x\"},{\"createTime\":\"2019-11-27 18:04:55\",\"deptName\":\"解放军医院组织机构\",\"dpId\":\"0\",\"email\":\"\",\"enable\":0,\"extension\":\"\",\"id\":\"3b55cb42-7c09-4c17-a275-fb175d7496a0\",\"mobile\":\"12222222222\",\"normalName\":\"ff\",\"photo\":\"20191127/1/timg (4).jpeg\",\"post\":\"post-office-1\",\"rank\":\"\",\"sex\":\"男\",\"title\":\"\",\"updateTime\":\"2019-11-27 18:04:55\",\"username\":\"ff\"}],\"searchCount\":true,\"size\":10,\"total\":68},null,null,null,null]', null, '0');
INSERT INTO `sys_operation_param` VALUES ('9d81bd8c-26e5-4db3-8091-d843523802b9', 'ea5a68d8-976d-4ef3-bcfc-8044f900b4e5', '[]', null, '-1');
INSERT INTO `sys_operation_param` VALUES ('9ebe1724-d173-4ac2-85c4-c4bb4f42dd2a', '765f04b3-fce2-4e19-a6ca-d8275dc16955', '[{\"current\":1,\"orders\":[{\"asc\":false,\"column\":\"create_time\"}],\"pages\":2,\"parameter\":{},\"records\":[{\"createBy\":\"1\",\"createTime\":\"2020-03-05 18:29:20\",\"enable\":1,\"id\":\"425e873a-6743-437e-87d3-761dd62829f1\",\"keywords\":\"post-office-1\",\"name\":\"post-office-1\",\"updateBy\":\"1\",\"updateTime\":\"2020-03-05 18:29:20\"},{\"createBy\":\"1\",\"createTime\":\"2020-03-05 18:28:52\",\"enable\":1,\"id\":\"12a6bd51-f172-4eae-b291-42dcb110f98a\",\"keywords\":\"post-office-1\",\"name\":\"post-office-1\",\"updateBy\":\"1\",\"updateTime\":\"2020-03-05 18:28:53\"},{\"createBy\":\"1\",\"createTime\":\"2020-03-05 18:28:11\",\"enable\":1,\"id\":\"64e54f26-62d1-44fd-aadc-b6041cbba770\",\"keywords\":\"post-office-1\",\"name\":\"post-office-1\",\"updateBy\":\"1\",\"updateTime\":\"2020-03-05 18:28:11\"},{\"createBy\":\"1\",\"createTime\":\"2020-02-04 13:16:48\",\"enable\":1,\"id\":\"ca9a5299-4f2c-44cc-a6d9-969f4fee4f6e\",\"keywords\":\"post-office-1\",\"name\":\"post-office-1\",\"updateBy\":\"1\",\"updateTime\":\"2020-02-04 13:16:48\"},{\"createBy\":\"1\",\"createTime\":\"2019-12-19 15:08:01\",\"enable\":1,\"id\":\"1207558183065939969\",\"name\":\"你好好99\",\"updateBy\":\"1\",\"updateTime\":\"2019-12-19 16:40:09\"},{\"createBy\":\"1\",\"createTime\":\"2019-12-19 15:06:15\",\"enable\":1,\"id\":\"1207557737349836802\",\"name\":\"adsfdsffffff\",\"updateBy\":\"1\",\"updateTime\":\"2019-12-19 15:06:15\"},{\"createBy\":\"\",\"createTime\":\"2019-12-19 13:23:59\",\"enable\":0,\"id\":\"1\",\"keywords\":\"adf\",\"name\":\"abc\",\"updateBy\":\"\",\"updateTime\":\"2019-12-19 13:23:59\"},{\"createBy\":\"\",\"createTime\":\"2019-12-19 13:23:59\",\"enable\":0,\"id\":\"2\",\"keywords\":\"是打发点a\",\"name\":\"哈哈哈a44\",\"updateBy\":\"1\",\"updateTime\":\"2019-12-19 16:40:21\"},{\"createBy\":\"\",\"createTime\":\"2019-12-19 13:23:59\",\"enable\":0,\"id\":\"3\",\"keywords\":\"1\",\"name\":\"飞机\",\"updateBy\":\"\",\"updateTime\":\"2019-12-19 13:23:59\"},{\"createBy\":\"\",\"createTime\":\"2019-12-19 13:23:59\",\"enable\":0,\"id\":\"4\",\"keywords\":\"fff\",\"name\":\"aaa\",\"updateBy\":\"\",\"updateTime\":\"2019-12-19 13:23:59\"}],\"searchCount\":true,\"size\":10,\"total\":11},{\"$ref\":\"$.null.parameter\"}]', null, '0');
INSERT INTO `sys_operation_param` VALUES ('9f19ae86-0126-4409-b47e-daa4454b11b7', 'c2150006-a61e-42f7-8036-61f0e1f493ec', '[{\"current\":1,\"orders\":[{\"asc\":false,\"column\":\"create_time\"}],\"pages\":0,\"parameter\":{},\"records\":[],\"searchCount\":true,\"size\":10,\"total\":0},{\"$ref\":\"$.null.parameter\"}]', null, '0');
INSERT INTO `sys_operation_param` VALUES ('9f1c8479-9ec4-4b1e-9143-9c7728e85eb7', '77358d9f-5665-4384-9fb3-93217096b2bb', '[\"post-type\"]', null, '0');
INSERT INTO `sys_operation_param` VALUES ('9f5d7ca8-6bdb-46fb-aa57-26d84c6ec0a2', '37506898-892c-4191-bcaf-060ce19f311b', '[]', null, '0');
INSERT INTO `sys_operation_param` VALUES ('9f9a3939-9c6f-45a9-9b4b-b33a477b51b2', 'e8e5f1cf-27c1-4e35-b04c-fd8539bc9843', '[{\"current\":1,\"orders\":[{\"asc\":false,\"column\":\"create_time\"}],\"pages\":1,\"parameter\":{},\"records\":[{\"author\":\"Gavin\",\"createBy\":\"1\",\"createTime\":\"2020-03-10 10:06:56\",\"description\":\"\",\"entityName\":\"SysConfig\",\"id\":\"0be68d6b-7981-4454-8d41-a36487479473\",\"moduleDisplayName\":\"\",\"moduleName\":\"SysConfig\",\"packagePath\":\"com.rexen.rest\",\"tableName\":\"sys_config\",\"tableRemark\":\"\",\"templateType\":\"sigle\",\"updateBy\":\"1\",\"updateTime\":\"2020-03-10 10:06:56\"},{\"author\":\"Gavin\",\"createBy\":\"1\",\"createTime\":\"2020-03-10 10:06:56\",\"description\":\"\",\"entityName\":\"SysAnnouncement\",\"id\":\"718ca332-c2c0-4094-aa04-22f58f17b49c\",\"moduleDisplayName\":\"\",\"moduleName\":\"SysAnnouncement\",\"packagePath\":\"com.rexen.rest\",\"tableName\":\"sys_announcement\",\"tableRemark\":\"\",\"templateType\":\"sigle\",\"updateBy\":\"1\",\"updateTime\":\"2020-03-10 10:06:56\"}],\"searchCount\":true,\"size\":10,\"total\":2},{\"$ref\":\"$.null.parameter\"}]', null, '0');
INSERT INTO `sys_operation_param` VALUES ('9ffea126-dbf2-4de4-9d33-ba768e80e0b6', 'dd4d120e-98ad-46ff-95d1-b84732673588', '[]', null, '-1');
INSERT INTO `sys_operation_param` VALUES ('a1d8aba4-50be-49b3-8358-aaea67f07559', '7be83720-b3e4-4945-a145-ab2d1209864e', '[\"toolGeneratorFormType\"]', null, '0');
INSERT INTO `sys_operation_param` VALUES ('a332ed57-0502-48ca-8e3f-f011b23aa5d1', 'db684375-4cf8-47fa-b30a-5ce26d5221d8', '[]', null, '0');
INSERT INTO `sys_operation_param` VALUES ('a34d6b8f-a33d-46fe-a767-e1af73da6470', '2d9f70a0-e061-44c3-8c04-750995dd0ebd', '[{\"current\":1,\"orders\":[{\"asc\":false,\"column\":\"create_time\"}],\"pages\":7,\"records\":[{\"createTime\":\"2020-03-05 19:40:38\",\"deptName\":\"神经门诊1组-专家组\",\"dpId\":\"009b068a-499f-4ec8-945f-63147d306174\",\"email\":\"\",\"enable\":1,\"extension\":\"\",\"id\":\"1f4bfa6c-9c88-4481-9df9-56044a2f7d63\",\"mobile\":\"13804462189\",\"normalName\":\"zoe2\",\"photo\":\"\",\"post\":\"post-office-1\",\"rank\":\"\",\"sex\":\"男\",\"title\":\"\",\"updateTime\":\"2020-03-05 19:40:38\",\"username\":\"zoe2\"},{\"createTime\":\"2020-03-05 19:11:31\",\"deptName\":\"303分院\",\"dpId\":\"3\",\"email\":\"\",\"enable\":1,\"extension\":\"\",\"id\":\"3a355bda-81f5-4824-9dac-513590cfb271\",\"mobile\":\"13811111111\",\"normalName\":\"ffff\",\"photo\":\"\",\"post\":\"post-office-1\",\"rank\":\"\",\"sex\":\"男\",\"title\":\"\",\"updateTime\":\"2020-03-05 19:11:31\",\"username\":\"1122\"},{\"createTime\":\"2019-11-29 12:58:38\",\"deptName\":\"内科\",\"dpId\":\"10002\",\"email\":\"\",\"enable\":0,\"extension\":\"\",\"id\":\"2f637a13-820e-462b-9556-40a6e0e12dbc\",\"mobile\":\"13333333333\",\"normalName\":\"ef22\",\"photo\":\"\",\"post\":\"post-office-1\",\"rank\":\"\",\"sex\":\"女\",\"title\":\"\",\"updateTime\":\"2019-11-29 12:58:38\",\"username\":\"ffffeeek\"},{\"createTime\":\"2019-11-29 10:09:12\",\"deptName\":\"解放军医院组织机构\",\"dpId\":\"0\",\"email\":\"\",\"enable\":1,\"extension\":\"fff\",\"id\":\"c556b388-354e-42ca-9c92-34ff9a149c50\",\"mobile\":\"13333333333\",\"normalName\":\"ffff\",\"photo\":\"\",\"post\":\"post-office-1\",\"rank\":\"\",\"sex\":\"男\",\"title\":\"\",\"updateTime\":\"2019-11-29 10:09:12\",\"username\":\"ffff2\"},{\"createTime\":\"2019-11-28 15:58:58\",\"deptName\":\"304分院\",\"dpId\":\"4\",\"email\":\"\",\"enable\":1,\"extension\":\"\",\"id\":\"7edd783a-0e24-4267-98f8-1c05cd047599\",\"mobile\":\"12222222222\",\"normalName\":\"ffff\",\"photo\":\"\",\"post\":\"post-office-1\",\"rank\":\"\",\"sex\":\"男\",\"title\":\"\",\"updateTime\":\"2019-11-28 15:58:58\",\"username\":\"ffff\"},{\"createTime\":\"2019-11-28 10:00:13\",\"deptName\":\"解放军医院组织机构\",\"dpId\":\"0\",\"email\":\"\",\"enable\":1,\"extension\":\"11111111111111111111111111111111111111111111111111111111111111111111111111111111111111111111111111111111111111111111111111111111111111111111111111111111111111111111111111111111111111111111111111111111111111111111111111111111111111111111111111111111111111111111111111111111111111111111111111111111111111111111111111111111111111111111111111111111111111111111111111111111111111111111111111111111111111111111111111111111111111111111111111111111111111111111111111111111111111111111111111111111111111111111\",\"id\":\"e5f9ac6b-9b7c-4de9-ad6a-f40df25559bc\",\"mobile\":\"12333333333\",\"normalName\":\"fff\",\"photo\":\"\",\"post\":\"post-office-1\",\"rank\":\"\",\"sex\":\"男\",\"title\":\"\",\"updateTime\":\"2019-11-28 10:00:13\",\"username\":\"fff\"},{\"createTime\":\"2019-11-27 18:32:32\",\"deptName\":\"解放军医院组织机构\",\"dpId\":\"0\",\"email\":\"\",\"enable\":1,\"extension\":\"\",\"id\":\"9f56e244-7199-406e-80a5-190f23022277\",\"mobile\":\"12222222222\",\"normalName\":\"x\",\"photo\":\"20191127/1/timg (4).jpeg\",\"post\":\"post-office-1\",\"rank\":\"\",\"sex\":\"男\",\"title\":\"\",\"updateTime\":\"2019-11-27 18:32:32\",\"username\":\"x\"},{\"createTime\":\"2019-11-27 18:04:55\",\"deptName\":\"解放军医院组织机构\",\"dpId\":\"0\",\"email\":\"\",\"enable\":0,\"extension\":\"\",\"id\":\"3b55cb42-7c09-4c17-a275-fb175d7496a0\",\"mobile\":\"12222222222\",\"normalName\":\"ff\",\"photo\":\"20191127/1/timg (4).jpeg\",\"post\":\"post-office-1\",\"rank\":\"\",\"sex\":\"男\",\"title\":\"\",\"updateTime\":\"2019-11-27 18:04:55\",\"username\":\"ff\"},{\"createTime\":\"2019-11-27 17:58:48\",\"deptName\":\"解放军医院组织机构\",\"dpId\":\"0\",\"email\":\"\",\"enable\":1,\"extension\":\"fff\",\"id\":\"57c529f4-79a3-4443-a85e-aface4b535c3\",\"mobile\":\"12222222222\",\"normalName\":\"gg\",\"photo\":\"20191127/1/timg (4).jpeg\",\"post\":\"post-office-1\",\"rank\":\"\",\"sex\":\"男\",\"title\":\"\",\"updateTime\":\"2019-11-27 17:58:48\",\"username\":\"gg\"},{\"createTime\":\"2019-11-27 17:58:05\",\"deptName\":\"304分院\",\"dpId\":\"4\",\"email\":\"\",\"enable\":1,\"extension\":\"\",\"id\":\"e7a52141-4a4c-423b-94c2-51fbf79f79d6\",\"mobile\":\"11111111111\",\"normalName\":\"g\",\"photo\":\"20191127/1/timg (4).jpeg\",\"post\":\"post-office-1\",\"rank\":\"\",\"sex\":\"男\",\"title\":\"\",\"updateTime\":\"2019-11-27 17:58:05\",\"username\":\"g\"}],\"searchCount\":true,\"size\":10,\"total\":66},null,null,null,null]', null, '0');
INSERT INTO `sys_operation_param` VALUES ('a3b75ab4-9fe0-4f39-8d1a-cd2ea6afc020', 'aa99ec35-6012-491c-baff-c3f732b69613', '[]', null, '-1');
INSERT INTO `sys_operation_param` VALUES ('a5209a94-3633-4a08-aea5-6cf887ea5159', 'c10c604b-823f-4f60-8755-2678b83e62e6', '[\"post-type\"]', null, '0');
INSERT INTO `sys_operation_param` VALUES ('a572bf36-9930-488c-b66f-b4e724466fc5', '2aa90d8c-3f6b-4d62-8ff4-67e8f773bbfa', '[\"post-type\"]', null, '0');
INSERT INTO `sys_operation_param` VALUES ('a73e09d8-1776-4415-b858-f71dfb373e25', '15528d51-d0fd-4b32-9e20-c2c8bd7b62f7', '[]', null, '0');
INSERT INTO `sys_operation_param` VALUES ('a7f86141-cad3-4a16-a9eb-9104aa3f84be', 'a38fecaf-3d5e-4f58-a715-404feba1c53b', '[{\"current\":1,\"orders\":[{\"asc\":false,\"column\":\"create_time\"}],\"pages\":0,\"parameter\":{},\"records\":[],\"searchCount\":true,\"size\":10,\"total\":0},{\"$ref\":\"$.null.parameter\"}]', null, '0');
INSERT INTO `sys_operation_param` VALUES ('a92b28b6-0c3f-4a27-bbfa-aa740893fdb8', '9c2fda82-7eb8-4493-adb0-13b5da9f8c31', '[{\"current\":6,\"orders\":[{\"asc\":false,\"column\":\"create_time\"}],\"pages\":7,\"records\":[{\"createTime\":\"2019-04-15 13:22:12\",\"deptName\":\"301总院\",\"dpId\":\"1\",\"email\":\"497491@qq.com\",\"enable\":1,\"extension\":\"\",\"id\":\"2038eece-4635-4af8-909d-a8559abb8593\",\"idcard\":\"\",\"maritalStatus\":\"\",\"mobile\":\"18888821111\",\"nation\":\"\",\"normalName\":\"李彦宏sys8\",\"photo\":\"/profile/photo/default.jpg\",\"post\":\"\",\"rank\":\"\",\"sex\":\"女\",\"subgroup\":\"10000010\",\"title\":\"\",\"updateTime\":\"2019-04-15 13:22:12\",\"username\":\"sys8\"},{\"createTime\":\"2019-04-15 13:22:12\",\"deptName\":\"301总院\",\"dpId\":\"1\",\"email\":\"222\",\"enable\":0,\"extension\":\"\",\"id\":\"222333\",\"idcard\":\"\",\"maritalStatus\":\"\",\"mobile\":\"222\",\"nation\":\"\",\"normalName\":\"李彦宏222\",\"photo\":\"/profile/photo/default.jpg\",\"post\":\"\",\"rank\":\"\",\"sex\":\"女\",\"subgroup\":\"10000010\",\"title\":\"\",\"updateTime\":\"2019-04-15 13:22:12\",\"username\":\"222\"},{\"createTime\":\"2019-04-15 13:22:12\",\"deptName\":\"301总院\",\"dpId\":\"1\",\"email\":\"497491@qq.com\",\"enable\":1,\"extension\":\"\",\"id\":\"30a4bf2f-3203-4573-b119-03743d2501b4\",\"idcard\":\"\",\"maritalStatus\":\"\",\"mobile\":\"18888821111\",\"nation\":\"\",\"normalName\":\"李彦宏sys11\",\"photo\":\"/profile/photo/default.jpg\",\"post\":\"\",\"rank\":\"\",\"sex\":\"女\",\"subgroup\":\"10000010\",\"title\":\"\",\"updateTime\":\"2019-04-15 13:22:12\",\"username\":\"sys11\"},{\"createTime\":\"2019-04-15 13:22:12\",\"deptName\":\"301总院\",\"dpId\":\"1\",\"email\":\"497491@qq.com\",\"enable\":1,\"extension\":\"\",\"id\":\"343c1ceb-171d-4bfb-86a2-baa5791b1151\",\"idcard\":\"\",\"maritalStatus\":\"\",\"mobile\":\"18888821111\",\"nation\":\"\",\"normalName\":\"李彦宏sys99999\",\"photo\":\"/profile/photo/default.jpg\",\"post\":\"\",\"rank\":\"\",\"sex\":\"女\",\"subgroup\":\"10000010\",\"title\":\"\",\"updateTime\":\"2019-04-15 13:22:12\",\"username\":\"sys99999\"},{\"createTime\":\"2019-04-15 13:22:12\",\"deptName\":\"301总院\",\"dpId\":\"1\",\"email\":\"497491@qq.com\",\"enable\":1,\"extension\":\"\",\"id\":\"43409473-39bc-4a29-8c1c-d0ee91f66e79\",\"idcard\":\"\",\"maritalStatus\":\"\",\"mobile\":\"18888821111\",\"nation\":\"\",\"normalName\":\"李彦宏syy666665\",\"photo\":\"/profile/photo/default.jpg\",\"post\":\"\",\"rank\":\"\",\"sex\":\"女\",\"subgroup\":\"10000010\",\"title\":\"\",\"updateTime\":\"2019-04-15 13:22:12\",\"username\":\"syy666665\"},{\"createTime\":\"2019-04-15 13:22:12\",\"deptName\":\"304分院\",\"dpId\":\"4\",\"email\":\"e\",\"enable\":0,\"extension\":\"\",\"id\":\"8c2d8157-aded-4841-8639-1f9181d2b4d3\",\"idcard\":\"\",\"maritalStatus\":\"\",\"mobile\":\"13804462189\",\"nation\":\"\",\"normalName\":\"李彦宏1907\",\"photo\":\"/profile/photo/default.jpg\",\"post\":\"\",\"rank\":\"\",\"sex\":\"女\",\"subgroup\":\"10000010\",\"title\":\"\",\"updateTime\":\"2019-04-15 13:22:12\",\"username\":\"1907\"},{\"createTime\":\"2019-04-15 13:22:12\",\"deptName\":\"302分院\",\"dpId\":\"2\",\"email\":\"497491@qq.com\",\"enable\":1,\"extension\":\"\",\"id\":\"4d242461-8dd6-4099-a972-3a49add30c11\",\"idcard\":\"\",\"maritalStatus\":\"\",\"mobile\":\"18888821111\",\"nation\":\"\",\"normalName\":\"李彦宏sys3\",\"photo\":\"/profile/photo/default.jpg\",\"post\":\"\",\"rank\":\"\",\"sex\":\"女\",\"subgroup\":\"10000010\",\"title\":\"\",\"updateTime\":\"2019-04-15 13:22:12\",\"username\":\"sys3\"},{\"createTime\":\"2019-04-15 13:22:12\",\"deptName\":\"301总院\",\"dpId\":\"1\",\"email\":\"497491@qq.com\",\"enable\":1,\"extension\":\"\",\"id\":\"51101260-54a3-4e2b-8afd-ee660de8d200\",\"idcard\":\"\",\"maritalStatus\":\"\",\"mobile\":\"18888821111\",\"nation\":\"\",\"normalName\":\"李彦宏sys7\",\"photo\":\"/profile/photo/default.jpg\",\"post\":\"\",\"rank\":\"\",\"sex\":\"女\",\"subgroup\":\"10000010\",\"title\":\"\",\"updateTime\":\"2019-04-15 13:22:12\",\"username\":\"sys7\"},{\"createTime\":\"2019-04-15 13:22:12\",\"deptName\":\"301总院\",\"dpId\":\"1\",\"email\":\"555\",\"enable\":1,\"extension\":\"\",\"id\":\"555\",\"idcard\":\"\",\"maritalStatus\":\"\",\"mobile\":\"555\",\"nation\":\"\",\"normalName\":\"李彦宏444\",\"photo\":\"/profile/photo/default.jpg\",\"post\":\"\",\"rank\":\"\",\"sex\":\"女\",\"subgroup\":\"10000010\",\"title\":\"\",\"updateTime\":\"2019-04-15 13:22:12\",\"username\":\"444\"},{\"createTime\":\"2019-04-15 13:22:12\",\"deptName\":\"304分院\",\"dpId\":\"4\",\"email\":\"4\",\"enable\":0,\"extension\":\"\",\"id\":\"60542c22-2427-4e2c-8608-117388b30e4b\",\"idcard\":\"\",\"maritalStatus\":\"\",\"mobile\":\"4\",\"nation\":\"\",\"normalName\":\"李彦宏1902\",\"photo\":\"/profile/photo/default.jpg\",\"post\":\"\",\"rank\":\"\",\"sex\":\"女\",\"subgroup\":\"10000010\",\"title\":\"\",\"updateTime\":\"2019-04-15 13:22:12\",\"username\":\"1902\"}],\"searchCount\":true,\"size\":10,\"total\":66},null,null,null,null]', null, '0');
INSERT INTO `sys_operation_param` VALUES ('ab4c9e6d-0526-4aa5-ba86-d8a977f1258d', '82162d5f-9a88-442d-84d5-597e7f989669', '[]', null, '0');
INSERT INTO `sys_operation_param` VALUES ('acd0865d-0eea-4078-8e15-d47208f34a03', '90e7c5f1-a2b8-4a98-b7f2-baed5617f4a9', '[]', null, '-1');
INSERT INTO `sys_operation_param` VALUES ('acd7128c-715e-486d-8ed3-fb8b68600510', '7470250f-f55f-4862-9db7-6ebb557ba403', '[]', null, '0');
INSERT INTO `sys_operation_param` VALUES ('af357172-0071-4673-809f-0a4efd286f9e', '0f3c763a-34de-4fde-a0d0-bdba9328f7d9', '[]', null, '0');
INSERT INTO `sys_operation_param` VALUES ('af64afcb-a616-416d-ae65-d2f2613127c9', '3daa19eb-ffd2-4fdc-bb4a-4abc420bbd53', '[{\"current\":1,\"orders\":[{\"asc\":false,\"column\":\"create_time\"}],\"pages\":7,\"records\":[{\"createTime\":\"2020-03-16 17:38:54\",\"deptName\":\"304分院\",\"dpId\":\"4\",\"email\":\"\",\"enable\":1,\"extension\":\"fffff\",\"hireDate\":\"2020-03-16 17:38:54\",\"id\":\"6c6c30b1-6c2f-4b53-a0c1-e5130b526a0e\",\"mobile\":\"13111111111\",\"normalName\":\"dpf\",\"photo\":\"\",\"post\":\"post-office-1\",\"rank\":\"\",\"sex\":\"男\",\"title\":\"\",\"updateTime\":\"2020-03-16 17:38:54\",\"username\":\"pdf\"},{\"createTime\":\"2020-03-16 17:35:34\",\"deptName\":\"神经门诊1组-专家组\",\"dpId\":\"009b068a-499f-4ec8-945f-63147d306174\",\"email\":\"\",\"enable\":0,\"extension\":\"ff111\",\"hireDate\":\"2020-03-16 17:35:34\",\"id\":\"d6d99f2a-2895-4e8f-8755-1960ef77e5e7\",\"mobile\":\"13666666666\",\"normalName\":\"exe1\",\"photo\":\"\",\"post\":\"post-office-1\",\"rank\":\"\",\"sex\":\"男\",\"title\":\"\",\"updateTime\":\"2020-03-16 17:35:34\",\"username\":\"exe\"},{\"createTime\":\"2020-03-05 19:40:38\",\"deptName\":\"神经门诊1组-专家组\",\"dpId\":\"009b068a-499f-4ec8-945f-63147d306174\",\"email\":\"\",\"enable\":1,\"extension\":\"\",\"id\":\"1f4bfa6c-9c88-4481-9df9-56044a2f7d63\",\"mobile\":\"13804462189\",\"normalName\":\"zoe2\",\"photo\":\"\",\"post\":\"post-office-1\",\"rank\":\"\",\"sex\":\"男\",\"title\":\"\",\"updateTime\":\"2020-03-05 19:40:38\",\"username\":\"zoe2\"},{\"createTime\":\"2020-03-05 19:11:31\",\"deptName\":\"303分院\",\"dpId\":\"3\",\"email\":\"\",\"enable\":1,\"extension\":\"\",\"id\":\"3a355bda-81f5-4824-9dac-513590cfb271\",\"mobile\":\"13811111111\",\"normalName\":\"ffff\",\"photo\":\"\",\"post\":\"post-office-1\",\"rank\":\"\",\"sex\":\"男\",\"title\":\"\",\"updateTime\":\"2020-03-05 19:11:31\",\"username\":\"1122\"},{\"createTime\":\"2019-11-29 12:58:38\",\"deptName\":\"内科\",\"dpId\":\"10002\",\"email\":\"\",\"enable\":0,\"extension\":\"\",\"id\":\"2f637a13-820e-462b-9556-40a6e0e12dbc\",\"mobile\":\"13333333333\",\"normalName\":\"ef22\",\"photo\":\"\",\"post\":\"post-office-1\",\"rank\":\"\",\"sex\":\"女\",\"title\":\"\",\"updateTime\":\"2019-11-29 12:58:38\",\"username\":\"ffffeeek\"},{\"createTime\":\"2019-11-29 10:09:12\",\"deptName\":\"解放军医院组织机构\",\"dpId\":\"0\",\"email\":\"\",\"enable\":1,\"extension\":\"fff\",\"id\":\"c556b388-354e-42ca-9c92-34ff9a149c50\",\"mobile\":\"13333333333\",\"normalName\":\"ffff\",\"photo\":\"\",\"post\":\"post-office-1\",\"rank\":\"\",\"sex\":\"男\",\"title\":\"\",\"updateTime\":\"2019-11-29 10:09:12\",\"username\":\"ffff2\"},{\"createTime\":\"2019-11-28 15:58:58\",\"deptName\":\"304分院\",\"dpId\":\"4\",\"email\":\"\",\"enable\":1,\"extension\":\"\",\"id\":\"7edd783a-0e24-4267-98f8-1c05cd047599\",\"mobile\":\"12222222222\",\"normalName\":\"ffff\",\"photo\":\"\",\"post\":\"post-office-1\",\"rank\":\"\",\"sex\":\"男\",\"title\":\"\",\"updateTime\":\"2019-11-28 15:58:58\",\"username\":\"ffff\"},{\"createTime\":\"2019-11-28 10:00:13\",\"deptName\":\"解放军医院组织机构\",\"dpId\":\"0\",\"email\":\"\",\"enable\":1,\"extension\":\"11111111111111111111111111111111111111111111111111111111111111111111111111111111111111111111111111111111111111111111111111111111111111111111111111111111111111111111111111111111111111111111111111111111111111111111111111111111111111111111111111111111111111111111111111111111111111111111111111111111111111111111111111111111111111111111111111111111111111111111111111111111111111111111111111111111111111111111111111111111111111111111111111111111111111111111111111111111111111111111111111111111111111111111\",\"id\":\"e5f9ac6b-9b7c-4de9-ad6a-f40df25559bc\",\"mobile\":\"12333333333\",\"normalName\":\"fff\",\"photo\":\"\",\"post\":\"post-office-1\",\"rank\":\"\",\"sex\":\"男\",\"title\":\"\",\"updateTime\":\"2019-11-28 10:00:13\",\"username\":\"fff\"},{\"createTime\":\"2019-11-27 18:32:32\",\"deptName\":\"解放军医院组织机构\",\"dpId\":\"0\",\"email\":\"\",\"enable\":1,\"extension\":\"\",\"id\":\"9f56e244-7199-406e-80a5-190f23022277\",\"mobile\":\"12222222222\",\"normalName\":\"x\",\"photo\":\"20191127/1/timg (4).jpeg\",\"post\":\"post-office-1\",\"rank\":\"\",\"sex\":\"男\",\"title\":\"\",\"updateTime\":\"2019-11-27 18:32:32\",\"username\":\"x\"},{\"createTime\":\"2019-11-27 18:04:55\",\"deptName\":\"解放军医院组织机构\",\"dpId\":\"0\",\"email\":\"\",\"enable\":0,\"extension\":\"\",\"id\":\"3b55cb42-7c09-4c17-a275-fb175d7496a0\",\"mobile\":\"12222222222\",\"normalName\":\"ff\",\"photo\":\"20191127/1/timg (4).jpeg\",\"post\":\"post-office-1\",\"rank\":\"\",\"sex\":\"男\",\"title\":\"\",\"updateTime\":\"2019-11-27 18:04:55\",\"username\":\"ff\"}],\"searchCount\":true,\"size\":10,\"total\":68},null,null,null,null]', null, '0');
INSERT INTO `sys_operation_param` VALUES ('afc31b8e-a86f-4985-95cc-ddd28a281a5f', '2453faad-c863-4102-8d60-2ab4c4e54bb0', '[\"post-type\"]', null, '0');
INSERT INTO `sys_operation_param` VALUES ('b10ca8c6-6760-452c-abd7-2f9bf93a6113', 'bda2baee-4fad-466c-b1f3-dc1ae6cce6b6', '[\"2ec70818-3c5b-430e-99c2-114297e83cd9\"]', null, '0');
INSERT INTO `sys_operation_param` VALUES ('b19fd0a1-0345-4511-b1bd-4a064c6b5038', 'd79e83e7-6ae7-409b-b3a9-3732a414ce7e', '[{\"current\":1,\"orders\":[{\"asc\":false,\"column\":\"create_time\"}],\"pages\":7,\"records\":[{\"createTime\":\"2020-03-16 17:35:34\",\"deptName\":\"神经门诊1组-专家组\",\"dpId\":\"009b068a-499f-4ec8-945f-63147d306174\",\"email\":\"\",\"enable\":1,\"extension\":\"ff111\",\"hireDate\":\"2020-03-16 17:35:34\",\"id\":\"d6d99f2a-2895-4e8f-8755-1960ef77e5e7\",\"mobile\":\"13666666666\",\"normalName\":\"exe1\",\"photo\":\"\",\"post\":\"post-office-1\",\"rank\":\"\",\"sex\":\"男\",\"title\":\"\",\"updateTime\":\"2020-03-16 17:35:34\",\"username\":\"exe\"},{\"createTime\":\"2020-03-05 19:40:38\",\"deptName\":\"神经门诊1组-专家组\",\"dpId\":\"009b068a-499f-4ec8-945f-63147d306174\",\"email\":\"\",\"enable\":1,\"extension\":\"\",\"id\":\"1f4bfa6c-9c88-4481-9df9-56044a2f7d63\",\"mobile\":\"13804462189\",\"normalName\":\"zoe2\",\"photo\":\"\",\"post\":\"post-office-1\",\"rank\":\"\",\"sex\":\"男\",\"title\":\"\",\"updateTime\":\"2020-03-05 19:40:38\",\"username\":\"zoe2\"},{\"createTime\":\"2020-03-05 19:11:31\",\"deptName\":\"303分院\",\"dpId\":\"3\",\"email\":\"\",\"enable\":1,\"extension\":\"\",\"id\":\"3a355bda-81f5-4824-9dac-513590cfb271\",\"mobile\":\"13811111111\",\"normalName\":\"ffff\",\"photo\":\"\",\"post\":\"post-office-1\",\"rank\":\"\",\"sex\":\"男\",\"title\":\"\",\"updateTime\":\"2020-03-05 19:11:31\",\"username\":\"1122\"},{\"createTime\":\"2019-11-29 12:58:38\",\"deptName\":\"内科\",\"dpId\":\"10002\",\"email\":\"\",\"enable\":0,\"extension\":\"\",\"id\":\"2f637a13-820e-462b-9556-40a6e0e12dbc\",\"mobile\":\"13333333333\",\"normalName\":\"ef22\",\"photo\":\"\",\"post\":\"post-office-1\",\"rank\":\"\",\"sex\":\"女\",\"title\":\"\",\"updateTime\":\"2019-11-29 12:58:38\",\"username\":\"ffffeeek\"},{\"createTime\":\"2019-11-29 10:09:12\",\"deptName\":\"解放军医院组织机构\",\"dpId\":\"0\",\"email\":\"\",\"enable\":1,\"extension\":\"fff\",\"id\":\"c556b388-354e-42ca-9c92-34ff9a149c50\",\"mobile\":\"13333333333\",\"normalName\":\"ffff\",\"photo\":\"\",\"post\":\"post-office-1\",\"rank\":\"\",\"sex\":\"男\",\"title\":\"\",\"updateTime\":\"2019-11-29 10:09:12\",\"username\":\"ffff2\"},{\"createTime\":\"2019-11-28 15:58:58\",\"deptName\":\"304分院\",\"dpId\":\"4\",\"email\":\"\",\"enable\":1,\"extension\":\"\",\"id\":\"7edd783a-0e24-4267-98f8-1c05cd047599\",\"mobile\":\"12222222222\",\"normalName\":\"ffff\",\"photo\":\"\",\"post\":\"post-office-1\",\"rank\":\"\",\"sex\":\"男\",\"title\":\"\",\"updateTime\":\"2019-11-28 15:58:58\",\"username\":\"ffff\"},{\"createTime\":\"2019-11-28 10:00:13\",\"deptName\":\"解放军医院组织机构\",\"dpId\":\"0\",\"email\":\"\",\"enable\":1,\"extension\":\"11111111111111111111111111111111111111111111111111111111111111111111111111111111111111111111111111111111111111111111111111111111111111111111111111111111111111111111111111111111111111111111111111111111111111111111111111111111111111111111111111111111111111111111111111111111111111111111111111111111111111111111111111111111111111111111111111111111111111111111111111111111111111111111111111111111111111111111111111111111111111111111111111111111111111111111111111111111111111111111111111111111111111111111\",\"id\":\"e5f9ac6b-9b7c-4de9-ad6a-f40df25559bc\",\"mobile\":\"12333333333\",\"normalName\":\"fff\",\"photo\":\"\",\"post\":\"post-office-1\",\"rank\":\"\",\"sex\":\"男\",\"title\":\"\",\"updateTime\":\"2019-11-28 10:00:13\",\"username\":\"fff\"},{\"createTime\":\"2019-11-27 18:32:32\",\"deptName\":\"解放军医院组织机构\",\"dpId\":\"0\",\"email\":\"\",\"enable\":1,\"extension\":\"\",\"id\":\"9f56e244-7199-406e-80a5-190f23022277\",\"mobile\":\"12222222222\",\"normalName\":\"x\",\"photo\":\"20191127/1/timg (4).jpeg\",\"post\":\"post-office-1\",\"rank\":\"\",\"sex\":\"男\",\"title\":\"\",\"updateTime\":\"2019-11-27 18:32:32\",\"username\":\"x\"},{\"createTime\":\"2019-11-27 18:04:55\",\"deptName\":\"解放军医院组织机构\",\"dpId\":\"0\",\"email\":\"\",\"enable\":0,\"extension\":\"\",\"id\":\"3b55cb42-7c09-4c17-a275-fb175d7496a0\",\"mobile\":\"12222222222\",\"normalName\":\"ff\",\"photo\":\"20191127/1/timg (4).jpeg\",\"post\":\"post-office-1\",\"rank\":\"\",\"sex\":\"男\",\"title\":\"\",\"updateTime\":\"2019-11-27 18:04:55\",\"username\":\"ff\"},{\"createTime\":\"2019-11-27 17:58:48\",\"deptName\":\"解放军医院组织机构\",\"dpId\":\"0\",\"email\":\"\",\"enable\":1,\"extension\":\"fff\",\"id\":\"57c529f4-79a3-4443-a85e-aface4b535c3\",\"mobile\":\"12222222222\",\"normalName\":\"gg\",\"photo\":\"20191127/1/timg (4).jpeg\",\"post\":\"post-office-1\",\"rank\":\"\",\"sex\":\"男\",\"title\":\"\",\"updateTime\":\"2019-11-27 17:58:48\",\"username\":\"gg\"}],\"searchCount\":true,\"size\":10,\"total\":67},null,null,null,null]', null, '0');
INSERT INTO `sys_operation_param` VALUES ('b451b33a-8811-4f88-87ff-411bb1afad08', 'f6873dcd-bef0-4fcb-9ba9-e341be77fc7d', '[]', null, '0');
INSERT INTO `sys_operation_param` VALUES ('b56a2ca4-83ac-45d7-9dc5-c24891ebe71e', '386e1cfa-33b6-4d1e-95de-2444181efcce', '[\"de4982de-55c7-40f5-8cda-baa871ca644e\"]', null, '0');
INSERT INTO `sys_operation_param` VALUES ('b5c7629d-8fd9-4908-a1d1-754ce9871330', '5ce46e19-b992-40f3-bd0f-ffe867c5f128', '[\"toolGeneratorQueryType\"]', null, '0');
INSERT INTO `sys_operation_param` VALUES ('b8cab827-4b74-481a-bb49-9819860eb754', '3670a80a-9d34-4414-bf37-772afb48b220', '[{\"enable\":0,\"extension\":\"fefe\",\"flag\":\"dept-flag-1\",\"id\":\"1701e855-d160-46ce-8b83-4317fdc10ae7\",\"lastLevelFlag\":1,\"name\":\"fff1\",\"parentId\":\"4\",\"sort\":1,\"updateTime\":\"2020-03-16 17:44:13\"}]', null, '0');
INSERT INTO `sys_operation_param` VALUES ('bb3af1ce-9c2c-49ad-9b34-288d42c69dc0', '290850df-db48-4a7d-87fa-eaf6852215cf', '[\"post-type\"]', null, '0');
INSERT INTO `sys_operation_param` VALUES ('bbc7242c-3e1e-4814-8686-001053b0007a', '66fee39e-514f-4952-b38c-7244146fafba', '[\"sys_role\"]', null, '0');
INSERT INTO `sys_operation_param` VALUES ('bc15152a-1172-4063-8ae4-6bdad255d0fe', 'd53dfdf5-422e-4312-b7ed-343dab859f28', '[\"department-flag-type\"]', null, '0');
INSERT INTO `sys_operation_param` VALUES ('bd022eaf-e3ce-4139-853b-32acbef6f2ca', '1929ba53-da18-4f64-aa2e-d43d9862313a', '[{\"current\":1,\"orders\":[],\"pages\":1,\"records\":[{\"createTime\":\"2019-11-29 10:09:47\",\"enable\":1,\"extension\":\"\",\"id\":\"059c1fed-0e4e-4085-9674-b3edfdf3b9ed\",\"remark\":\"fefe\",\"roleCode\":\"efef\",\"roleName\":\"efef\",\"sysId\":\"\",\"updateTime\":\"2019-11-29 10:09:47\"},{\"createTime\":\"2019-11-01 14:02:33\",\"enable\":1,\"extension\":\"\",\"id\":\"1\",\"remark\":\"\",\"roleCode\":\"1\",\"roleName\":\"角色123456\",\"sysId\":\"\",\"updateTime\":\"2019-11-19 18:23:23\"},{\"createTime\":\"2019-11-28 09:59:15\",\"enable\":1,\"extension\":\"\",\"id\":\"1fd7ed00-108a-4cde-bd0d-ce58e994cae8\",\"remark\":\"11111111111111111111111111111111111111111111111111111111111111111111111111111111111111111111111111111111111111111111111111111111111111111111111111111111111111111111111111111111111111111111111111111111111111111111111111111111111111111111111111111111111111111111111111111111111111111111111111111111111111111111111111111111111111111111111111111111111111111111111111111111111111111111111111111111111111111111111111111111111111111111111111111111111111111111111111111111111111111111111111111111111111111111\",\"roleCode\":\"ff\",\"roleName\":\"fff\",\"sysId\":\"\",\"updateTime\":\"2019-11-28 09:59:15\"},{\"createTime\":\"2019-11-01 14:02:33\",\"enable\":0,\"extension\":\"\",\"id\":\"2\",\"remark\":\"11\",\"roleCode\":\"admin\",\"roleName\":\"角色2\",\"sysId\":\"\",\"updateTime\":\"2019-11-01 14:02:33\"},{\"createTime\":\"2019-11-01 14:02:33\",\"enable\":1,\"extension\":\"\",\"id\":\"3\",\"remark\":\"3\",\"roleCode\":\"\",\"roleName\":\"3\",\"sysId\":\"\",\"updateTime\":\"2019-11-01 14:02:33\"},{\"createTime\":\"2019-11-01 14:02:33\",\"enable\":1,\"extension\":\"\",\"id\":\"333\",\"roleCode\":\"\",\"roleName\":\"aaaa\",\"sysId\":\"\",\"updateTime\":\"2019-11-01 14:02:33\"},{\"createTime\":\"2019-11-25 15:57:48\",\"enable\":1,\"extension\":\"\",\"id\":\"3dcf7daf-451f-4e94-b776-9ba083126436\",\"remark\":\"\",\"roleCode\":\"admin\",\"roleName\":\"角色8\",\"sysId\":\"\",\"updateTime\":\"2019-11-25 15:57:48\"},{\"createTime\":\"2019-11-01 14:02:33\",\"enable\":1,\"extension\":\"\",\"id\":\"4\",\"remark\":\"4\",\"roleCode\":\"\",\"roleName\":\"4\",\"sysId\":\"\",\"updateTime\":\"2019-11-01 14:02:33\"},{\"createTime\":\"2019-11-14 18:22:53\",\"enable\":1,\"extension\":\"\",\"id\":\"4cbff9bc-2ae8-4c39-9aba-1ec1ba9b24c2\",\"remark\":\"string\",\"roleCode\":\"admin\",\"roleName\":\"string\",\"sysId\":\"\",\"updateTime\":\"2019-11-15 11:16:37\"},{\"createTime\":\"2019-11-01 14:02:33\",\"enable\":1,\"extension\":\"\",\"id\":\"5\",\"remark\":\"5\",\"roleCode\":\"\",\"roleName\":\"5\",\"sysId\":\"\",\"updateTime\":\"2019-11-01 14:02:33\"},{\"createTime\":\"2019-11-22 13:34:21\",\"enable\":1,\"extension\":\"\",\"id\":\"543ebce3-e35b-4796-be51-f6cba44b7e79\",\"remark\":\"注意，我是备注\",\"roleCode\":\"00001我可是是汉字吗\",\"roleName\":\"00001测试的第一个\",\"sysId\":\"\",\"updateTime\":\"2019-11-22 13:34:21\"},{\"createTime\":\"2019-11-01 14:02:33\",\"enable\":1,\"extension\":\"\",\"id\":\"6\",\"remark\":\"6\",\"roleCode\":\"\",\"roleName\":\"6\",\"sysId\":\"\",\"updateTime\":\"2019-11-01 14:02:33\"},{\"createTime\":\"2019-11-29 12:59:20\",\"enable\":0,\"extension\":\"\",\"id\":\"6681fe17-1822-4211-8fe8-c807f29d5846\",\"remark\":\"\",\"roleCode\":\"admin\",\"roleName\":\"fefe3\",\"sysId\":\"\",\"updateTime\":\"2019-11-29 12:59:20\"},{\"createTime\":\"2019-11-01 14:02:33\",\"enable\":1,\"extension\":\"\",\"id\":\"7\",\"remark\":\"7\",\"roleCode\":\"\",\"roleName\":\"7\",\"sysId\":\"\",\"updateTime\":\"2019-11-01 14:02:33\"},{\"createTime\":\"2019-11-29 10:09:34\",\"enable\":1,\"extension\":\"\",\"id\":\"71531428-7554-4f9d-8199-3a3b68e7d0f5\",\"remark\":\"ff\",\"roleCode\":\"ff\",\"roleName\":\"ffff2\",\"sysId\":\"\",\"updateTime\":\"2019-11-29 10:09:34\"},{\"createTime\":\"2019-11-18 09:00:25\",\"enable\":0,\"extension\":\"\",\"id\":\"7fdbc0ea-cf71-47fe-a3fe-083634084c18\",\"remark\":\"\",\"roleCode\":\"234\",\"roleName\":\"234\",\"sysId\":\"\",\"updateTime\":\"2019-11-18 09:00:25\"},{\"createTime\":\"2020-03-05 19:41:05\",\"enable\":1,\"extension\":\"\",\"id\":\"8e6d2ec5-0539-4583-92b4-2f6abf67b710\",\"remark\":\"\",\"roleCode\":\"z22\",\"roleName\":\"z22\",\"sysId\":\"\",\"updateTime\":\"2020-03-05 19:41:05\"},{\"createTime\":\"2019-11-21 13:56:15\",\"enable\":1,\"extension\":\"\",\"id\":\"90376afd-a995-4e93-85b1-d973e496acc0\",\"remark\":\"\",\"roleCode\":\"ddd\",\"roleName\":\"ddd\",\"sysId\":\"\",\"updateTime\":\"2019-11-21 13:56:15\"},{\"createTime\":\"2019-11-14 18:23:16\",\"enable\":1,\"extension\":\"a495e5ae-a238-4928-93c2-ac8ee145cf06\",\"id\":\"a495e5ae-a238-4928-93c2-ac8ee145cf06\",\"remark\":\"角色A2001\",\"roleCode\":\"admin\",\"roleName\":\"abc\",\"sysId\":\"\",\"updateTime\":\"2019-11-15 11:23:01\"},{\"createTime\":\"2019-11-01 14:02:33\",\"enable\":1,\"extension\":\"\",\"id\":\"f19ef746-b4f7-4f12-9bba-2e79625952ee\",\"remark\":\"测试角色\",\"roleCode\":\"admin\",\"roleName\":\"角色ssss\",\"sysId\":\"\",\"updateTime\":\"2019-11-18 19:58:35\"}],\"searchCount\":true,\"size\":500,\"total\":20},null,null]', null, '0');
INSERT INTO `sys_operation_param` VALUES ('bd76966c-8413-496a-9a46-39ef0aa65979', '7dce77e1-69b6-43b1-b9ae-f7bc9903e9b5', '[{\"current\":1,\"orders\":[{\"asc\":false,\"column\":\"create_time\"}],\"pages\":2,\"records\":[{\"createTime\":\"2020-03-05 19:41:05\",\"enable\":1,\"extension\":\"\",\"id\":\"8e6d2ec5-0539-4583-92b4-2f6abf67b710\",\"remark\":\"\",\"roleCode\":\"z22\",\"roleName\":\"z22\",\"sysId\":\"\",\"updateTime\":\"2020-03-05 19:41:05\"},{\"createTime\":\"2019-11-29 12:59:20\",\"enable\":0,\"extension\":\"\",\"id\":\"6681fe17-1822-4211-8fe8-c807f29d5846\",\"remark\":\"\",\"roleCode\":\"admin\",\"roleName\":\"fefe3\",\"sysId\":\"\",\"updateTime\":\"2019-11-29 12:59:20\"},{\"createTime\":\"2019-11-29 10:09:47\",\"enable\":1,\"extension\":\"\",\"id\":\"059c1fed-0e4e-4085-9674-b3edfdf3b9ed\",\"remark\":\"fefe\",\"roleCode\":\"efef\",\"roleName\":\"efef\",\"sysId\":\"\",\"updateTime\":\"2019-11-29 10:09:47\"},{\"createTime\":\"2019-11-29 10:09:34\",\"enable\":1,\"extension\":\"\",\"id\":\"71531428-7554-4f9d-8199-3a3b68e7d0f5\",\"remark\":\"ff\",\"roleCode\":\"ff\",\"roleName\":\"ffff2\",\"sysId\":\"\",\"updateTime\":\"2019-11-29 10:09:34\"},{\"createTime\":\"2019-11-28 09:59:15\",\"enable\":1,\"extension\":\"\",\"id\":\"1fd7ed00-108a-4cde-bd0d-ce58e994cae8\",\"remark\":\"11111111111111111111111111111111111111111111111111111111111111111111111111111111111111111111111111111111111111111111111111111111111111111111111111111111111111111111111111111111111111111111111111111111111111111111111111111111111111111111111111111111111111111111111111111111111111111111111111111111111111111111111111111111111111111111111111111111111111111111111111111111111111111111111111111111111111111111111111111111111111111111111111111111111111111111111111111111111111111111111111111111111111111111\",\"roleCode\":\"ff\",\"roleName\":\"fff\",\"sysId\":\"\",\"updateTime\":\"2019-11-28 09:59:15\"},{\"createTime\":\"2019-11-25 15:57:48\",\"enable\":1,\"extension\":\"\",\"id\":\"3dcf7daf-451f-4e94-b776-9ba083126436\",\"remark\":\"\",\"roleCode\":\"admin\",\"roleName\":\"角色8\",\"sysId\":\"\",\"updateTime\":\"2019-11-25 15:57:48\"},{\"createTime\":\"2019-11-22 13:34:21\",\"enable\":1,\"extension\":\"\",\"id\":\"543ebce3-e35b-4796-be51-f6cba44b7e79\",\"remark\":\"注意，我是备注\",\"roleCode\":\"00001我可是是汉字吗\",\"roleName\":\"00001测试的第一个\",\"sysId\":\"\",\"updateTime\":\"2019-11-22 13:34:21\"},{\"createTime\":\"2019-11-21 13:56:15\",\"enable\":1,\"extension\":\"\",\"id\":\"90376afd-a995-4e93-85b1-d973e496acc0\",\"remark\":\"\",\"roleCode\":\"ddd\",\"roleName\":\"ddd\",\"sysId\":\"\",\"updateTime\":\"2019-11-21 13:56:15\"},{\"createTime\":\"2019-11-18 09:00:25\",\"enable\":0,\"extension\":\"\",\"id\":\"7fdbc0ea-cf71-47fe-a3fe-083634084c18\",\"remark\":\"\",\"roleCode\":\"234\",\"roleName\":\"234\",\"sysId\":\"\",\"updateTime\":\"2019-11-18 09:00:25\"},{\"createTime\":\"2019-11-14 18:23:16\",\"enable\":1,\"extension\":\"a495e5ae-a238-4928-93c2-ac8ee145cf06\",\"id\":\"a495e5ae-a238-4928-93c2-ac8ee145cf06\",\"remark\":\"角色A2001\",\"roleCode\":\"admin\",\"roleName\":\"abc\",\"sysId\":\"\",\"updateTime\":\"2019-11-15 11:23:01\"}],\"searchCount\":true,\"size\":10,\"total\":20},null,null]', null, '0');
INSERT INTO `sys_operation_param` VALUES ('bf99bb16-954c-4e07-9f0d-3831a64cfeb8', '4ec2f932-91f2-4525-83a1-cdb89dd193bf', '[]', null, '0');
INSERT INTO `sys_operation_param` VALUES ('c01d30ff-e722-4163-8279-73f53cde0462', '933b7a9a-a05c-4e3a-9244-33f65eee8ce8', '[{}]', null, '0');
INSERT INTO `sys_operation_param` VALUES ('c03ac794-31e4-4492-876d-5805614fdf66', '70c6a507-b571-4510-8981-1fa3ab5ace49', '[{\"current\":1,\"orders\":[{\"asc\":false,\"column\":\"create_time\"}],\"pages\":7,\"records\":[{\"createTime\":\"2020-03-05 19:40:38\",\"deptName\":\"神经门诊1组-专家组\",\"dpId\":\"009b068a-499f-4ec8-945f-63147d306174\",\"email\":\"\",\"enable\":1,\"extension\":\"\",\"id\":\"1f4bfa6c-9c88-4481-9df9-56044a2f7d63\",\"mobile\":\"13804462189\",\"normalName\":\"zoe2\",\"photo\":\"\",\"post\":\"post-office-1\",\"rank\":\"\",\"sex\":\"男\",\"title\":\"\",\"updateTime\":\"2020-03-05 19:40:38\",\"username\":\"zoe2\"},{\"createTime\":\"2020-03-05 19:11:31\",\"deptName\":\"303分院\",\"dpId\":\"3\",\"email\":\"\",\"enable\":1,\"extension\":\"\",\"id\":\"3a355bda-81f5-4824-9dac-513590cfb271\",\"mobile\":\"13811111111\",\"normalName\":\"ffff\",\"photo\":\"\",\"post\":\"post-office-1\",\"rank\":\"\",\"sex\":\"男\",\"title\":\"\",\"updateTime\":\"2020-03-05 19:11:31\",\"username\":\"1122\"},{\"createTime\":\"2019-11-29 12:58:38\",\"deptName\":\"内科\",\"dpId\":\"10002\",\"email\":\"\",\"enable\":0,\"extension\":\"\",\"id\":\"2f637a13-820e-462b-9556-40a6e0e12dbc\",\"mobile\":\"13333333333\",\"normalName\":\"ef22\",\"photo\":\"\",\"post\":\"post-office-1\",\"rank\":\"\",\"sex\":\"女\",\"title\":\"\",\"updateTime\":\"2019-11-29 12:58:38\",\"username\":\"ffffeeek\"},{\"createTime\":\"2019-11-29 10:09:12\",\"deptName\":\"解放军医院组织机构\",\"dpId\":\"0\",\"email\":\"\",\"enable\":1,\"extension\":\"fff\",\"id\":\"c556b388-354e-42ca-9c92-34ff9a149c50\",\"mobile\":\"13333333333\",\"normalName\":\"ffff\",\"photo\":\"\",\"post\":\"post-office-1\",\"rank\":\"\",\"sex\":\"男\",\"title\":\"\",\"updateTime\":\"2019-11-29 10:09:12\",\"username\":\"ffff2\"},{\"createTime\":\"2019-11-28 15:58:58\",\"deptName\":\"304分院\",\"dpId\":\"4\",\"email\":\"\",\"enable\":1,\"extension\":\"\",\"id\":\"7edd783a-0e24-4267-98f8-1c05cd047599\",\"mobile\":\"12222222222\",\"normalName\":\"ffff\",\"photo\":\"\",\"post\":\"post-office-1\",\"rank\":\"\",\"sex\":\"男\",\"title\":\"\",\"updateTime\":\"2019-11-28 15:58:58\",\"username\":\"ffff\"},{\"createTime\":\"2019-11-28 10:00:13\",\"deptName\":\"解放军医院组织机构\",\"dpId\":\"0\",\"email\":\"\",\"enable\":1,\"extension\":\"11111111111111111111111111111111111111111111111111111111111111111111111111111111111111111111111111111111111111111111111111111111111111111111111111111111111111111111111111111111111111111111111111111111111111111111111111111111111111111111111111111111111111111111111111111111111111111111111111111111111111111111111111111111111111111111111111111111111111111111111111111111111111111111111111111111111111111111111111111111111111111111111111111111111111111111111111111111111111111111111111111111111111111111\",\"id\":\"e5f9ac6b-9b7c-4de9-ad6a-f40df25559bc\",\"mobile\":\"12333333333\",\"normalName\":\"fff\",\"photo\":\"\",\"post\":\"post-office-1\",\"rank\":\"\",\"sex\":\"男\",\"title\":\"\",\"updateTime\":\"2019-11-28 10:00:13\",\"username\":\"fff\"},{\"createTime\":\"2019-11-27 18:32:32\",\"deptName\":\"解放军医院组织机构\",\"dpId\":\"0\",\"email\":\"\",\"enable\":1,\"extension\":\"\",\"id\":\"9f56e244-7199-406e-80a5-190f23022277\",\"mobile\":\"12222222222\",\"normalName\":\"x\",\"photo\":\"20191127/1/timg (4).jpeg\",\"post\":\"post-office-1\",\"rank\":\"\",\"sex\":\"男\",\"title\":\"\",\"updateTime\":\"2019-11-27 18:32:32\",\"username\":\"x\"},{\"createTime\":\"2019-11-27 18:04:55\",\"deptName\":\"解放军医院组织机构\",\"dpId\":\"0\",\"email\":\"\",\"enable\":0,\"extension\":\"\",\"id\":\"3b55cb42-7c09-4c17-a275-fb175d7496a0\",\"mobile\":\"12222222222\",\"normalName\":\"ff\",\"photo\":\"20191127/1/timg (4).jpeg\",\"post\":\"post-office-1\",\"rank\":\"\",\"sex\":\"男\",\"title\":\"\",\"updateTime\":\"2019-11-27 18:04:55\",\"username\":\"ff\"},{\"createTime\":\"2019-11-27 17:58:48\",\"deptName\":\"解放军医院组织机构\",\"dpId\":\"0\",\"email\":\"\",\"enable\":1,\"extension\":\"fff\",\"id\":\"57c529f4-79a3-4443-a85e-aface4b535c3\",\"mobile\":\"12222222222\",\"normalName\":\"gg\",\"photo\":\"20191127/1/timg (4).jpeg\",\"post\":\"post-office-1\",\"rank\":\"\",\"sex\":\"男\",\"title\":\"\",\"updateTime\":\"2019-11-27 17:58:48\",\"username\":\"gg\"},{\"createTime\":\"2019-11-27 17:58:05\",\"deptName\":\"304分院\",\"dpId\":\"4\",\"email\":\"\",\"enable\":1,\"extension\":\"\",\"id\":\"e7a52141-4a4c-423b-94c2-51fbf79f79d6\",\"mobile\":\"11111111111\",\"normalName\":\"g\",\"photo\":\"20191127/1/timg (4).jpeg\",\"post\":\"post-office-1\",\"rank\":\"\",\"sex\":\"男\",\"title\":\"\",\"updateTime\":\"2019-11-27 17:58:05\",\"username\":\"g\"}],\"searchCount\":true,\"size\":10,\"total\":66},null,null,null,null]', null, '0');
INSERT INTO `sys_operation_param` VALUES ('c2df17f1-fbb2-41a1-8021-0392bba918c6', '0675b7d8-d8c2-4c30-8c50-3b85c318906e', '[]', null, '0');
INSERT INTO `sys_operation_param` VALUES ('c32eaabe-7052-4d97-af2c-3dfa49d302de', '5aaf41e4-5104-427f-aac8-3960d9ffc2dd', '[]', null, '0');
INSERT INTO `sys_operation_param` VALUES ('c4069fb8-49fc-40bf-9adb-d711e9320324', 'af032100-d3f1-419e-b8aa-600903b2c143', '[]', null, '0');
INSERT INTO `sys_operation_param` VALUES ('c44424ff-069b-4db3-b30d-474a6bbc4b54', '1f827cbe-034e-4466-b083-012da5fe4dc5', '[{\"enable\":0,\"extension\":\"\",\"flag\":\"组织机构\",\"id\":\"0\",\"lastLevelFlag\":0,\"name\":\"解放军医院组织机构\",\"parentId\":\"-1\",\"sectionId\":\"0\",\"sort\":99,\"updateTime\":\"2019-11-12 16:05:07\"}]', null, '0');
INSERT INTO `sys_operation_param` VALUES ('c45b2a4a-73ff-406c-a502-024c4359d0c5', 'f5411307-5322-447e-8bfa-7f95c12bec15', '[]', null, '0');
INSERT INTO `sys_operation_param` VALUES ('c4c0d48b-5df6-49c4-a2ef-9749d0e78352', '596866a7-83e5-44e6-9b5e-5795ba155bd7', '[\"file-server\"]', null, '0');
INSERT INTO `sys_operation_param` VALUES ('c6a0edba-3c00-4f5f-a617-c8f2e8d92c66', '1b54691c-c295-442e-80c1-6aa7e30f2f63', '[\"d6d99f2a-2895-4e8f-8755-1960ef77e5e7\"]', null, '0');
INSERT INTO `sys_operation_param` VALUES ('c737b1ce-b90f-49af-94ac-0ae6443f8297', '5be6bdb0-eb34-4b86-b0cc-6750ad2ba106', '[{\"current\":1,\"orders\":[],\"pages\":1,\"records\":[{\"createTime\":\"2019-11-29 10:09:47\",\"enable\":1,\"extension\":\"\",\"id\":\"059c1fed-0e4e-4085-9674-b3edfdf3b9ed\",\"remark\":\"fefe\",\"roleCode\":\"efef\",\"roleName\":\"efef\",\"sysId\":\"\",\"updateTime\":\"2019-11-29 10:09:47\"},{\"createTime\":\"2019-11-01 14:02:33\",\"enable\":1,\"extension\":\"\",\"id\":\"1\",\"remark\":\"\",\"roleCode\":\"1\",\"roleName\":\"角色123456\",\"sysId\":\"\",\"updateTime\":\"2019-11-19 18:23:23\"},{\"createTime\":\"2019-11-28 09:59:15\",\"enable\":1,\"extension\":\"\",\"id\":\"1fd7ed00-108a-4cde-bd0d-ce58e994cae8\",\"remark\":\"11111111111111111111111111111111111111111111111111111111111111111111111111111111111111111111111111111111111111111111111111111111111111111111111111111111111111111111111111111111111111111111111111111111111111111111111111111111111111111111111111111111111111111111111111111111111111111111111111111111111111111111111111111111111111111111111111111111111111111111111111111111111111111111111111111111111111111111111111111111111111111111111111111111111111111111111111111111111111111111111111111111111111111111\",\"roleCode\":\"ff\",\"roleName\":\"fff\",\"sysId\":\"\",\"updateTime\":\"2019-11-28 09:59:15\"},{\"createTime\":\"2019-11-01 14:02:33\",\"enable\":0,\"extension\":\"\",\"id\":\"2\",\"remark\":\"11\",\"roleCode\":\"admin\",\"roleName\":\"角色2\",\"sysId\":\"\",\"updateTime\":\"2019-11-01 14:02:33\"},{\"createTime\":\"2019-11-01 14:02:33\",\"enable\":1,\"extension\":\"\",\"id\":\"3\",\"remark\":\"3\",\"roleCode\":\"\",\"roleName\":\"3\",\"sysId\":\"\",\"updateTime\":\"2019-11-01 14:02:33\"},{\"createTime\":\"2019-11-01 14:02:33\",\"enable\":1,\"extension\":\"\",\"id\":\"333\",\"roleCode\":\"\",\"roleName\":\"aaaa\",\"sysId\":\"\",\"updateTime\":\"2019-11-01 14:02:33\"},{\"createTime\":\"2019-11-25 15:57:48\",\"enable\":1,\"extension\":\"\",\"id\":\"3dcf7daf-451f-4e94-b776-9ba083126436\",\"remark\":\"\",\"roleCode\":\"admin\",\"roleName\":\"角色8\",\"sysId\":\"\",\"updateTime\":\"2019-11-25 15:57:48\"},{\"createTime\":\"2019-11-01 14:02:33\",\"enable\":1,\"extension\":\"\",\"id\":\"4\",\"remark\":\"4\",\"roleCode\":\"\",\"roleName\":\"4\",\"sysId\":\"\",\"updateTime\":\"2019-11-01 14:02:33\"},{\"createTime\":\"2019-11-14 18:22:53\",\"enable\":1,\"extension\":\"\",\"id\":\"4cbff9bc-2ae8-4c39-9aba-1ec1ba9b24c2\",\"remark\":\"string\",\"roleCode\":\"admin\",\"roleName\":\"string\",\"sysId\":\"\",\"updateTime\":\"2019-11-15 11:16:37\"},{\"createTime\":\"2019-11-01 14:02:33\",\"enable\":1,\"extension\":\"\",\"id\":\"5\",\"remark\":\"5\",\"roleCode\":\"\",\"roleName\":\"5\",\"sysId\":\"\",\"updateTime\":\"2019-11-01 14:02:33\"},{\"createTime\":\"2019-11-22 13:34:21\",\"enable\":1,\"extension\":\"\",\"id\":\"543ebce3-e35b-4796-be51-f6cba44b7e79\",\"remark\":\"注意，我是备注\",\"roleCode\":\"00001我可是是汉字吗\",\"roleName\":\"00001测试的第一个\",\"sysId\":\"\",\"updateTime\":\"2019-11-22 13:34:21\"},{\"createTime\":\"2019-11-01 14:02:33\",\"enable\":1,\"extension\":\"\",\"id\":\"6\",\"remark\":\"6\",\"roleCode\":\"\",\"roleName\":\"6\",\"sysId\":\"\",\"updateTime\":\"2019-11-01 14:02:33\"},{\"createTime\":\"2019-11-29 12:59:20\",\"enable\":0,\"extension\":\"\",\"id\":\"6681fe17-1822-4211-8fe8-c807f29d5846\",\"remark\":\"\",\"roleCode\":\"admin\",\"roleName\":\"fefe3\",\"sysId\":\"\",\"updateTime\":\"2019-11-29 12:59:20\"},{\"createTime\":\"2019-11-01 14:02:33\",\"enable\":1,\"extension\":\"\",\"id\":\"7\",\"remark\":\"7\",\"roleCode\":\"\",\"roleName\":\"7\",\"sysId\":\"\",\"updateTime\":\"2019-11-01 14:02:33\"},{\"createTime\":\"2019-11-29 10:09:34\",\"enable\":1,\"extension\":\"\",\"id\":\"71531428-7554-4f9d-8199-3a3b68e7d0f5\",\"remark\":\"ff\",\"roleCode\":\"ff\",\"roleName\":\"ffff2\",\"sysId\":\"\",\"updateTime\":\"2019-11-29 10:09:34\"},{\"createTime\":\"2019-11-18 09:00:25\",\"enable\":0,\"extension\":\"\",\"id\":\"7fdbc0ea-cf71-47fe-a3fe-083634084c18\",\"remark\":\"\",\"roleCode\":\"234\",\"roleName\":\"234\",\"sysId\":\"\",\"updateTime\":\"2019-11-18 09:00:25\"},{\"createTime\":\"2020-03-05 19:41:05\",\"enable\":1,\"extension\":\"\",\"id\":\"8e6d2ec5-0539-4583-92b4-2f6abf67b710\",\"remark\":\"\",\"roleCode\":\"z22\",\"roleName\":\"z22\",\"sysId\":\"\",\"updateTime\":\"2020-03-05 19:41:05\"},{\"createTime\":\"2019-11-21 13:56:15\",\"enable\":1,\"extension\":\"\",\"id\":\"90376afd-a995-4e93-85b1-d973e496acc0\",\"remark\":\"\",\"roleCode\":\"ddd\",\"roleName\":\"ddd\",\"sysId\":\"\",\"updateTime\":\"2019-11-21 13:56:15\"},{\"createTime\":\"2019-11-14 18:23:16\",\"enable\":1,\"extension\":\"a495e5ae-a238-4928-93c2-ac8ee145cf06\",\"id\":\"a495e5ae-a238-4928-93c2-ac8ee145cf06\",\"remark\":\"角色A2001\",\"roleCode\":\"admin\",\"roleName\":\"abc\",\"sysId\":\"\",\"updateTime\":\"2019-11-15 11:23:01\"},{\"createTime\":\"2019-11-01 14:02:33\",\"enable\":1,\"extension\":\"\",\"id\":\"f19ef746-b4f7-4f12-9bba-2e79625952ee\",\"remark\":\"测试角色\",\"roleCode\":\"admin\",\"roleName\":\"角色ssss\",\"sysId\":\"\",\"updateTime\":\"2019-11-18 19:58:35\"}],\"searchCount\":true,\"size\":500,\"total\":20},null,null]', null, '0');
INSERT INTO `sys_operation_param` VALUES ('c7497e5e-7f97-4de6-8bfb-8a710ae8a56b', 'd9551a73-7361-4265-8289-7de2e7ef711b', '[\"department-flag-type\"]', null, '0');
INSERT INTO `sys_operation_param` VALUES ('cb926e69-0893-4e7c-90b5-dd981a67955f', 'a5491f56-2f80-4d7f-b8b6-84fe17853261', '[\"file-server\"]', null, '0');
INSERT INTO `sys_operation_param` VALUES ('cc3446f6-faff-4aff-839a-1197f3bae856', '0a4e253f-c618-40e5-a95e-eab369916ce8', '[]', null, '0');
INSERT INTO `sys_operation_param` VALUES ('cc40ecb2-5456-4fd6-8d0a-f2d3f76e2529', '44f77b8e-d125-4a4a-a4fe-ccdae3714ea2', '[\"6c3846fa-4c38-43ae-b365-93d9c3d4ece4\"]', null, '0');
INSERT INTO `sys_operation_param` VALUES ('d0552354-6384-4430-8ab2-31a750edd053', 'bdba542d-dc41-4e7b-bb1c-99afb945a234', '[]', null, '0');
INSERT INTO `sys_operation_param` VALUES ('d065fe01-5332-4723-8f89-e63c0b5612cb', 'b1122fef-7fec-42b6-9e6d-e6d164c1d0a4', '[{}]', null, '0');
INSERT INTO `sys_operation_param` VALUES ('d0769f17-c962-4afd-b2c4-9d28828fdb56', '6b4feb04-97aa-4876-9369-2f5c9571e082', '[]', null, '0');
INSERT INTO `sys_operation_param` VALUES ('d2ce880d-24ed-44bf-94dd-0615f2253493', 'ff5be900-c2fa-4170-aece-890ffe1632f8', '[\"7b618d0c-228c-4d09-9fd0-9fea753895be\"]', null, '0');
INSERT INTO `sys_operation_param` VALUES ('d3f77ebc-6615-4bce-9923-7ac76e1a46af', '636ce7a9-2eeb-427d-8746-94ad48c234f8', '[\"post-type\"]', null, '0');
INSERT INTO `sys_operation_param` VALUES ('d6e2933f-fb9d-4428-8826-85fba7db20b6', '969ab793-e7f7-4969-b9de-b22b0a14fa07', '[\"1\"]', null, '0');
INSERT INTO `sys_operation_param` VALUES ('d78256ea-1b95-44fa-8b00-86f9a90bacdb', 'aa76b8d0-16a2-4f40-88ab-c2a32cdc7158', '[]', null, '0');
INSERT INTO `sys_operation_param` VALUES ('dc5a2911-0352-4624-9234-210d7beae036', '5b5f72d6-e504-499e-91da-dd2a472ecc40', '[\"1f4bfa6c-9c88-4481-9df9-56044a2f7d63\"]', null, '0');
INSERT INTO `sys_operation_param` VALUES ('ddfd9a06-8b76-436d-8e51-26c97c238f82', '3aaf503a-50f3-4cbf-aecf-295c0790c640', '[{\"current\":1,\"orders\":[{\"asc\":false,\"column\":\"create_time\"}],\"pages\":2,\"parameter\":{},\"records\":[{\"author\":\"Gavin\",\"createBy\":\"1\",\"createTime\":\"2020-03-09 09:29:02\",\"description\":\"角色\",\"entityName\":\"SysRole\",\"id\":\"6b05aff4-b82d-40c7-a543-98935a9d3713\",\"moduleDisplayName\":\"角色\",\"moduleName\":\"SysRole\",\"packagePath\":\"com.rexen.rest\",\"tableName\":\"sys_role\",\"tableRemark\":\"角色\",\"templateType\":\"sigle\",\"updateBy\":\"1\",\"updateTime\":\"2020-03-09 09:29:02\"},{\"author\":\"Gavin\",\"createBy\":\"1\",\"createTime\":\"2020-03-04 14:02:08\",\"description\":\"\",\"entityName\":\"SysConfig\",\"id\":\"5ef9a3a7-8271-455a-8816-70890d4a4188\",\"moduleDisplayName\":\"\",\"moduleName\":\"SysConfig\",\"packagePath\":\"com.rexen.rest\",\"tableName\":\"sys_config\",\"tableRemark\":\"\",\"templateType\":\"sigle\",\"updateBy\":\"1\",\"updateTime\":\"2020-03-04 14:02:08\"},{\"author\":\"Gavin\",\"createBy\":\"1\",\"createTime\":\"2020-03-03 13:27:04\",\"description\":\"\",\"entityName\":\"AdverseEventBasicInfo\",\"id\":\"6c3846fa-4c38-43ae-b365-93d9c3d4ece4\",\"moduleDisplayName\":\"\",\"moduleName\":\"AdverseEventBasicInfo\",\"packagePath\":\"com.rexen.rest\",\"tableName\":\"adverse_event_basic_info\",\"tableRemark\":\"\",\"templateType\":\"sigle\",\"updateBy\":\"1\",\"updateTime\":\"2020-03-03 13:27:04\"},{\"author\":\"Gavin\",\"createBy\":\"1\",\"createTime\":\"2020-03-02 13:46:54\",\"description\":\"\",\"entityName\":\"CustomFormList\",\"id\":\"23ca4072-0f95-48e5-856b-5285870695ec\",\"moduleDisplayName\":\"\",\"moduleName\":\"CustomFormList\",\"packagePath\":\"com.rexen.rest\",\"tableName\":\"custom_form_list\",\"tableRemark\":\"\",\"templateType\":\"sigle\",\"updateBy\":\"1\",\"updateTime\":\"2020-03-02 13:46:54\"},{\"author\":\"Gavin\",\"createBy\":\"1\",\"createTime\":\"2020-03-02 13:46:54\",\"description\":\"\",\"entityName\":\"CustomFormDataVersion\",\"id\":\"de4982de-55c7-40f5-8cda-baa871ca644e\",\"moduleDisplayName\":\"\",\"moduleName\":\"CustomFormDataVersion\",\"packagePath\":\"com.rexen.rest\",\"tableName\":\"custom_form_data_version\",\"tableRemark\":\"\",\"templateType\":\"sigle\",\"updateBy\":\"1\",\"updateTime\":\"2020-03-02 13:46:54\"},{\"author\":\"Gavin\",\"createBy\":\"1\",\"createTime\":\"2020-03-02 13:46:38\",\"description\":\"\",\"entityName\":\"CustomFormData\",\"id\":\"2ec70818-3c5b-430e-99c2-114297e83cd9\",\"moduleDisplayName\":\"\",\"moduleName\":\"CustomFormData\",\"packagePath\":\"com.rexen.rest\",\"tableName\":\"custom_form_data\",\"tableRemark\":\"\",\"templateType\":\"sigle\",\"updateBy\":\"1\",\"updateTime\":\"2020-03-02 13:46:38\"},{\"author\":\"Gavin\",\"createBy\":\"1\",\"createTime\":\"2020-03-02 13:44:53\",\"description\":\"\",\"entityName\":\"AdverseEventType\",\"id\":\"806b55db-e2c1-4e3b-9af1-0490c33fa0c0\",\"moduleDisplayName\":\"\",\"moduleName\":\"AdverseEventType\",\"packagePath\":\"com.rexen.rest\",\"tableName\":\"adverse_event_type\",\"tableRemark\":\"\",\"templateType\":\"sigle\",\"updateBy\":\"1\",\"updateTime\":\"2020-03-02 13:44:53\"},{\"author\":\"Gavin\",\"createBy\":\"1\",\"createTime\":\"2020-02-28 13:51:11\",\"description\":\"\",\"entityName\":\"WorkflowActReDefinition\",\"id\":\"d070f908-5909-4de9-b2a8-48ae47d8b4c2\",\"moduleDisplayName\":\"\",\"moduleName\":\"WorkflowActReDefinition\",\"packagePath\":\"com.rexen.rest\",\"tableName\":\"workflow_act_re_definition\",\"tableRemark\":\"\",\"templateType\":\"sigle\",\"updateBy\":\"1\",\"updateTime\":\"2020-02-28 13:51:11\"},{\"author\":\"Gavin\",\"createBy\":\"1\",\"createTime\":\"2020-02-27 15:03:13\",\"description\":\"\",\"entityName\":\"WorkflowActReActivity\",\"id\":\"07cc7701-8860-4d9a-9296-689ef3967554\",\"moduleDisplayName\":\"\",\"moduleName\":\"WorkflowActReActivity\",\"packagePath\":\"com.rexen.rest\",\"tableName\":\"workflow_act_re_activity\",\"tableRemark\":\"\",\"templateType\":\"sigle\",\"updateBy\":\"1\",\"updateTime\":\"2020-02-28 08:31:22\"},{\"author\":\"Gavin\",\"createBy\":\"1\",\"createTime\":\"2020-02-25 12:39:54\",\"description\":\"用户与角色对应关系\",\"entityName\":\"SysUserRole\",\"id\":\"7b618d0c-228c-4d09-9fd0-9fea753895be\",\"moduleDisplayName\":\"用户与角色对应关系\",\"moduleName\":\"SysUserRole\",\"packagePath\":\"com.rexen.rest\",\"tableName\":\"sys_user_role\",\"tableRemark\":\"用户与角色对应关系\",\"templateType\":\"sigle\",\"updateBy\":\"1\",\"updateTime\":\"2020-03-02 11:20:21\"}],\"searchCount\":true,\"size\":10,\"total\":11},{\"$ref\":\"$.null.parameter\"}]', null, '0');
INSERT INTO `sys_operation_param` VALUES ('de1a361e-4c60-4b23-9d17-39762f3cf484', '4d8acb97-f972-4221-b65d-5c2b8a67f04e', '[\"department-flag-type\"]', null, '0');
INSERT INTO `sys_operation_param` VALUES ('de8d0c83-b3ef-4588-80de-ef8f8f664444', '9abc99f2-851c-4abd-8dfd-4453c201a9d3', '[]', null, '0');
INSERT INTO `sys_operation_param` VALUES ('dedf105b-0d47-432c-9005-b0d0f188650e', 'adf4ebce-fa27-4a86-93a3-0d7fda58659e', '[\"d070f908-5909-4de9-b2a8-48ae47d8b4c2\"]', null, '0');
INSERT INTO `sys_operation_param` VALUES ('dee9ed53-b3da-43ce-a3c2-8228a07e3e92', 'd10c143f-fcaf-47cc-be79-d9d0f759e9a8', '[{\"current\":1,\"orders\":[],\"pages\":1,\"records\":[{\"createTime\":\"2019-11-29 10:09:47\",\"enable\":1,\"extension\":\"\",\"id\":\"059c1fed-0e4e-4085-9674-b3edfdf3b9ed\",\"remark\":\"fefe\",\"roleCode\":\"efef\",\"roleName\":\"efef\",\"sysId\":\"\",\"updateTime\":\"2019-11-29 10:09:47\"},{\"createTime\":\"2019-11-01 14:02:33\",\"enable\":1,\"extension\":\"\",\"id\":\"1\",\"remark\":\"\",\"roleCode\":\"1\",\"roleName\":\"角色123456\",\"sysId\":\"\",\"updateTime\":\"2019-11-19 18:23:23\"},{\"createTime\":\"2019-11-28 09:59:15\",\"enable\":1,\"extension\":\"\",\"id\":\"1fd7ed00-108a-4cde-bd0d-ce58e994cae8\",\"remark\":\"11111111111111111111111111111111111111111111111111111111111111111111111111111111111111111111111111111111111111111111111111111111111111111111111111111111111111111111111111111111111111111111111111111111111111111111111111111111111111111111111111111111111111111111111111111111111111111111111111111111111111111111111111111111111111111111111111111111111111111111111111111111111111111111111111111111111111111111111111111111111111111111111111111111111111111111111111111111111111111111111111111111111111111111\",\"roleCode\":\"ff\",\"roleName\":\"fff\",\"sysId\":\"\",\"updateTime\":\"2019-11-28 09:59:15\"},{\"createTime\":\"2019-11-01 14:02:33\",\"enable\":0,\"extension\":\"\",\"id\":\"2\",\"remark\":\"11\",\"roleCode\":\"admin\",\"roleName\":\"角色2\",\"sysId\":\"\",\"updateTime\":\"2019-11-01 14:02:33\"},{\"createTime\":\"2019-11-01 14:02:33\",\"enable\":1,\"extension\":\"\",\"id\":\"3\",\"remark\":\"3\",\"roleCode\":\"\",\"roleName\":\"3\",\"sysId\":\"\",\"updateTime\":\"2019-11-01 14:02:33\"},{\"createTime\":\"2019-11-01 14:02:33\",\"enable\":1,\"extension\":\"\",\"id\":\"333\",\"roleCode\":\"\",\"roleName\":\"aaaa\",\"sysId\":\"\",\"updateTime\":\"2019-11-01 14:02:33\"},{\"createTime\":\"2019-11-25 15:57:48\",\"enable\":1,\"extension\":\"\",\"id\":\"3dcf7daf-451f-4e94-b776-9ba083126436\",\"remark\":\"\",\"roleCode\":\"admin\",\"roleName\":\"角色8\",\"sysId\":\"\",\"updateTime\":\"2019-11-25 15:57:48\"},{\"createTime\":\"2019-11-01 14:02:33\",\"enable\":1,\"extension\":\"\",\"id\":\"4\",\"remark\":\"4\",\"roleCode\":\"\",\"roleName\":\"4\",\"sysId\":\"\",\"updateTime\":\"2019-11-01 14:02:33\"},{\"createTime\":\"2019-11-14 18:22:53\",\"enable\":1,\"extension\":\"\",\"id\":\"4cbff9bc-2ae8-4c39-9aba-1ec1ba9b24c2\",\"remark\":\"string\",\"roleCode\":\"admin\",\"roleName\":\"string\",\"sysId\":\"\",\"updateTime\":\"2019-11-15 11:16:37\"},{\"createTime\":\"2019-11-01 14:02:33\",\"enable\":1,\"extension\":\"\",\"id\":\"5\",\"remark\":\"5\",\"roleCode\":\"\",\"roleName\":\"5\",\"sysId\":\"\",\"updateTime\":\"2019-11-01 14:02:33\"},{\"createTime\":\"2019-11-22 13:34:21\",\"enable\":1,\"extension\":\"\",\"id\":\"543ebce3-e35b-4796-be51-f6cba44b7e79\",\"remark\":\"注意，我是备注\",\"roleCode\":\"00001我可是是汉字吗\",\"roleName\":\"00001测试的第一个\",\"sysId\":\"\",\"updateTime\":\"2019-11-22 13:34:21\"},{\"createTime\":\"2019-11-01 14:02:33\",\"enable\":1,\"extension\":\"\",\"id\":\"6\",\"remark\":\"6\",\"roleCode\":\"\",\"roleName\":\"6\",\"sysId\":\"\",\"updateTime\":\"2019-11-01 14:02:33\"},{\"createTime\":\"2019-11-29 12:59:20\",\"enable\":0,\"extension\":\"\",\"id\":\"6681fe17-1822-4211-8fe8-c807f29d5846\",\"remark\":\"\",\"roleCode\":\"admin\",\"roleName\":\"fefe3\",\"sysId\":\"\",\"updateTime\":\"2019-11-29 12:59:20\"},{\"createTime\":\"2019-11-01 14:02:33\",\"enable\":1,\"extension\":\"\",\"id\":\"7\",\"remark\":\"7\",\"roleCode\":\"\",\"roleName\":\"7\",\"sysId\":\"\",\"updateTime\":\"2019-11-01 14:02:33\"},{\"createTime\":\"2019-11-29 10:09:34\",\"enable\":1,\"extension\":\"\",\"id\":\"71531428-7554-4f9d-8199-3a3b68e7d0f5\",\"remark\":\"ff\",\"roleCode\":\"ff\",\"roleName\":\"ffff2\",\"sysId\":\"\",\"updateTime\":\"2019-11-29 10:09:34\"},{\"createTime\":\"2019-11-18 09:00:25\",\"enable\":0,\"extension\":\"\",\"id\":\"7fdbc0ea-cf71-47fe-a3fe-083634084c18\",\"remark\":\"\",\"roleCode\":\"234\",\"roleName\":\"234\",\"sysId\":\"\",\"updateTime\":\"2019-11-18 09:00:25\"},{\"createTime\":\"2020-03-05 19:41:05\",\"enable\":1,\"extension\":\"\",\"id\":\"8e6d2ec5-0539-4583-92b4-2f6abf67b710\",\"remark\":\"\",\"roleCode\":\"z22\",\"roleName\":\"z22\",\"sysId\":\"\",\"updateTime\":\"2020-03-05 19:41:05\"},{\"createTime\":\"2019-11-21 13:56:15\",\"enable\":1,\"extension\":\"\",\"id\":\"90376afd-a995-4e93-85b1-d973e496acc0\",\"remark\":\"\",\"roleCode\":\"ddd\",\"roleName\":\"ddd\",\"sysId\":\"\",\"updateTime\":\"2019-11-21 13:56:15\"},{\"createTime\":\"2019-11-14 18:23:16\",\"enable\":1,\"extension\":\"a495e5ae-a238-4928-93c2-ac8ee145cf06\",\"id\":\"a495e5ae-a238-4928-93c2-ac8ee145cf06\",\"remark\":\"角色A2001\",\"roleCode\":\"admin\",\"roleName\":\"abc\",\"sysId\":\"\",\"updateTime\":\"2019-11-15 11:23:01\"},{\"createTime\":\"2019-11-01 14:02:33\",\"enable\":1,\"extension\":\"\",\"id\":\"f19ef746-b4f7-4f12-9bba-2e79625952ee\",\"remark\":\"测试角色\",\"roleCode\":\"admin\",\"roleName\":\"角色ssss\",\"sysId\":\"\",\"updateTime\":\"2019-11-18 19:58:35\"}],\"searchCount\":true,\"size\":500,\"total\":20},null,null]', null, '0');
INSERT INTO `sys_operation_param` VALUES ('def0fcdb-892d-4bed-a028-cd61775a0d2f', '1fd650be-12a0-40ab-9c6a-55b04d6ff154', '[{\"current\":1,\"orders\":[],\"pages\":1,\"records\":[{\"createTime\":\"2019-11-29 10:09:47\",\"enable\":1,\"extension\":\"\",\"id\":\"059c1fed-0e4e-4085-9674-b3edfdf3b9ed\",\"remark\":\"fefe\",\"roleCode\":\"efef\",\"roleName\":\"efef\",\"sysId\":\"\",\"updateTime\":\"2019-11-29 10:09:47\"},{\"createTime\":\"2019-11-01 14:02:33\",\"enable\":1,\"extension\":\"\",\"id\":\"1\",\"remark\":\"\",\"roleCode\":\"1\",\"roleName\":\"角色123456\",\"sysId\":\"\",\"updateTime\":\"2019-11-19 18:23:23\"},{\"createTime\":\"2019-11-28 09:59:15\",\"enable\":1,\"extension\":\"\",\"id\":\"1fd7ed00-108a-4cde-bd0d-ce58e994cae8\",\"remark\":\"11111111111111111111111111111111111111111111111111111111111111111111111111111111111111111111111111111111111111111111111111111111111111111111111111111111111111111111111111111111111111111111111111111111111111111111111111111111111111111111111111111111111111111111111111111111111111111111111111111111111111111111111111111111111111111111111111111111111111111111111111111111111111111111111111111111111111111111111111111111111111111111111111111111111111111111111111111111111111111111111111111111111111111111\",\"roleCode\":\"ff\",\"roleName\":\"fff\",\"sysId\":\"\",\"updateTime\":\"2019-11-28 09:59:15\"},{\"createTime\":\"2019-11-01 14:02:33\",\"enable\":0,\"extension\":\"\",\"id\":\"2\",\"remark\":\"11\",\"roleCode\":\"admin\",\"roleName\":\"角色2\",\"sysId\":\"\",\"updateTime\":\"2019-11-01 14:02:33\"},{\"createTime\":\"2019-11-01 14:02:33\",\"enable\":1,\"extension\":\"\",\"id\":\"3\",\"remark\":\"3\",\"roleCode\":\"\",\"roleName\":\"3\",\"sysId\":\"\",\"updateTime\":\"2019-11-01 14:02:33\"},{\"createTime\":\"2019-11-01 14:02:33\",\"enable\":1,\"extension\":\"\",\"id\":\"333\",\"roleCode\":\"\",\"roleName\":\"aaaa\",\"sysId\":\"\",\"updateTime\":\"2019-11-01 14:02:33\"},{\"createTime\":\"2019-11-25 15:57:48\",\"enable\":1,\"extension\":\"\",\"id\":\"3dcf7daf-451f-4e94-b776-9ba083126436\",\"remark\":\"\",\"roleCode\":\"admin\",\"roleName\":\"角色8\",\"sysId\":\"\",\"updateTime\":\"2019-11-25 15:57:48\"},{\"createTime\":\"2019-11-01 14:02:33\",\"enable\":1,\"extension\":\"\",\"id\":\"4\",\"remark\":\"4\",\"roleCode\":\"\",\"roleName\":\"4\",\"sysId\":\"\",\"updateTime\":\"2019-11-01 14:02:33\"},{\"createTime\":\"2019-11-14 18:22:53\",\"enable\":1,\"extension\":\"\",\"id\":\"4cbff9bc-2ae8-4c39-9aba-1ec1ba9b24c2\",\"remark\":\"string\",\"roleCode\":\"admin\",\"roleName\":\"string\",\"sysId\":\"\",\"updateTime\":\"2019-11-15 11:16:37\"},{\"createTime\":\"2019-11-01 14:02:33\",\"enable\":1,\"extension\":\"\",\"id\":\"5\",\"remark\":\"5\",\"roleCode\":\"\",\"roleName\":\"5\",\"sysId\":\"\",\"updateTime\":\"2019-11-01 14:02:33\"},{\"createTime\":\"2019-11-22 13:34:21\",\"enable\":1,\"extension\":\"\",\"id\":\"543ebce3-e35b-4796-be51-f6cba44b7e79\",\"remark\":\"注意，我是备注\",\"roleCode\":\"00001我可是是汉字吗\",\"roleName\":\"00001测试的第一个\",\"sysId\":\"\",\"updateTime\":\"2019-11-22 13:34:21\"},{\"createTime\":\"2019-11-01 14:02:33\",\"enable\":1,\"extension\":\"\",\"id\":\"6\",\"remark\":\"6\",\"roleCode\":\"\",\"roleName\":\"6\",\"sysId\":\"\",\"updateTime\":\"2019-11-01 14:02:33\"},{\"createTime\":\"2019-11-29 12:59:20\",\"enable\":0,\"extension\":\"\",\"id\":\"6681fe17-1822-4211-8fe8-c807f29d5846\",\"remark\":\"\",\"roleCode\":\"admin\",\"roleName\":\"fefe3\",\"sysId\":\"\",\"updateTime\":\"2019-11-29 12:59:20\"},{\"createTime\":\"2019-11-01 14:02:33\",\"enable\":1,\"extension\":\"\",\"id\":\"7\",\"remark\":\"7\",\"roleCode\":\"\",\"roleName\":\"7\",\"sysId\":\"\",\"updateTime\":\"2019-11-01 14:02:33\"},{\"createTime\":\"2019-11-29 10:09:34\",\"enable\":1,\"extension\":\"\",\"id\":\"71531428-7554-4f9d-8199-3a3b68e7d0f5\",\"remark\":\"ff\",\"roleCode\":\"ff\",\"roleName\":\"ffff2\",\"sysId\":\"\",\"updateTime\":\"2019-11-29 10:09:34\"},{\"createTime\":\"2019-11-18 09:00:25\",\"enable\":0,\"extension\":\"\",\"id\":\"7fdbc0ea-cf71-47fe-a3fe-083634084c18\",\"remark\":\"\",\"roleCode\":\"234\",\"roleName\":\"234\",\"sysId\":\"\",\"updateTime\":\"2019-11-18 09:00:25\"},{\"createTime\":\"2020-03-05 19:41:05\",\"enable\":1,\"extension\":\"\",\"id\":\"8e6d2ec5-0539-4583-92b4-2f6abf67b710\",\"remark\":\"\",\"roleCode\":\"z22\",\"roleName\":\"z22\",\"sysId\":\"\",\"updateTime\":\"2020-03-05 19:41:05\"},{\"createTime\":\"2019-11-21 13:56:15\",\"enable\":1,\"extension\":\"\",\"id\":\"90376afd-a995-4e93-85b1-d973e496acc0\",\"remark\":\"\",\"roleCode\":\"ddd\",\"roleName\":\"ddd\",\"sysId\":\"\",\"updateTime\":\"2019-11-21 13:56:15\"},{\"createTime\":\"2019-11-14 18:23:16\",\"enable\":1,\"extension\":\"a495e5ae-a238-4928-93c2-ac8ee145cf06\",\"id\":\"a495e5ae-a238-4928-93c2-ac8ee145cf06\",\"remark\":\"角色A2001\",\"roleCode\":\"admin\",\"roleName\":\"abc\",\"sysId\":\"\",\"updateTime\":\"2019-11-15 11:23:01\"},{\"createTime\":\"2019-11-01 14:02:33\",\"enable\":1,\"extension\":\"\",\"id\":\"f19ef746-b4f7-4f12-9bba-2e79625952ee\",\"remark\":\"测试角色\",\"roleCode\":\"admin\",\"roleName\":\"角色ssss\",\"sysId\":\"\",\"updateTime\":\"2019-11-18 19:58:35\"}],\"searchCount\":true,\"size\":500,\"total\":20},null,null]', null, '0');
INSERT INTO `sys_operation_param` VALUES ('df588434-1c39-497e-9757-76152900e9f5', '2c3cf730-a723-48a6-9462-5b639ccf2f61', '[\"post-type\"]', null, '0');
INSERT INTO `sys_operation_param` VALUES ('e2c043bd-c33f-4c62-a45d-2fcd9b12c0d1', 'c8719e2f-3f20-4896-b050-ce35444a2769', '[{\"current\":7,\"orders\":[{\"asc\":false,\"column\":\"create_time\"}],\"pages\":7,\"records\":[{\"createTime\":\"2019-04-15 13:22:12\",\"deptName\":\"301总院\",\"dpId\":\"1\",\"email\":\"497491@qq.com\",\"enable\":1,\"extension\":\"\",\"id\":\"6196b3f8-a727-4230-8dc1-771221d2d578\",\"idcard\":\"\",\"maritalStatus\":\"\",\"mobile\":\"18888821111\",\"nation\":\"\",\"normalName\":\"李彦宏syy55555\",\"photo\":\"/profile/photo/default.jpg\",\"post\":\"\",\"rank\":\"\",\"sex\":\"女\",\"subgroup\":\"10000010\",\"title\":\"\",\"updateTime\":\"2019-04-15 13:22:12\",\"username\":\"syy55555\"},{\"createTime\":\"2019-04-15 13:22:12\",\"deptName\":\"301总院\",\"dpId\":\"1\",\"email\":\"666\",\"enable\":1,\"extension\":\"\",\"id\":\"666\",\"idcard\":\"\",\"maritalStatus\":\"\",\"mobile\":\"666\",\"nation\":\"\",\"normalName\":\"李彦宏555\",\"photo\":\"/profile/photo/default.jpg\",\"post\":\"\",\"rank\":\"\",\"sex\":\"女\",\"subgroup\":\"10000010\",\"title\":\"\",\"updateTime\":\"2019-04-15 13:22:12\",\"username\":\"555\"},{\"createTime\":\"2019-04-15 13:22:12\",\"deptName\":\"304分院\",\"dpId\":\"4\",\"email\":\"e\",\"enable\":0,\"extension\":\"\",\"id\":\"6d188cfb-a819-4774-8cfa-fb5bbd277b2f\",\"idcard\":\"\",\"maritalStatus\":\"\",\"mobile\":\"m\",\"nation\":\"\",\"normalName\":\"李彦宏1910\",\"photo\":\"/profile/photo/default.jpg\",\"post\":\"\",\"rank\":\"\",\"sex\":\"女\",\"subgroup\":\"10000010\",\"title\":\"\",\"updateTime\":\"2019-04-15 13:22:12\",\"username\":\"1910\"},{\"createTime\":\"2019-04-15 13:22:12\",\"deptName\":\"301总院\",\"dpId\":\"1\",\"email\":\"497491@qq.com\",\"enable\":1,\"extension\":\"\",\"id\":\"6dea5be1-376e-486b-aca2-6f25980ab17f\",\"idcard\":\"\",\"maritalStatus\":\"\",\"mobile\":\"18888821111\",\"nation\":\"\",\"normalName\":\"李彦宏sys9\",\"photo\":\"/profile/photo/default.jpg\",\"post\":\"\",\"rank\":\"\",\"sex\":\"女\",\"subgroup\":\"10000010\",\"title\":\"\",\"updateTime\":\"2019-04-15 13:22:12\",\"username\":\"sys9\"},{\"createTime\":\"2019-04-15 13:22:12\",\"deptName\":\"301总院\",\"dpId\":\"1\",\"email\":\"497491@qq.com\",\"enable\":1,\"extension\":\"\",\"id\":\"708c9bb4-0b3b-4da4-ba81-f59a5b236b49\",\"idcard\":\"\",\"maritalStatus\":\"\",\"mobile\":\"18888821111\",\"nation\":\"\",\"normalName\":\"李彦宏sys333332\",\"photo\":\"/profile/photo/default.jpg\",\"post\":\"\",\"rank\":\"\",\"sex\":\"女\",\"subgroup\":\"10000010\",\"title\":\"\",\"updateTime\":\"2019-04-15 13:22:12\",\"username\":\"sys333332\"},{\"createTime\":\"2019-04-15 13:22:12\",\"deptName\":\"301总院\",\"dpId\":\"1\",\"email\":\"497491@qq.com\",\"enable\":1,\"extension\":\"\",\"id\":\"88678240-acb9-4950-89d9-67f7ce0c2b0d\",\"idcard\":\"\",\"maritalStatus\":\"\",\"mobile\":\"18888821111\",\"nation\":\"\",\"normalName\":\"李彦宏sys6\",\"photo\":\"/profile/photo/default.jpg\",\"post\":\"\",\"rank\":\"\",\"sex\":\"女\",\"subgroup\":\"10000010\",\"title\":\"\",\"updateTime\":\"2019-04-15 13:22:12\",\"username\":\"sys6\"}],\"searchCount\":true,\"size\":10,\"total\":66},null,null,null,null]', null, '0');
INSERT INTO `sys_operation_param` VALUES ('e616e4b5-b0aa-4674-91b9-c4757a18210a', 'c9c7b57d-febe-4cf9-86dd-6b474483f6fa', '[\"02f75e8e-9594-4b2d-939d-e90efa3a3b34\"]', null, '0');
INSERT INTO `sys_operation_param` VALUES ('e6ab963a-3657-401c-a642-d397fe98ae50', '2b5bfad5-f209-4d40-a750-680cd520ad4b', '[{\"current\":1,\"orders\":[],\"pages\":1,\"records\":[{\"createTime\":\"2019-11-29 10:09:47\",\"enable\":1,\"extension\":\"\",\"id\":\"059c1fed-0e4e-4085-9674-b3edfdf3b9ed\",\"remark\":\"fefe\",\"roleCode\":\"efef\",\"roleName\":\"efef\",\"sysId\":\"\",\"updateTime\":\"2019-11-29 10:09:47\"},{\"createTime\":\"2019-11-01 14:02:33\",\"enable\":1,\"extension\":\"\",\"id\":\"1\",\"remark\":\"\",\"roleCode\":\"1\",\"roleName\":\"角色123456\",\"sysId\":\"\",\"updateTime\":\"2019-11-19 18:23:23\"},{\"createTime\":\"2019-11-28 09:59:15\",\"enable\":1,\"extension\":\"\",\"id\":\"1fd7ed00-108a-4cde-bd0d-ce58e994cae8\",\"remark\":\"11111111111111111111111111111111111111111111111111111111111111111111111111111111111111111111111111111111111111111111111111111111111111111111111111111111111111111111111111111111111111111111111111111111111111111111111111111111111111111111111111111111111111111111111111111111111111111111111111111111111111111111111111111111111111111111111111111111111111111111111111111111111111111111111111111111111111111111111111111111111111111111111111111111111111111111111111111111111111111111111111111111111111111111\",\"roleCode\":\"ff\",\"roleName\":\"fff\",\"sysId\":\"\",\"updateTime\":\"2019-11-28 09:59:15\"},{\"createTime\":\"2019-11-01 14:02:33\",\"enable\":0,\"extension\":\"\",\"id\":\"2\",\"remark\":\"11\",\"roleCode\":\"admin\",\"roleName\":\"角色2\",\"sysId\":\"\",\"updateTime\":\"2019-11-01 14:02:33\"},{\"createTime\":\"2019-11-01 14:02:33\",\"enable\":1,\"extension\":\"\",\"id\":\"3\",\"remark\":\"3\",\"roleCode\":\"\",\"roleName\":\"3\",\"sysId\":\"\",\"updateTime\":\"2019-11-01 14:02:33\"},{\"createTime\":\"2019-11-01 14:02:33\",\"enable\":1,\"extension\":\"\",\"id\":\"333\",\"roleCode\":\"\",\"roleName\":\"aaaa\",\"sysId\":\"\",\"updateTime\":\"2019-11-01 14:02:33\"},{\"createTime\":\"2019-11-25 15:57:48\",\"enable\":1,\"extension\":\"\",\"id\":\"3dcf7daf-451f-4e94-b776-9ba083126436\",\"remark\":\"\",\"roleCode\":\"admin\",\"roleName\":\"角色8\",\"sysId\":\"\",\"updateTime\":\"2019-11-25 15:57:48\"},{\"createTime\":\"2019-11-01 14:02:33\",\"enable\":1,\"extension\":\"\",\"id\":\"4\",\"remark\":\"4\",\"roleCode\":\"\",\"roleName\":\"4\",\"sysId\":\"\",\"updateTime\":\"2019-11-01 14:02:33\"},{\"createTime\":\"2019-11-14 18:22:53\",\"enable\":1,\"extension\":\"\",\"id\":\"4cbff9bc-2ae8-4c39-9aba-1ec1ba9b24c2\",\"remark\":\"string\",\"roleCode\":\"admin\",\"roleName\":\"string\",\"sysId\":\"\",\"updateTime\":\"2019-11-15 11:16:37\"},{\"createTime\":\"2019-11-01 14:02:33\",\"enable\":1,\"extension\":\"\",\"id\":\"5\",\"remark\":\"5\",\"roleCode\":\"\",\"roleName\":\"5\",\"sysId\":\"\",\"updateTime\":\"2019-11-01 14:02:33\"},{\"createTime\":\"2019-11-22 13:34:21\",\"enable\":1,\"extension\":\"\",\"id\":\"543ebce3-e35b-4796-be51-f6cba44b7e79\",\"remark\":\"注意，我是备注\",\"roleCode\":\"00001我可是是汉字吗\",\"roleName\":\"00001测试的第一个\",\"sysId\":\"\",\"updateTime\":\"2019-11-22 13:34:21\"},{\"createTime\":\"2019-11-01 14:02:33\",\"enable\":1,\"extension\":\"\",\"id\":\"6\",\"remark\":\"6\",\"roleCode\":\"\",\"roleName\":\"6\",\"sysId\":\"\",\"updateTime\":\"2019-11-01 14:02:33\"},{\"createTime\":\"2019-11-29 12:59:20\",\"enable\":0,\"extension\":\"\",\"id\":\"6681fe17-1822-4211-8fe8-c807f29d5846\",\"remark\":\"\",\"roleCode\":\"admin\",\"roleName\":\"fefe3\",\"sysId\":\"\",\"updateTime\":\"2019-11-29 12:59:20\"},{\"createTime\":\"2019-11-01 14:02:33\",\"enable\":1,\"extension\":\"\",\"id\":\"7\",\"remark\":\"7\",\"roleCode\":\"\",\"roleName\":\"7\",\"sysId\":\"\",\"updateTime\":\"2019-11-01 14:02:33\"},{\"createTime\":\"2019-11-29 10:09:34\",\"enable\":1,\"extension\":\"\",\"id\":\"71531428-7554-4f9d-8199-3a3b68e7d0f5\",\"remark\":\"ff\",\"roleCode\":\"ff\",\"roleName\":\"ffff2\",\"sysId\":\"\",\"updateTime\":\"2019-11-29 10:09:34\"},{\"createTime\":\"2019-11-18 09:00:25\",\"enable\":0,\"extension\":\"\",\"id\":\"7fdbc0ea-cf71-47fe-a3fe-083634084c18\",\"remark\":\"\",\"roleCode\":\"234\",\"roleName\":\"234\",\"sysId\":\"\",\"updateTime\":\"2019-11-18 09:00:25\"},{\"createTime\":\"2020-03-05 19:41:05\",\"enable\":1,\"extension\":\"\",\"id\":\"8e6d2ec5-0539-4583-92b4-2f6abf67b710\",\"remark\":\"\",\"roleCode\":\"z22\",\"roleName\":\"z22\",\"sysId\":\"\",\"updateTime\":\"2020-03-05 19:41:05\"},{\"createTime\":\"2019-11-21 13:56:15\",\"enable\":1,\"extension\":\"\",\"id\":\"90376afd-a995-4e93-85b1-d973e496acc0\",\"remark\":\"\",\"roleCode\":\"ddd\",\"roleName\":\"ddd\",\"sysId\":\"\",\"updateTime\":\"2019-11-21 13:56:15\"},{\"createTime\":\"2019-11-14 18:23:16\",\"enable\":1,\"extension\":\"a495e5ae-a238-4928-93c2-ac8ee145cf06\",\"id\":\"a495e5ae-a238-4928-93c2-ac8ee145cf06\",\"remark\":\"角色A2001\",\"roleCode\":\"admin\",\"roleName\":\"abc\",\"sysId\":\"\",\"updateTime\":\"2019-11-15 11:23:01\"},{\"createTime\":\"2019-11-01 14:02:33\",\"enable\":1,\"extension\":\"\",\"id\":\"f19ef746-b4f7-4f12-9bba-2e79625952ee\",\"remark\":\"测试角色\",\"roleCode\":\"admin\",\"roleName\":\"角色ssss\",\"sysId\":\"\",\"updateTime\":\"2019-11-18 19:58:35\"}],\"searchCount\":true,\"size\":500,\"total\":20},null,null]', null, '0');
INSERT INTO `sys_operation_param` VALUES ('eae0eaf7-3215-42d3-a18c-19765553475b', 'c58b84c9-5972-494a-8bda-5a82f20723b3', '[\"post-type\"]', null, '0');
INSERT INTO `sys_operation_param` VALUES ('eb8b38ef-751b-43d1-a51e-0b12e1a80447', '6665242e-e1d3-4dec-b884-3d5a9f8aea74', '[\"post-type\"]', null, '0');
INSERT INTO `sys_operation_param` VALUES ('ed899afe-96e1-4a95-bc3a-e55286349726', '57b100d9-3d40-4079-8186-67d06a8d50c4', '[]', null, '0');
INSERT INTO `sys_operation_param` VALUES ('ed98088b-95db-496b-925f-148cb226c3c7', '72d2c31b-7bc9-4016-8ae8-d00b9114b728', '[{\"current\":1,\"orders\":[{\"asc\":false,\"column\":\"create_time\"}],\"pages\":0,\"parameter\":{},\"records\":[],\"searchCount\":true,\"size\":10,\"total\":0},{\"$ref\":\"$.null.parameter\"}]', null, '0');
INSERT INTO `sys_operation_param` VALUES ('ef45370a-9a90-4441-8966-c87f245b2d84', 'b9c89123-5a88-41a5-b5e9-fbdd573944e8', '[\"07cc7701-8860-4d9a-9296-689ef3967554\"]', null, '0');
INSERT INTO `sys_operation_param` VALUES ('ef82ab5d-667a-4954-8735-cf74f1efecd1', 'b44a633a-a7ff-49a0-ba18-149de00d5d96', '[\"d6d99f2a-2895-4e8f-8755-1960ef77e5e7\"]', null, '0');
INSERT INTO `sys_operation_param` VALUES ('f0b75bef-b60d-489b-b4c3-1835d3586a1b', '94349966-fd52-4d02-adb3-bfbea0ab9ab9', '[]', null, '0');
INSERT INTO `sys_operation_param` VALUES ('f389394e-3ad1-465b-a592-1868387e6139', '81e2bc3d-8d90-4ddc-999a-1fb1a00e94c1', '[{}]', null, '0');
INSERT INTO `sys_operation_param` VALUES ('f4374704-64ce-4e4d-b1d4-6e79e9eee2f1', '709747cb-38a6-4e30-93be-65849cf884a7', '[{\"dpId\":\"009b068a-499f-4ec8-945f-63147d306174\",\"enable\":1,\"extension\":\"ff\",\"mobile\":\"13666666666\",\"normalName\":\"exe\",\"photo\":\"\",\"post\":\"post-office-1\",\"roleIds\":[\"059c1fed-0e4e-4085-9674-b3edfdf3b9ed\"],\"sex\":\"男\",\"username\":\"exe\"}]', null, '0');
INSERT INTO `sys_operation_param` VALUES ('f4ed70e1-e84d-4bdf-bd31-553ac6c60087', '4cd86f1b-96eb-4b75-9a11-28bdbca6380a', '[]', null, '0');
INSERT INTO `sys_operation_param` VALUES ('f5efaf93-33d8-4f7d-9cf6-56f2a8b4a34b', '2212ef01-cdc3-4924-bf44-fbd60a4dc0fd', '[\"department-flag-type\"]', null, '0');
INSERT INTO `sys_operation_param` VALUES ('f61a73d8-26fc-423b-bd2d-e2bd0c28034e', 'baf168c7-6335-4ec0-b0a6-066399b1edf0', '[{\"current\":1,\"orders\":[{\"asc\":false,\"column\":\"create_time\"}],\"pages\":2,\"parameter\":{},\"records\":[{\"createBy\":\"1\",\"createTime\":\"2020-03-05 18:29:20\",\"enable\":1,\"id\":\"425e873a-6743-437e-87d3-761dd62829f1\",\"keywords\":\"post-office-1\",\"name\":\"post-office-1\",\"updateBy\":\"1\",\"updateTime\":\"2020-03-05 18:29:20\"},{\"createBy\":\"1\",\"createTime\":\"2020-03-05 18:28:52\",\"enable\":1,\"id\":\"12a6bd51-f172-4eae-b291-42dcb110f98a\",\"keywords\":\"post-office-1\",\"name\":\"post-office-1\",\"updateBy\":\"1\",\"updateTime\":\"2020-03-05 18:28:53\"},{\"createBy\":\"1\",\"createTime\":\"2020-03-05 18:28:11\",\"enable\":1,\"id\":\"64e54f26-62d1-44fd-aadc-b6041cbba770\",\"keywords\":\"post-office-1\",\"name\":\"post-office-1\",\"updateBy\":\"1\",\"updateTime\":\"2020-03-05 18:28:11\"},{\"createBy\":\"1\",\"createTime\":\"2020-02-04 13:16:48\",\"enable\":1,\"id\":\"ca9a5299-4f2c-44cc-a6d9-969f4fee4f6e\",\"keywords\":\"post-office-1\",\"name\":\"post-office-1\",\"updateBy\":\"1\",\"updateTime\":\"2020-02-04 13:16:48\"},{\"createBy\":\"1\",\"createTime\":\"2019-12-19 15:08:01\",\"enable\":1,\"id\":\"1207558183065939969\",\"name\":\"你好好99\",\"updateBy\":\"1\",\"updateTime\":\"2019-12-19 16:40:09\"},{\"createBy\":\"1\",\"createTime\":\"2019-12-19 15:06:15\",\"enable\":1,\"id\":\"1207557737349836802\",\"name\":\"adsfdsffffff\",\"updateBy\":\"1\",\"updateTime\":\"2019-12-19 15:06:15\"},{\"createBy\":\"\",\"createTime\":\"2019-12-19 13:23:59\",\"enable\":0,\"id\":\"1\",\"keywords\":\"adf\",\"name\":\"abc\",\"updateBy\":\"\",\"updateTime\":\"2019-12-19 13:23:59\"},{\"createBy\":\"\",\"createTime\":\"2019-12-19 13:23:59\",\"enable\":0,\"id\":\"2\",\"keywords\":\"是打发点a\",\"name\":\"哈哈哈a44\",\"updateBy\":\"1\",\"updateTime\":\"2019-12-19 16:40:21\"},{\"createBy\":\"\",\"createTime\":\"2019-12-19 13:23:59\",\"enable\":0,\"id\":\"3\",\"keywords\":\"1\",\"name\":\"飞机\",\"updateBy\":\"\",\"updateTime\":\"2019-12-19 13:23:59\"},{\"createBy\":\"\",\"createTime\":\"2019-12-19 13:23:59\",\"enable\":0,\"id\":\"4\",\"keywords\":\"fff\",\"name\":\"aaa\",\"updateBy\":\"\",\"updateTime\":\"2019-12-19 13:23:59\"}],\"searchCount\":true,\"size\":10,\"total\":11},{\"$ref\":\"$.null.parameter\"}]', null, '0');
INSERT INTO `sys_operation_param` VALUES ('f77d12b3-7b7f-4a0b-ae55-1438022ca054', 'c3593895-8c31-4a9d-bf5c-df128093d878', '[\"post-type\"]', null, '0');
INSERT INTO `sys_operation_param` VALUES ('f7b2dff6-5061-4eb0-b543-d68053b3ac36', '2449c237-fb68-45da-a6af-ece31eaeb5c1', '[]', null, '0');
INSERT INTO `sys_operation_param` VALUES ('f9606c22-2bbc-409a-b5b5-c08ca7efe4d2', 'a8035c27-e707-4ed6-a9ce-14576c9d99d9', '[\"1\"]', null, '0');
INSERT INTO `sys_operation_param` VALUES ('fa10cccb-4d17-4725-ae43-afb9653b7e54', '74349eeb-be53-4c32-8039-ae33a289cf5e', '[{\"current\":1,\"orders\":[{\"asc\":false,\"column\":\"create_time\"}],\"pages\":7,\"records\":[{\"createTime\":\"2020-03-05 19:40:38\",\"deptName\":\"神经门诊1组-专家组\",\"dpId\":\"009b068a-499f-4ec8-945f-63147d306174\",\"email\":\"\",\"enable\":1,\"extension\":\"\",\"id\":\"1f4bfa6c-9c88-4481-9df9-56044a2f7d63\",\"mobile\":\"13804462189\",\"normalName\":\"zoe2\",\"photo\":\"\",\"post\":\"post-office-1\",\"rank\":\"\",\"sex\":\"男\",\"title\":\"\",\"updateTime\":\"2020-03-05 19:40:38\",\"username\":\"zoe2\"},{\"createTime\":\"2020-03-05 19:11:31\",\"deptName\":\"303分院\",\"dpId\":\"3\",\"email\":\"\",\"enable\":1,\"extension\":\"\",\"id\":\"3a355bda-81f5-4824-9dac-513590cfb271\",\"mobile\":\"13811111111\",\"normalName\":\"ffff\",\"photo\":\"\",\"post\":\"post-office-1\",\"rank\":\"\",\"sex\":\"男\",\"title\":\"\",\"updateTime\":\"2020-03-05 19:11:31\",\"username\":\"1122\"},{\"createTime\":\"2019-11-29 12:58:38\",\"deptName\":\"内科\",\"dpId\":\"10002\",\"email\":\"\",\"enable\":0,\"extension\":\"\",\"id\":\"2f637a13-820e-462b-9556-40a6e0e12dbc\",\"mobile\":\"13333333333\",\"normalName\":\"ef22\",\"photo\":\"\",\"post\":\"post-office-1\",\"rank\":\"\",\"sex\":\"女\",\"title\":\"\",\"updateTime\":\"2019-11-29 12:58:38\",\"username\":\"ffffeeek\"},{\"createTime\":\"2019-11-29 10:09:12\",\"deptName\":\"解放军医院组织机构\",\"dpId\":\"0\",\"email\":\"\",\"enable\":1,\"extension\":\"fff\",\"id\":\"c556b388-354e-42ca-9c92-34ff9a149c50\",\"mobile\":\"13333333333\",\"normalName\":\"ffff\",\"photo\":\"\",\"post\":\"post-office-1\",\"rank\":\"\",\"sex\":\"男\",\"title\":\"\",\"updateTime\":\"2019-11-29 10:09:12\",\"username\":\"ffff2\"},{\"createTime\":\"2019-11-28 15:58:58\",\"deptName\":\"304分院\",\"dpId\":\"4\",\"email\":\"\",\"enable\":1,\"extension\":\"\",\"id\":\"7edd783a-0e24-4267-98f8-1c05cd047599\",\"mobile\":\"12222222222\",\"normalName\":\"ffff\",\"photo\":\"\",\"post\":\"post-office-1\",\"rank\":\"\",\"sex\":\"男\",\"title\":\"\",\"updateTime\":\"2019-11-28 15:58:58\",\"username\":\"ffff\"},{\"createTime\":\"2019-11-28 10:00:13\",\"deptName\":\"解放军医院组织机构\",\"dpId\":\"0\",\"email\":\"\",\"enable\":1,\"extension\":\"11111111111111111111111111111111111111111111111111111111111111111111111111111111111111111111111111111111111111111111111111111111111111111111111111111111111111111111111111111111111111111111111111111111111111111111111111111111111111111111111111111111111111111111111111111111111111111111111111111111111111111111111111111111111111111111111111111111111111111111111111111111111111111111111111111111111111111111111111111111111111111111111111111111111111111111111111111111111111111111111111111111111111111111\",\"id\":\"e5f9ac6b-9b7c-4de9-ad6a-f40df25559bc\",\"mobile\":\"12333333333\",\"normalName\":\"fff\",\"photo\":\"\",\"post\":\"post-office-1\",\"rank\":\"\",\"sex\":\"男\",\"title\":\"\",\"updateTime\":\"2019-11-28 10:00:13\",\"username\":\"fff\"},{\"createTime\":\"2019-11-27 18:32:32\",\"deptName\":\"解放军医院组织机构\",\"dpId\":\"0\",\"email\":\"\",\"enable\":1,\"extension\":\"\",\"id\":\"9f56e244-7199-406e-80a5-190f23022277\",\"mobile\":\"12222222222\",\"normalName\":\"x\",\"photo\":\"20191127/1/timg (4).jpeg\",\"post\":\"post-office-1\",\"rank\":\"\",\"sex\":\"男\",\"title\":\"\",\"updateTime\":\"2019-11-27 18:32:32\",\"username\":\"x\"},{\"createTime\":\"2019-11-27 18:04:55\",\"deptName\":\"解放军医院组织机构\",\"dpId\":\"0\",\"email\":\"\",\"enable\":0,\"extension\":\"\",\"id\":\"3b55cb42-7c09-4c17-a275-fb175d7496a0\",\"mobile\":\"12222222222\",\"normalName\":\"ff\",\"photo\":\"20191127/1/timg (4).jpeg\",\"post\":\"post-office-1\",\"rank\":\"\",\"sex\":\"男\",\"title\":\"\",\"updateTime\":\"2019-11-27 18:04:55\",\"username\":\"ff\"},{\"createTime\":\"2019-11-27 17:58:48\",\"deptName\":\"解放军医院组织机构\",\"dpId\":\"0\",\"email\":\"\",\"enable\":1,\"extension\":\"fff\",\"id\":\"57c529f4-79a3-4443-a85e-aface4b535c3\",\"mobile\":\"12222222222\",\"normalName\":\"gg\",\"photo\":\"20191127/1/timg (4).jpeg\",\"post\":\"post-office-1\",\"rank\":\"\",\"sex\":\"男\",\"title\":\"\",\"updateTime\":\"2019-11-27 17:58:48\",\"username\":\"gg\"},{\"createTime\":\"2019-11-27 17:58:05\",\"deptName\":\"304分院\",\"dpId\":\"4\",\"email\":\"\",\"enable\":1,\"extension\":\"\",\"id\":\"e7a52141-4a4c-423b-94c2-51fbf79f79d6\",\"mobile\":\"11111111111\",\"normalName\":\"g\",\"photo\":\"20191127/1/timg (4).jpeg\",\"post\":\"post-office-1\",\"rank\":\"\",\"sex\":\"男\",\"title\":\"\",\"updateTime\":\"2019-11-27 17:58:05\",\"username\":\"g\"}],\"searchCount\":true,\"size\":10,\"total\":66},null,null,null,null]', null, '0');
INSERT INTO `sys_operation_param` VALUES ('fb8e97c5-c03c-4c80-be04-f7010c965e0c', 'c3830f90-f1a3-4bea-8086-7d072273de8c', '[\"post-type\"]', null, '0');
INSERT INTO `sys_operation_param` VALUES ('fdfa82dd-b71d-4fae-8901-6f930780b970', 'b3186e10-5ad2-4571-a2e9-b7ba3b79e18e', '[]', null, '0');

-- ----------------------------
-- Table structure for sys_permission_dependency
-- ----------------------------
DROP TABLE IF EXISTS `sys_permission_dependency`;
CREATE TABLE `sys_permission_dependency` (
  `id` varchar(36) NOT NULL,
  `name` varchar(30) NOT NULL,
  `dependency` varchar(200) NOT NULL,
  `extension` varchar(200) NOT NULL DEFAULT '',
  PRIMARY KEY (`id`),
  UNIQUE KEY `name_idx` (`name`)
) ENGINE=InnoDB DEFAULT CHARSET=utf8;

-- ----------------------------
-- Records of sys_permission_dependency
-- ----------------------------
INSERT INTO `sys_permission_dependency` VALUES ('1', 'sys:user', 'sys:role:view,sys:dept:view', '');
INSERT INTO `sys_permission_dependency` VALUES ('2', 'sys:role', 'sys:user:view,sys:dept:view', '');

-- ----------------------------
-- Table structure for sys_permission_element
-- ----------------------------
DROP TABLE IF EXISTS `sys_permission_element`;
CREATE TABLE `sys_permission_element` (
  `id` varchar(255) NOT NULL,
  `name` varchar(255) NOT NULL,
  `description` varchar(255) DEFAULT NULL,
  PRIMARY KEY (`id`)
) ENGINE=InnoDB DEFAULT CHARSET=utf8 ROW_FORMAT=DYNAMIC;

-- ----------------------------
-- Records of sys_permission_element
-- ----------------------------
INSERT INTO `sys_permission_element` VALUES ('100', 'access', '访问');
INSERT INTO `sys_permission_element` VALUES ('101', 'view', '查看');
INSERT INTO `sys_permission_element` VALUES ('102', 'add', '新增');
INSERT INTO `sys_permission_element` VALUES ('103', 'edit', '修改');
INSERT INTO `sys_permission_element` VALUES ('104', 'delete', '删除');
INSERT INTO `sys_permission_element` VALUES ('105', 'export', '导出');
INSERT INTO `sys_permission_element` VALUES ('106', 'import', '导入');
INSERT INTO `sys_permission_element` VALUES ('107', 'design', '设计');

-- ----------------------------
-- Table structure for sys_role
-- ----------------------------
DROP TABLE IF EXISTS `sys_role`;
CREATE TABLE `sys_role` (
  `id` varchar(36) NOT NULL,
  `role_name` varchar(100) DEFAULT NULL COMMENT '角色名称',
  `role_code` varchar(36) NOT NULL,
  `create_time` timestamp NOT NULL DEFAULT CURRENT_TIMESTAMP COMMENT '创建时间',
  `update_time` timestamp NOT NULL DEFAULT CURRENT_TIMESTAMP ON UPDATE CURRENT_TIMESTAMP COMMENT '更新时间',
  `enable` smallint(6) NOT NULL DEFAULT '1' COMMENT '0 代表不可用； 1 代表可用',
  `extension` varchar(501) NOT NULL DEFAULT '' COMMENT '扩展字段',
  `remark` varchar(501) DEFAULT NULL COMMENT '备注',
  `sys_id` varchar(36) NOT NULL DEFAULT '',
  `sort` int(11) NOT NULL DEFAULT '99',
  PRIMARY KEY (`id`)
) ENGINE=InnoDB DEFAULT CHARSET=utf8 AVG_ROW_LENGTH=16384 ROW_FORMAT=DYNAMIC COMMENT='角色';

-- ----------------------------
-- Records of sys_role
-- ----------------------------
INSERT INTO `sys_role` VALUES ('059c1fed-0e4e-4085-9674-b3edfdf3b9ed', 'efef', 'efef', '2019-11-29 10:09:47', '2019-11-29 10:09:47', '1', '', 'fefe', '', '99');
INSERT INTO `sys_role` VALUES ('1', '角色123456', '1', '2019-11-01 14:02:33', '2019-11-19 18:23:23', '1', '', '', '', '0');
INSERT INTO `sys_role` VALUES ('1fd7ed00-108a-4cde-bd0d-ce58e994cae8', 'fff', 'ff', '2019-11-28 09:59:15', '2019-11-28 09:59:15', '1', '', '11111111111111111111111111111111111111111111111111111111111111111111111111111111111111111111111111111111111111111111111111111111111111111111111111111111111111111111111111111111111111111111111111111111111111111111111111111111111111111111111111111111111111111111111111111111111111111111111111111111111111111111111111111111111111111111111111111111111111111111111111111111111111111111111111111111111111111111111111111111111111111111111111111111111111111111111111111111111111111111111111111111111111111111', '', '99');
INSERT INTO `sys_role` VALUES ('2', '角色2', 'admin', '2019-11-01 14:02:33', '2019-11-01 14:02:33', '0', '', '11', '', '0');
INSERT INTO `sys_role` VALUES ('3', '3', '', '2019-11-01 14:02:33', '2019-11-01 14:02:33', '1', '', '3', '', '0');
INSERT INTO `sys_role` VALUES ('333', 'aaaa', '', '2019-11-01 14:02:33', '2019-11-01 14:02:33', '1', '', null, '', '0');
INSERT INTO `sys_role` VALUES ('3dcf7daf-451f-4e94-b776-9ba083126436', '角色8', 'admin', '2019-11-25 15:57:48', '2019-11-25 15:57:48', '1', '', '', '', '99');
INSERT INTO `sys_role` VALUES ('4', '4', '', '2019-11-01 14:02:33', '2019-11-01 14:02:33', '1', '', '4', '', '0');
INSERT INTO `sys_role` VALUES ('4cbff9bc-2ae8-4c39-9aba-1ec1ba9b24c2', 'string', 'admin', '2019-11-14 18:22:53', '2019-11-15 11:16:37', '1', '', 'string', '', '99');
INSERT INTO `sys_role` VALUES ('5', '5', '', '2019-11-01 14:02:33', '2019-11-01 14:02:33', '1', '', '5', '', '0');
INSERT INTO `sys_role` VALUES ('543ebce3-e35b-4796-be51-f6cba44b7e79', '00001测试的第一个', '00001我可是是汉字吗', '2019-11-22 13:34:21', '2019-11-22 13:34:21', '1', '', '注意，我是备注', '', '99');
INSERT INTO `sys_role` VALUES ('6', '6', '', '2019-11-01 14:02:33', '2019-11-01 14:02:33', '1', '', '6', '', '0');
INSERT INTO `sys_role` VALUES ('6681fe17-1822-4211-8fe8-c807f29d5846', 'fefe3', 'admin', '2019-11-29 12:59:20', '2019-11-29 12:59:20', '0', '', '', '', '99');
INSERT INTO `sys_role` VALUES ('7', '7', '', '2019-11-01 14:02:33', '2019-11-01 14:02:33', '1', '', '7', '', '0');
INSERT INTO `sys_role` VALUES ('71531428-7554-4f9d-8199-3a3b68e7d0f5', 'ffff2', 'ff', '2019-11-29 10:09:34', '2019-11-29 10:09:34', '1', '', 'ff', '', '99');
INSERT INTO `sys_role` VALUES ('7fdbc0ea-cf71-47fe-a3fe-083634084c18', '234', '234', '2019-11-18 09:00:25', '2019-11-18 09:00:25', '0', '', '', '', '99');
INSERT INTO `sys_role` VALUES ('8e6d2ec5-0539-4583-92b4-2f6abf67b710', 'z22', 'z22', '2020-03-05 19:41:05', '2020-03-05 19:41:05', '1', '', '', '', '99');
INSERT INTO `sys_role` VALUES ('90376afd-a995-4e93-85b1-d973e496acc0', 'ddd', 'ddd', '2019-11-21 13:56:15', '2019-11-21 13:56:15', '1', '', '', '', '99');
INSERT INTO `sys_role` VALUES ('a495e5ae-a238-4928-93c2-ac8ee145cf06', 'abc', 'admin', '2019-11-14 18:23:16', '2019-11-15 11:23:01', '1', 'a495e5ae-a238-4928-93c2-ac8ee145cf06', '角色A2001', '', '99');
INSERT INTO `sys_role` VALUES ('f19ef746-b4f7-4f12-9bba-2e79625952ee', '角色ssss', 'admin', '2019-11-01 14:02:33', '2019-11-18 19:58:35', '1', '', '测试角色', '', '0');

-- ----------------------------
-- Table structure for sys_role_menu
-- ----------------------------
DROP TABLE IF EXISTS `sys_role_menu`;
CREATE TABLE `sys_role_menu` (
  `id` varchar(36) NOT NULL,
  `role_id` varchar(36) DEFAULT NULL COMMENT '角色ID',
  `menu_id` varchar(36) DEFAULT NULL COMMENT '菜单ID',
  PRIMARY KEY (`id`)
) ENGINE=InnoDB DEFAULT CHARSET=utf8 AVG_ROW_LENGTH=4096 ROW_FORMAT=DYNAMIC COMMENT='角色与菜单对应关系';

-- ----------------------------
-- Records of sys_role_menu
-- ----------------------------
INSERT INTO `sys_role_menu` VALUES ('00b4f668-93a5-436c-8c08-195be30ff6e8', '2', '10107');
INSERT INTO `sys_role_menu` VALUES ('00bfb3ba-96f6-4854-a836-7c33a04eb671', 'f19ef746-b4f7-4f12-9bba-2e79625952ee', '10108');
INSERT INTO `sys_role_menu` VALUES ('0268d507-12ef-4e7d-8cef-381cca0939cc', '543ebce3-e35b-4796-be51-f6cba44b7e79', '10101');
INSERT INTO `sys_role_menu` VALUES ('02e62d37-18e2-4dc5-a2c9-89ab5a409506', '2', '10206');
INSERT INTO `sys_role_menu` VALUES ('044c38a7-fa22-49c4-b629-8e2feb270425', 'a495e5ae-a238-4928-93c2-ac8ee145cf06', '1');
INSERT INTO `sys_role_menu` VALUES ('04557fe4-e828-411d-9a6e-09a4cd3bfdb5', '90376afd-a995-4e93-85b1-d973e496acc0', '10107');
INSERT INTO `sys_role_menu` VALUES ('05a9347e-9dd4-41cb-b5f3-b006222cf7d8', '90376afd-a995-4e93-85b1-d973e496acc0', '10203');
INSERT INTO `sys_role_menu` VALUES ('0658d0e6-7d17-46f8-b40d-61f136a3820d', '8e6d2ec5-0539-4583-92b4-2f6abf67b710', '102');
INSERT INTO `sys_role_menu` VALUES ('0947b71f-403c-40a5-8ecd-c11b94b7a080', '3dcf7daf-451f-4e94-b776-9ba083126436', '10201');
INSERT INTO `sys_role_menu` VALUES ('096319dd-b192-4ac8-a75a-bd7b62a71b22', '90376afd-a995-4e93-85b1-d973e496acc0', '1');
INSERT INTO `sys_role_menu` VALUES ('0ac2f285-3da3-4d72-938d-96d758bbe05e', '059c1fed-0e4e-4085-9674-b3edfdf3b9ed', '9101');
INSERT INTO `sys_role_menu` VALUES ('0ae7f452-5cb8-4dbc-b106-8fcd719aa200', '3dcf7daf-451f-4e94-b776-9ba083126436', '10103');
INSERT INTO `sys_role_menu` VALUES ('0b95fddd-5106-4ffd-9fc2-587fe8afbdaa', '059c1fed-0e4e-4085-9674-b3edfdf3b9ed', '10303');
INSERT INTO `sys_role_menu` VALUES ('0c0cc7a6-0401-4307-a778-0c6c7bbdb691', '543ebce3-e35b-4796-be51-f6cba44b7e79', '10302');
INSERT INTO `sys_role_menu` VALUES ('0dc9301b-7e48-4162-b716-5bbd51d66939', '1', '10102');
INSERT INTO `sys_role_menu` VALUES ('0e4c4b7b-1978-4adc-9103-320867fd48d1', '90376afd-a995-4e93-85b1-d973e496acc0', '10106');
INSERT INTO `sys_role_menu` VALUES ('0eef2f79-d2bc-4ef0-b0a8-3ad04b1f4c88', '90376afd-a995-4e93-85b1-d973e496acc0', '10301');
INSERT INTO `sys_role_menu` VALUES ('0f0c84d4-57ee-4940-8bac-4f342656c68f', '71531428-7554-4f9d-8199-3a3b68e7d0f5', '10303');
INSERT INTO `sys_role_menu` VALUES ('0f50d1eb-ffb7-494e-8e15-2851d060a05c', '8e6d2ec5-0539-4583-92b4-2f6abf67b710', '103');
INSERT INTO `sys_role_menu` VALUES ('0faa6c14-a0cc-44d9-bda1-23eea73381b1', '90376afd-a995-4e93-85b1-d973e496acc0', '10302');
INSERT INTO `sys_role_menu` VALUES ('10208b2a-7635-473a-a677-d5950e5bc79a', '8e6d2ec5-0539-4583-92b4-2f6abf67b710', '10201');
INSERT INTO `sys_role_menu` VALUES ('11247ebd-b61e-4257-88fd-3fbc65bb0bf4', '543ebce3-e35b-4796-be51-f6cba44b7e79', '10201');
INSERT INTO `sys_role_menu` VALUES ('117cea2c-e536-465a-b565-58a23ff23a76', '8e6d2ec5-0539-4583-92b4-2f6abf67b710', '10206');
INSERT INTO `sys_role_menu` VALUES ('130a9e2b-814e-41d0-bd1c-29e3fb0ba805', '059c1fed-0e4e-4085-9674-b3edfdf3b9ed', '10203');
INSERT INTO `sys_role_menu` VALUES ('13385998-899a-4ffc-a2e5-ddac6237a7fa', '8e6d2ec5-0539-4583-92b4-2f6abf67b710', '91');
INSERT INTO `sys_role_menu` VALUES ('13f0f4a6-2a98-45e6-a01d-317f75c4c293', '71531428-7554-4f9d-8199-3a3b68e7d0f5', '101');
INSERT INTO `sys_role_menu` VALUES ('146a1028-f7bb-4d6c-b405-303d1aa3d53c', 'f19ef746-b4f7-4f12-9bba-2e79625952ee', '10308');
INSERT INTO `sys_role_menu` VALUES ('15cbeb71-0ca8-416b-b870-c0b971fc9261', '059c1fed-0e4e-4085-9674-b3edfdf3b9ed', '10304');
INSERT INTO `sys_role_menu` VALUES ('19e4fc97-6992-4453-9cbb-fa6387b8a0ff', '059c1fed-0e4e-4085-9674-b3edfdf3b9ed', '10205');
INSERT INTO `sys_role_menu` VALUES ('1bbe60c4-9b08-4788-991a-9416d03ffe71', '2', '10304');
INSERT INTO `sys_role_menu` VALUES ('1c655513-b60c-4554-a8c6-533bced2c303', '7fdbc0ea-cf71-47fe-a3fe-083634084c18', '103');
INSERT INTO `sys_role_menu` VALUES ('201999f9-babb-4b3f-a81d-926b2eb36320', '059c1fed-0e4e-4085-9674-b3edfdf3b9ed', '10107');
INSERT INTO `sys_role_menu` VALUES ('21234e32-a739-45da-8d15-a9b7ba1eefd8', '2', '10104');
INSERT INTO `sys_role_menu` VALUES ('2218ca42-9a88-44d4-b922-43324ef80ead', '3dcf7daf-451f-4e94-b776-9ba083126436', '10203');
INSERT INTO `sys_role_menu` VALUES ('25408f75-da3f-4bbb-8682-33a10c14aa33', '059c1fed-0e4e-4085-9674-b3edfdf3b9ed', '910102');
INSERT INTO `sys_role_menu` VALUES ('257ab8f4-3c93-475f-9645-5d72ab075191', 'f19ef746-b4f7-4f12-9bba-2e79625952ee', '10303');
INSERT INTO `sys_role_menu` VALUES ('260dfdfd-7bbd-4d23-b675-8e4910f98282', '90376afd-a995-4e93-85b1-d973e496acc0', '10204');
INSERT INTO `sys_role_menu` VALUES ('266ed47a-9faf-4acb-987a-b33896e0774e', '1', '10101');
INSERT INTO `sys_role_menu` VALUES ('269567d7-dd2e-4cbf-9542-b17be7754285', '543ebce3-e35b-4796-be51-f6cba44b7e79', '10202');
INSERT INTO `sys_role_menu` VALUES ('2846d234-5014-4ba9-8ad4-3c3df8d32c4c', '71531428-7554-4f9d-8199-3a3b68e7d0f5', '10307');
INSERT INTO `sys_role_menu` VALUES ('28a40b2c-4fb9-4bb9-83b3-83b9ebc875f6', '6681fe17-1822-4211-8fe8-c807f29d5846', '10102');
INSERT INTO `sys_role_menu` VALUES ('2b5c975f-4158-49d1-8470-cbfe7937c1dd', '059c1fed-0e4e-4085-9674-b3edfdf3b9ed', '91');
INSERT INTO `sys_role_menu` VALUES ('2bb506bd-061b-496c-82d2-7cfa05cad662', '90376afd-a995-4e93-85b1-d973e496acc0', '10304');
INSERT INTO `sys_role_menu` VALUES ('308b463f-3b5f-4fe0-a03e-1ee5b15b102e', 'f19ef746-b4f7-4f12-9bba-2e79625952ee', '10105');
INSERT INTO `sys_role_menu` VALUES ('327508c2-c076-41e2-a5e8-949ba9722b45', '543ebce3-e35b-4796-be51-f6cba44b7e79', '10107');
INSERT INTO `sys_role_menu` VALUES ('337e5295-ef17-4867-a605-d578fccf4dac', '543ebce3-e35b-4796-be51-f6cba44b7e79', '101');
INSERT INTO `sys_role_menu` VALUES ('366ec196-1224-4c6b-861b-199e772aae14', '059c1fed-0e4e-4085-9674-b3edfdf3b9ed', '102');
INSERT INTO `sys_role_menu` VALUES ('36b0ad1c-4940-43be-b8b6-10e391c99229', '6681fe17-1822-4211-8fe8-c807f29d5846', '10105');
INSERT INTO `sys_role_menu` VALUES ('385de93d-f254-42cc-a542-582a7db2afe2', '059c1fed-0e4e-4085-9674-b3edfdf3b9ed', '910105');
INSERT INTO `sys_role_menu` VALUES ('3920828b-35d8-475a-a190-f8a27966ffeb', '71531428-7554-4f9d-8199-3a3b68e7d0f5', '10106');
INSERT INTO `sys_role_menu` VALUES ('3af91066-4e21-40f9-8ea7-684216d65557', '71531428-7554-4f9d-8199-3a3b68e7d0f5', '10203');
INSERT INTO `sys_role_menu` VALUES ('3bc2cb49-dd2e-4e07-ac67-f02febc774dd', '059c1fed-0e4e-4085-9674-b3edfdf3b9ed', '910106');
INSERT INTO `sys_role_menu` VALUES ('3c2f41f6-6115-49ee-824a-364353399f1e', '8e6d2ec5-0539-4583-92b4-2f6abf67b710', '10101');
INSERT INTO `sys_role_menu` VALUES ('3dc884ec-9c87-4e1f-928e-eaee1fdcfe4d', '3dcf7daf-451f-4e94-b776-9ba083126436', '10101');
INSERT INTO `sys_role_menu` VALUES ('3e34f0bf-fdbc-4d70-a7f5-5ccd61a4a6aa', '90376afd-a995-4e93-85b1-d973e496acc0', '10108');
INSERT INTO `sys_role_menu` VALUES ('3f8d9dfe-793f-43e9-8ded-739fa2cfe0bb', '6681fe17-1822-4211-8fe8-c807f29d5846', '10103');
INSERT INTO `sys_role_menu` VALUES ('3fddf6a5-f0a7-4256-9652-188efb26ae63', '2', '10307');
INSERT INTO `sys_role_menu` VALUES ('413e020d-04b5-434f-92cd-206d9464b6c8', '2', '101');
INSERT INTO `sys_role_menu` VALUES ('414394ff-f812-421c-a388-c476e8261dfe', '2', '10301');
INSERT INTO `sys_role_menu` VALUES ('42383658-5ab5-4a1a-83fa-dadc7c33482e', '2', '10308');
INSERT INTO `sys_role_menu` VALUES ('43265148-023d-4e88-8bd7-91089b7913a8', '8e6d2ec5-0539-4583-92b4-2f6abf67b710', '910108');
INSERT INTO `sys_role_menu` VALUES ('440a338a-554d-436d-a4b2-08f2e399cc50', '543ebce3-e35b-4796-be51-f6cba44b7e79', '10103');
INSERT INTO `sys_role_menu` VALUES ('452b24e9-b065-418b-9a2f-a6829c36cd5d', '8e6d2ec5-0539-4583-92b4-2f6abf67b710', '910104');
INSERT INTO `sys_role_menu` VALUES ('454cbda4-0ae2-4077-9536-3ede57c250bf', 'f19ef746-b4f7-4f12-9bba-2e79625952ee', '10205');
INSERT INTO `sys_role_menu` VALUES ('457994c1-b4f2-4274-852d-b38efdf5c50b', '3dcf7daf-451f-4e94-b776-9ba083126436', '10202');
INSERT INTO `sys_role_menu` VALUES ('45845dbc-7e06-481c-b86c-02b41b2add49', '6681fe17-1822-4211-8fe8-c807f29d5846', '10101');
INSERT INTO `sys_role_menu` VALUES ('469df5ce-c544-4912-94c9-48937022e725', '2', '10204');
INSERT INTO `sys_role_menu` VALUES ('47a7895a-72b6-45e9-8d6f-d9fb132b34bf', '2', '1');
INSERT INTO `sys_role_menu` VALUES ('48068c8f-1dfb-4156-915a-3151ce48f5a4', '4cbff9bc-2ae8-4c39-9aba-1ec1ba9b24c2', '101');
INSERT INTO `sys_role_menu` VALUES ('48f9a3fb-ebad-4455-9cca-9296d66afbb2', '059c1fed-0e4e-4085-9674-b3edfdf3b9ed', '910104');
INSERT INTO `sys_role_menu` VALUES ('4b508042-68dc-4d0e-ade4-06a3217c497d', '059c1fed-0e4e-4085-9674-b3edfdf3b9ed', '1');
INSERT INTO `sys_role_menu` VALUES ('4e09676b-bced-4903-b827-2f8fc354d839', 'f19ef746-b4f7-4f12-9bba-2e79625952ee', '10204');
INSERT INTO `sys_role_menu` VALUES ('527448d2-4c3b-4300-a3df-ec566d285550', '059c1fed-0e4e-4085-9674-b3edfdf3b9ed', '10104');
INSERT INTO `sys_role_menu` VALUES ('53e297dd-2c05-4285-a6b4-e228e9bfaf83', '71531428-7554-4f9d-8199-3a3b68e7d0f5', '10301');
INSERT INTO `sys_role_menu` VALUES ('54c0befa-0ffa-4ba4-8cdd-607e477752df', '543ebce3-e35b-4796-be51-f6cba44b7e79', '102');
INSERT INTO `sys_role_menu` VALUES ('5615f5b0-627b-4f2c-b3a3-6bf1c60eb19e', '71531428-7554-4f9d-8199-3a3b68e7d0f5', '102');
INSERT INTO `sys_role_menu` VALUES ('56376d9f-65aa-4aeb-8ade-f6160e2792fe', '90376afd-a995-4e93-85b1-d973e496acc0', '101');
INSERT INTO `sys_role_menu` VALUES ('565d80d4-9f21-4b36-a2fb-5a515e75ae07', '71531428-7554-4f9d-8199-3a3b68e7d0f5', '10102');
INSERT INTO `sys_role_menu` VALUES ('56e4b7b6-a489-4c29-88be-7f85756d42df', '90376afd-a995-4e93-85b1-d973e496acc0', '10104');
INSERT INTO `sys_role_menu` VALUES ('570153b6-b725-46d8-975e-9158da39a4fb', '543ebce3-e35b-4796-be51-f6cba44b7e79', '10203');
INSERT INTO `sys_role_menu` VALUES ('579518db-9079-4a55-8f1b-32a2c3026844', '543ebce3-e35b-4796-be51-f6cba44b7e79', '10207');
INSERT INTO `sys_role_menu` VALUES ('5adac687-357a-409b-bb52-c02d01fb9b9d', '8e6d2ec5-0539-4583-92b4-2f6abf67b710', '10208');
INSERT INTO `sys_role_menu` VALUES ('5ae1d81a-e7c5-49af-8aea-493b66187a72', '8e6d2ec5-0539-4583-92b4-2f6abf67b710', '910103');
INSERT INTO `sys_role_menu` VALUES ('5ae7bd7e-74f9-4396-b041-0db15cd12dd6', '059c1fed-0e4e-4085-9674-b3edfdf3b9ed', '910101');
INSERT INTO `sys_role_menu` VALUES ('5e106768-eec3-48fc-ba07-7a1ee7d4e883', '71531428-7554-4f9d-8199-3a3b68e7d0f5', '10302');
INSERT INTO `sys_role_menu` VALUES ('6044c9b1-1eb1-4cdc-be55-1e1802681797', '543ebce3-e35b-4796-be51-f6cba44b7e79', '10106');
INSERT INTO `sys_role_menu` VALUES ('618a740a-2a4b-4e39-bc75-f25d9aa4fad9', 'f19ef746-b4f7-4f12-9bba-2e79625952ee', '10306');
INSERT INTO `sys_role_menu` VALUES ('620a46f5-5d61-4d8c-b20c-55855294d1d5', '8e6d2ec5-0539-4583-92b4-2f6abf67b710', '910106');
INSERT INTO `sys_role_menu` VALUES ('62382c95-cf58-400c-9130-df7f087e7790', '71531428-7554-4f9d-8199-3a3b68e7d0f5', '10107');
INSERT INTO `sys_role_menu` VALUES ('62f67274-42a2-4b2d-a6ac-97d932fef7bf', '71531428-7554-4f9d-8199-3a3b68e7d0f5', '10207');
INSERT INTO `sys_role_menu` VALUES ('6402772a-5099-49dd-9512-47a0b960ee97', '8e6d2ec5-0539-4583-92b4-2f6abf67b710', '910105');
INSERT INTO `sys_role_menu` VALUES ('659d65a9-1dbe-4889-b17a-7db2b2423dd8', '059c1fed-0e4e-4085-9674-b3edfdf3b9ed', '10308');
INSERT INTO `sys_role_menu` VALUES ('670c8d73-e987-47c6-ba5b-7d435d7bc4f1', 'f19ef746-b4f7-4f12-9bba-2e79625952ee', '10301');
INSERT INTO `sys_role_menu` VALUES ('67aed315-988b-4f7b-821f-da4af44ba4ba', 'f19ef746-b4f7-4f12-9bba-2e79625952ee', '101');
INSERT INTO `sys_role_menu` VALUES ('67b36c70-1acb-46a4-8d32-ad6d55d22f30', '71531428-7554-4f9d-8199-3a3b68e7d0f5', '10306');
INSERT INTO `sys_role_menu` VALUES ('688288d4-8096-4ef5-8b10-c3d69828b911', '8e6d2ec5-0539-4583-92b4-2f6abf67b710', '910101');
INSERT INTO `sys_role_menu` VALUES ('6b44af30-31ee-4949-afd4-76ce1ff22f65', '059c1fed-0e4e-4085-9674-b3edfdf3b9ed', '10108');
INSERT INTO `sys_role_menu` VALUES ('6f3b54c9-cc97-43f5-bb3c-d234c0ed4613', '90376afd-a995-4e93-85b1-d973e496acc0', '10306');
INSERT INTO `sys_role_menu` VALUES ('71aa9d76-a072-4c2a-bb94-ca00edb47d7c', 'f19ef746-b4f7-4f12-9bba-2e79625952ee', '10208');
INSERT INTO `sys_role_menu` VALUES ('725f170a-6fd4-4aeb-b2ee-bef408bddd7e', '3dcf7daf-451f-4e94-b776-9ba083126436', '10304');
INSERT INTO `sys_role_menu` VALUES ('73c77f30-6fe3-408a-9909-7698c5d7fa08', '8e6d2ec5-0539-4583-92b4-2f6abf67b710', '10207');
INSERT INTO `sys_role_menu` VALUES ('7414bde4-3d5b-4020-b3fa-78c678776100', '8e6d2ec5-0539-4583-92b4-2f6abf67b710', '10203');
INSERT INTO `sys_role_menu` VALUES ('74f18d9f-35fb-43ad-b7e3-295ff4119869', '71531428-7554-4f9d-8199-3a3b68e7d0f5', '10104');
INSERT INTO `sys_role_menu` VALUES ('7503373f-cb58-4a38-997c-d8e28c50641d', '8e6d2ec5-0539-4583-92b4-2f6abf67b710', '10301');
INSERT INTO `sys_role_menu` VALUES ('752d59eb-742c-4855-920a-40f9509498c8', '059c1fed-0e4e-4085-9674-b3edfdf3b9ed', '10208');
INSERT INTO `sys_role_menu` VALUES ('76362af5-a2fa-4c26-b54f-b1555efc85bd', '71531428-7554-4f9d-8199-3a3b68e7d0f5', '10308');
INSERT INTO `sys_role_menu` VALUES ('7ab4df23-2fff-4523-b135-e7dfb8fcc2e7', '8e6d2ec5-0539-4583-92b4-2f6abf67b710', '10202');
INSERT INTO `sys_role_menu` VALUES ('7ae30c30-64bf-48f9-a8f6-d3f333710df1', '2', '10201');
INSERT INTO `sys_role_menu` VALUES ('7b04236d-a690-423a-83de-cc2a2d604f18', '90376afd-a995-4e93-85b1-d973e496acc0', '10308');
INSERT INTO `sys_role_menu` VALUES ('7b7f98ae-9e6d-49ed-97a1-6c6b07d17b4c', '71531428-7554-4f9d-8199-3a3b68e7d0f5', '10108');
INSERT INTO `sys_role_menu` VALUES ('7bc81252-7b6d-4f7f-8deb-e6ab85ecf64d', '8e6d2ec5-0539-4583-92b4-2f6abf67b710', '10303');
INSERT INTO `sys_role_menu` VALUES ('7e9d1673-3242-4425-9bf7-e341b8de35a0', '2', '10208');
INSERT INTO `sys_role_menu` VALUES ('7f238a99-4129-4dec-bbce-aa325ce4cf4b', '7fdbc0ea-cf71-47fe-a3fe-083634084c18', '1006');
INSERT INTO `sys_role_menu` VALUES ('7f8b9b9d-d5e1-42b4-af31-e6d9edf2625a', '90376afd-a995-4e93-85b1-d973e496acc0', '10208');
INSERT INTO `sys_role_menu` VALUES ('826896e8-4fb9-4cf7-945a-cba300dd4729', '90376afd-a995-4e93-85b1-d973e496acc0', '10303');
INSERT INTO `sys_role_menu` VALUES ('8296ded3-3272-47db-82d6-85b2b3ef7801', '543ebce3-e35b-4796-be51-f6cba44b7e79', '10205');
INSERT INTO `sys_role_menu` VALUES ('8318f632-1c89-4c65-a0ac-98cc3ba775d0', '90376afd-a995-4e93-85b1-d973e496acc0', '10201');
INSERT INTO `sys_role_menu` VALUES ('8349ae5b-22a0-4e98-99e5-02e1a1f88d08', '90376afd-a995-4e93-85b1-d973e496acc0', '10307');
INSERT INTO `sys_role_menu` VALUES ('837262e7-7895-4235-beb9-e6bfa9f09933', 'f19ef746-b4f7-4f12-9bba-2e79625952ee', '1');
INSERT INTO `sys_role_menu` VALUES ('844fa6fb-111d-4716-a6a4-b296b491f72d', '2', '10106');
INSERT INTO `sys_role_menu` VALUES ('857c1b7b-5dcc-4a2f-b8fa-88b73dd04e71', '059c1fed-0e4e-4085-9674-b3edfdf3b9ed', '101');
INSERT INTO `sys_role_menu` VALUES ('86340f6e-ffdd-4da4-be71-9911e7d4f8b3', 'f19ef746-b4f7-4f12-9bba-2e79625952ee', '103');
INSERT INTO `sys_role_menu` VALUES ('878c1f7e-bd44-4c7a-a63b-e2ae2a3a2597', '543ebce3-e35b-4796-be51-f6cba44b7e79', '10208');
INSERT INTO `sys_role_menu` VALUES ('87be63fc-ecb9-4edc-933c-36e609cd9e2f', '90376afd-a995-4e93-85b1-d973e496acc0', '10105');
INSERT INTO `sys_role_menu` VALUES ('889e5cb6-3e38-4c4d-bba6-a6ff11c68add', 'f19ef746-b4f7-4f12-9bba-2e79625952ee', '10103');
INSERT INTO `sys_role_menu` VALUES ('897d953b-83b0-49a2-973e-e45ec440f402', '059c1fed-0e4e-4085-9674-b3edfdf3b9ed', '910103');
INSERT INTO `sys_role_menu` VALUES ('8a412852-06db-4a79-90a2-c008d51fd9d4', '543ebce3-e35b-4796-be51-f6cba44b7e79', '10301');
INSERT INTO `sys_role_menu` VALUES ('8af95ecb-a2a5-4678-865a-a1d87a39df04', '71531428-7554-4f9d-8199-3a3b68e7d0f5', '10305');
INSERT INTO `sys_role_menu` VALUES ('8b970033-6d72-4092-95b4-29aee9a702eb', '7fdbc0ea-cf71-47fe-a3fe-083634084c18', '1001');
INSERT INTO `sys_role_menu` VALUES ('8d3ddf44-8adf-43d4-89eb-635aec4ba941', '71531428-7554-4f9d-8199-3a3b68e7d0f5', '10304');
INSERT INTO `sys_role_menu` VALUES ('904eff9f-23c1-4f77-8c41-16bdcb44b290', '90376afd-a995-4e93-85b1-d973e496acc0', '10101');
INSERT INTO `sys_role_menu` VALUES ('92525421-7df0-4e90-9bba-3b5a105160e6', '90376afd-a995-4e93-85b1-d973e496acc0', '10205');
INSERT INTO `sys_role_menu` VALUES ('932c7d8d-8a9f-4b97-aa47-14db22f67ec9', '543ebce3-e35b-4796-be51-f6cba44b7e79', '10108');
INSERT INTO `sys_role_menu` VALUES ('939ea4fb-2f3b-4f00-9ef6-af9321dbc951', '059c1fed-0e4e-4085-9674-b3edfdf3b9ed', '910107');
INSERT INTO `sys_role_menu` VALUES ('95c2bd77-734f-445d-ba7f-0f4eeb7fc1d6', '2', '10305');
INSERT INTO `sys_role_menu` VALUES ('97cc902c-2231-4fc0-aa4a-43421faae9c3', '059c1fed-0e4e-4085-9674-b3edfdf3b9ed', '10204');
INSERT INTO `sys_role_menu` VALUES ('980868d6-7bd9-4ab1-885a-81ff7522f77d', '3dcf7daf-451f-4e94-b776-9ba083126436', '10204');
INSERT INTO `sys_role_menu` VALUES ('99ded6a5-b522-4a73-b306-56cf047aefd1', '059c1fed-0e4e-4085-9674-b3edfdf3b9ed', '10301');
INSERT INTO `sys_role_menu` VALUES ('9a471923-5a14-4b32-bf8e-a23fe024348d', '8e6d2ec5-0539-4583-92b4-2f6abf67b710', '10305');
INSERT INTO `sys_role_menu` VALUES ('9be72de2-bdda-481c-a509-292bb51047d1', '90376afd-a995-4e93-85b1-d973e496acc0', '10103');
INSERT INTO `sys_role_menu` VALUES ('9cf5815a-098d-47fe-87d6-dd916fddccfb', '2', '102');
INSERT INTO `sys_role_menu` VALUES ('9d190b9f-b653-44f8-a1d7-a38efc13488e', '7fdbc0ea-cf71-47fe-a3fe-083634084c18', '101');
INSERT INTO `sys_role_menu` VALUES ('9f442705-2d96-4434-aaa8-17ec89c6a415', '90376afd-a995-4e93-85b1-d973e496acc0', '10206');
INSERT INTO `sys_role_menu` VALUES ('9fc706f0-1feb-4e81-82d4-cafa5af12016', '2', '10306');
INSERT INTO `sys_role_menu` VALUES ('a10c7dcb-c017-4916-b93a-1782ce161e45', 'a495e5ae-a238-4928-93c2-ac8ee145cf06', '101');
INSERT INTO `sys_role_menu` VALUES ('a17a68a6-25d3-421c-9f90-5d4a29d5d65a', '8e6d2ec5-0539-4583-92b4-2f6abf67b710', '10306');
INSERT INTO `sys_role_menu` VALUES ('a1dd1148-565a-4369-a4c4-891701e578c1', 'f19ef746-b4f7-4f12-9bba-2e79625952ee', '10305');
INSERT INTO `sys_role_menu` VALUES ('a3582fe7-790e-49c1-a38e-db9559c4219b', '71531428-7554-4f9d-8199-3a3b68e7d0f5', '103');
INSERT INTO `sys_role_menu` VALUES ('a421ff8a-d7a4-4adf-b1dd-97f34bc29b9f', '2', '10302');
INSERT INTO `sys_role_menu` VALUES ('a4465e89-12bd-416c-a102-c67280a14e9c', '059c1fed-0e4e-4085-9674-b3edfdf3b9ed', '10201');
INSERT INTO `sys_role_menu` VALUES ('a72ac270-9ffc-4b2c-b0cd-ebf431a9b69b', '71531428-7554-4f9d-8199-3a3b68e7d0f5', '10202');
INSERT INTO `sys_role_menu` VALUES ('a901a5e5-7e6d-4419-8bf6-618de8900a04', '6681fe17-1822-4211-8fe8-c807f29d5846', '10108');
INSERT INTO `sys_role_menu` VALUES ('a92a02cc-92b5-469c-a1aa-b0276b4466c7', '3dcf7daf-451f-4e94-b776-9ba083126436', '10302');
INSERT INTO `sys_role_menu` VALUES ('a935c89e-b635-4aea-b6f5-efcf9207fccf', '71531428-7554-4f9d-8199-3a3b68e7d0f5', '10101');
INSERT INTO `sys_role_menu` VALUES ('a9cb8735-00cd-4ac3-b9d1-b08e9dca1ba2', '4cbff9bc-2ae8-4c39-9aba-1ec1ba9b24c2', '1001');
INSERT INTO `sys_role_menu` VALUES ('ab853645-3a34-4d76-9b9e-e1b42c54b97f', '6681fe17-1822-4211-8fe8-c807f29d5846', '101');
INSERT INTO `sys_role_menu` VALUES ('ac9620c2-5c50-41e8-b1c5-70a7446be9f9', '059c1fed-0e4e-4085-9674-b3edfdf3b9ed', '10202');
INSERT INTO `sys_role_menu` VALUES ('ad05b169-b855-46c1-bcd3-0ccea68b0657', 'f19ef746-b4f7-4f12-9bba-2e79625952ee', '10206');
INSERT INTO `sys_role_menu` VALUES ('aeb2c1ad-ba99-4549-b411-a67b3ba6bc96', '059c1fed-0e4e-4085-9674-b3edfdf3b9ed', '10207');
INSERT INTO `sys_role_menu` VALUES ('b16dd279-21d3-46ca-ae1c-b1bb5454bb07', 'f19ef746-b4f7-4f12-9bba-2e79625952ee', '10307');
INSERT INTO `sys_role_menu` VALUES ('b21906da-6c93-436a-bf06-5cd817d40d18', '7fdbc0ea-cf71-47fe-a3fe-083634084c18', '1004');
INSERT INTO `sys_role_menu` VALUES ('b2c8b817-3c0f-4b34-b304-7011ce29f49e', '71531428-7554-4f9d-8199-3a3b68e7d0f5', '1');
INSERT INTO `sys_role_menu` VALUES ('b3dea191-88f8-42d5-9688-3549664a5171', '71531428-7554-4f9d-8199-3a3b68e7d0f5', '10208');
INSERT INTO `sys_role_menu` VALUES ('b4716840-2bc1-4aac-a333-628501f00c93', '2', '10103');
INSERT INTO `sys_role_menu` VALUES ('b7ca68ba-f74f-43f0-bf36-07d1aca057ee', 'f19ef746-b4f7-4f12-9bba-2e79625952ee', '10207');
INSERT INTO `sys_role_menu` VALUES ('b81d8f3e-b0ec-46bc-bcd3-a8a6744e5ccc', '8e6d2ec5-0539-4583-92b4-2f6abf67b710', '10307');
INSERT INTO `sys_role_menu` VALUES ('b92e5037-943d-442b-a1df-368c5af00b48', '8e6d2ec5-0539-4583-92b4-2f6abf67b710', '910102');
INSERT INTO `sys_role_menu` VALUES ('b984bd08-abaa-47a8-a780-b24548ed6185', 'f19ef746-b4f7-4f12-9bba-2e79625952ee', '10106');
INSERT INTO `sys_role_menu` VALUES ('b9c9d197-1d3b-4c61-89a3-87230a695412', '8e6d2ec5-0539-4583-92b4-2f6abf67b710', '10302');
INSERT INTO `sys_role_menu` VALUES ('ba3d6fcf-d6f0-4f6b-baed-e895ae3bd6be', 'f19ef746-b4f7-4f12-9bba-2e79625952ee', '10201');
INSERT INTO `sys_role_menu` VALUES ('bbcc3cb8-39d2-4c39-9dc0-2c081f2917ea', '2', '10108');
INSERT INTO `sys_role_menu` VALUES ('bd8c5d43-555b-447f-847f-a6f108b20908', '2', '103');
INSERT INTO `sys_role_menu` VALUES ('bfdc93f9-0e73-4f8c-af42-21498cc4f801', '90376afd-a995-4e93-85b1-d973e496acc0', '10202');
INSERT INTO `sys_role_menu` VALUES ('c1cfb9ac-0477-4bb8-a1b7-2c6a9494638e', 'f19ef746-b4f7-4f12-9bba-2e79625952ee', '10304');
INSERT INTO `sys_role_menu` VALUES ('c20c1752-e577-458c-934a-2f09aba8eecb', '8e6d2ec5-0539-4583-92b4-2f6abf67b710', '10204');
INSERT INTO `sys_role_menu` VALUES ('c2347d52-cddb-4fee-8170-9e039581e3fd', '059c1fed-0e4e-4085-9674-b3edfdf3b9ed', '10102');
INSERT INTO `sys_role_menu` VALUES ('c542d0fc-58b6-4028-9590-01d246f9db8b', '7fdbc0ea-cf71-47fe-a3fe-083634084c18', '102');
INSERT INTO `sys_role_menu` VALUES ('c57bc863-0411-4326-bc75-02112e10ebdd', '8e6d2ec5-0539-4583-92b4-2f6abf67b710', '910107');
INSERT INTO `sys_role_menu` VALUES ('c94d0ec6-a9ca-4193-9ce1-f376b6f9927c', '2', '10105');
INSERT INTO `sys_role_menu` VALUES ('ca1aaa99-5946-4d08-89c9-89fa0945078e', '059c1fed-0e4e-4085-9674-b3edfdf3b9ed', '10302');
INSERT INTO `sys_role_menu` VALUES ('cb56ae0c-c75b-4d93-a720-31aabe9b705b', '90376afd-a995-4e93-85b1-d973e496acc0', '103');
INSERT INTO `sys_role_menu` VALUES ('cc5047f7-477d-4e73-af17-cdcc38e6993a', 'f19ef746-b4f7-4f12-9bba-2e79625952ee', '10107');
INSERT INTO `sys_role_menu` VALUES ('cc5ee192-6da6-4de2-a93b-def74566599d', '71531428-7554-4f9d-8199-3a3b68e7d0f5', '10205');
INSERT INTO `sys_role_menu` VALUES ('cc85bff9-d1e3-4475-84cd-3e9267b543bb', '7fdbc0ea-cf71-47fe-a3fe-083634084c18', '1008');
INSERT INTO `sys_role_menu` VALUES ('cc94210c-ab90-4bf4-bf77-14c394d0f5e3', '543ebce3-e35b-4796-be51-f6cba44b7e79', '1');
INSERT INTO `sys_role_menu` VALUES ('ccc8dbb0-5298-4054-a579-d41c3451c691', '4cbff9bc-2ae8-4c39-9aba-1ec1ba9b24c2', '1');
INSERT INTO `sys_role_menu` VALUES ('cd919046-93d8-4f86-a3a7-79a7100de757', '6681fe17-1822-4211-8fe8-c807f29d5846', '10106');
INSERT INTO `sys_role_menu` VALUES ('cdcbdf5f-7f82-4535-937b-988570130c9a', '71531428-7554-4f9d-8199-3a3b68e7d0f5', '10204');
INSERT INTO `sys_role_menu` VALUES ('cee42667-c929-4063-b7b7-f83de2b30ec8', '7fdbc0ea-cf71-47fe-a3fe-083634084c18', '1005');
INSERT INTO `sys_role_menu` VALUES ('cf52d302-4987-4dcd-9257-c0ecbee713c0', '71531428-7554-4f9d-8199-3a3b68e7d0f5', '10103');
INSERT INTO `sys_role_menu` VALUES ('cf718f53-7931-47b7-a672-6bd8eefce8d3', 'f19ef746-b4f7-4f12-9bba-2e79625952ee', '102');
INSERT INTO `sys_role_menu` VALUES ('d2a6e9e1-8622-40ce-998e-674083a5c016', '2', '10202');
INSERT INTO `sys_role_menu` VALUES ('d3b601c8-dbb9-4700-9928-55128bb9d89c', '059c1fed-0e4e-4085-9674-b3edfdf3b9ed', '10103');
INSERT INTO `sys_role_menu` VALUES ('d3cb6d9e-532e-47f4-b894-48e1ff34d949', '543ebce3-e35b-4796-be51-f6cba44b7e79', '10105');
INSERT INTO `sys_role_menu` VALUES ('d510292a-40e0-43df-b910-3071988440e1', '2', '10303');
INSERT INTO `sys_role_menu` VALUES ('d54aaa2d-f566-4321-951e-14cb4f4fcced', '7fdbc0ea-cf71-47fe-a3fe-083634084c18', '1003');
INSERT INTO `sys_role_menu` VALUES ('d916f3bc-368d-45d6-933b-5864e8a26d63', '7fdbc0ea-cf71-47fe-a3fe-083634084c18', '1002');
INSERT INTO `sys_role_menu` VALUES ('d9662b94-4df0-4946-8ebf-be4bbaa6f501', '059c1fed-0e4e-4085-9674-b3edfdf3b9ed', '10306');
INSERT INTO `sys_role_menu` VALUES ('db9a1611-b267-40c2-a245-ef739b1186bb', '90376afd-a995-4e93-85b1-d973e496acc0', '10207');
INSERT INTO `sys_role_menu` VALUES ('db9ffe11-d895-41ee-9848-1687a12855ab', '8e6d2ec5-0539-4583-92b4-2f6abf67b710', '10304');
INSERT INTO `sys_role_menu` VALUES ('dc51bced-ab66-4e0b-bbcb-add6addb08de', '543ebce3-e35b-4796-be51-f6cba44b7e79', '10104');
INSERT INTO `sys_role_menu` VALUES ('dce994dd-2e32-40ba-bf3e-1ea3c8dd613a', '059c1fed-0e4e-4085-9674-b3edfdf3b9ed', '103');
INSERT INTO `sys_role_menu` VALUES ('e16c490b-ed94-4cda-bc34-999385530ed8', '2', '10205');
INSERT INTO `sys_role_menu` VALUES ('e16dea0c-d81a-420c-9551-7dc0057a607f', '7fdbc0ea-cf71-47fe-a3fe-083634084c18', '1007');
INSERT INTO `sys_role_menu` VALUES ('e1a48f11-d980-44c5-b336-040823c38933', 'f19ef746-b4f7-4f12-9bba-2e79625952ee', '10101');
INSERT INTO `sys_role_menu` VALUES ('e2d77e27-cfcd-42b0-8ff7-9dcc4e41cdfe', '543ebce3-e35b-4796-be51-f6cba44b7e79', '10204');
INSERT INTO `sys_role_menu` VALUES ('e41696c8-2337-4a9d-bb60-00b9e59da8e5', '6681fe17-1822-4211-8fe8-c807f29d5846', '10104');
INSERT INTO `sys_role_menu` VALUES ('e45f78e7-30a7-44bb-8bf8-bfcb07d184a4', '543ebce3-e35b-4796-be51-f6cba44b7e79', '103');
INSERT INTO `sys_role_menu` VALUES ('e5059765-2f87-4204-983b-cee75652a2e1', '7fdbc0ea-cf71-47fe-a3fe-083634084c18', '1');
INSERT INTO `sys_role_menu` VALUES ('e51911f0-a1a7-429b-84b1-43dafa9fe0ba', 'f19ef746-b4f7-4f12-9bba-2e79625952ee', '10302');
INSERT INTO `sys_role_menu` VALUES ('e590a4c2-a0ac-481e-9208-b6e42685c275', '3dcf7daf-451f-4e94-b776-9ba083126436', '10102');
INSERT INTO `sys_role_menu` VALUES ('e5a05230-23e0-4235-b0b8-62a124a9b8a2', 'f19ef746-b4f7-4f12-9bba-2e79625952ee', '10102');
INSERT INTO `sys_role_menu` VALUES ('e5dae2ba-a9b1-499c-82e7-67237a184240', '543ebce3-e35b-4796-be51-f6cba44b7e79', '10206');
INSERT INTO `sys_role_menu` VALUES ('e774bf17-c8c2-4979-89a0-2c701fba00ff', '2', '10102');
INSERT INTO `sys_role_menu` VALUES ('e8719a16-7dc1-4fc9-a1d7-ceb3c4171aae', 'f19ef746-b4f7-4f12-9bba-2e79625952ee', '10203');
INSERT INTO `sys_role_menu` VALUES ('e8d19b58-d8fc-4313-af41-321d6df9a42f', '8e6d2ec5-0539-4583-92b4-2f6abf67b710', '10308');
INSERT INTO `sys_role_menu` VALUES ('e967797f-1b7b-4467-89aa-eee82db7692c', 'f19ef746-b4f7-4f12-9bba-2e79625952ee', '10202');
INSERT INTO `sys_role_menu` VALUES ('e9733795-d423-44a1-a8bc-d9d8b2b07146', '059c1fed-0e4e-4085-9674-b3edfdf3b9ed', '10307');
INSERT INTO `sys_role_menu` VALUES ('eb09d430-deb5-401b-8538-36339a2663ed', '8e6d2ec5-0539-4583-92b4-2f6abf67b710', '10205');
INSERT INTO `sys_role_menu` VALUES ('ec240092-ef6b-4adc-81d7-cf0075a28be4', 'f19ef746-b4f7-4f12-9bba-2e79625952ee', '10104');
INSERT INTO `sys_role_menu` VALUES ('ec3f598a-8966-46f3-9f96-790ec78a801c', '8e6d2ec5-0539-4583-92b4-2f6abf67b710', '9101');
INSERT INTO `sys_role_menu` VALUES ('f05dbe64-35c8-43ee-bb36-66b2d1bd788f', '6681fe17-1822-4211-8fe8-c807f29d5846', '10107');
INSERT INTO `sys_role_menu` VALUES ('f11995f9-1a2b-4f01-9cfe-336f1a2edbb0', '059c1fed-0e4e-4085-9674-b3edfdf3b9ed', '10305');
INSERT INTO `sys_role_menu` VALUES ('f2c1c276-f89b-483c-ba26-7cdbbe090463', '90376afd-a995-4e93-85b1-d973e496acc0', '10102');
INSERT INTO `sys_role_menu` VALUES ('f4dad773-c7b1-4235-b3bd-7aa1307c046c', '71531428-7554-4f9d-8199-3a3b68e7d0f5', '10206');
INSERT INTO `sys_role_menu` VALUES ('f5a4e297-5b39-422d-8f35-94a7afe1d2a9', '059c1fed-0e4e-4085-9674-b3edfdf3b9ed', '10105');
INSERT INTO `sys_role_menu` VALUES ('f631c160-9883-43b9-8842-25ad4aa8f60a', '2', '10207');
INSERT INTO `sys_role_menu` VALUES ('f64936a4-1563-4d32-a72b-a07bcf626ad1', '059c1fed-0e4e-4085-9674-b3edfdf3b9ed', '10206');
INSERT INTO `sys_role_menu` VALUES ('f6be52e9-db07-4063-b582-6c57459f634d', '059c1fed-0e4e-4085-9674-b3edfdf3b9ed', '10101');
INSERT INTO `sys_role_menu` VALUES ('f6e7f46e-3718-41b5-89ae-9b62787f795d', '3dcf7daf-451f-4e94-b776-9ba083126436', '10104');
INSERT INTO `sys_role_menu` VALUES ('f71ad6cb-b3e7-4b56-b5ed-66594952eccc', '059c1fed-0e4e-4085-9674-b3edfdf3b9ed', '10106');
INSERT INTO `sys_role_menu` VALUES ('f7d6c38c-20f4-4555-9c37-0c338f73f4fa', '3dcf7daf-451f-4e94-b776-9ba083126436', '10303');
INSERT INTO `sys_role_menu` VALUES ('f8ffa6c6-8107-49b9-8e9b-541ef79e8bb2', '90376afd-a995-4e93-85b1-d973e496acc0', '10305');
INSERT INTO `sys_role_menu` VALUES ('f9163a2c-3f47-430b-9cbe-3f9bd17dff18', '2', '10203');
INSERT INTO `sys_role_menu` VALUES ('f9eb4f13-9590-4410-8f6d-61fb301be1bb', '059c1fed-0e4e-4085-9674-b3edfdf3b9ed', '910108');
INSERT INTO `sys_role_menu` VALUES ('fbf16d4a-8cf5-4769-9e66-a5c4bb71bcc6', '90376afd-a995-4e93-85b1-d973e496acc0', '102');
INSERT INTO `sys_role_menu` VALUES ('fc907ce8-c9e6-4d86-8b5f-6c540a526fdd', '3dcf7daf-451f-4e94-b776-9ba083126436', '10301');
INSERT INTO `sys_role_menu` VALUES ('fe86e32c-777e-43a8-8021-72cccdc0424d', '543ebce3-e35b-4796-be51-f6cba44b7e79', '10102');
INSERT INTO `sys_role_menu` VALUES ('fe8d48ea-bc3e-4e03-9304-f940d9454f9f', '71531428-7554-4f9d-8199-3a3b68e7d0f5', '10201');
INSERT INTO `sys_role_menu` VALUES ('fea29646-4784-4c87-a859-fe78c07a9b69', '71531428-7554-4f9d-8199-3a3b68e7d0f5', '10105');

-- ----------------------------
-- Table structure for sys_role_scope
-- ----------------------------
DROP TABLE IF EXISTS `sys_role_scope`;
CREATE TABLE `sys_role_scope` (
  `id` varchar(36) NOT NULL,
  `role_id` varchar(36) NOT NULL,
  `dp_id` varchar(36) NOT NULL,
  PRIMARY KEY (`id`)
) ENGINE=InnoDB DEFAULT CHARSET=utf8 ROW_FORMAT=DYNAMIC;

-- ----------------------------
-- Records of sys_role_scope
-- ----------------------------
INSERT INTO `sys_role_scope` VALUES ('04aff372-073c-40b4-8684-617dcdb5dddd', '059c1fed-0e4e-4085-9674-b3edfdf3b9ed', 'ff68c0ab-dddc-4457-b313-15dcf47bef96');
INSERT INTO `sys_role_scope` VALUES ('0678abd0-2139-40b3-8045-4c24ecb46034', '059c1fed-0e4e-4085-9674-b3edfdf3b9ed', '7460f4f0-2ed8-4a3c-a111-d558f15ce83d');
INSERT INTO `sys_role_scope` VALUES ('07b12503-bade-4036-b2c6-83e2606d4754', '3dcf7daf-451f-4e94-b776-9ba083126436', '1546dfb4-a7d3-4894-9e4b-695b5bc1a41b');
INSERT INTO `sys_role_scope` VALUES ('08a6b56f-57e6-4a46-bdfc-952b6154c502', '059c1fed-0e4e-4085-9674-b3edfdf3b9ed', '3de6c487-7c2f-478d-8e4a-070c27659ec5');
INSERT INTO `sys_role_scope` VALUES ('0e6331aa-b39a-47d8-843a-cb1d53cb645d', '8e6d2ec5-0539-4583-92b4-2f6abf67b710', 'ff68c0ab-dddc-4457-b313-15dcf47bef96');
INSERT INTO `sys_role_scope` VALUES ('0f34e76f-6911-4f0e-8ff2-e42a867cefc1', '059c1fed-0e4e-4085-9674-b3edfdf3b9ed', '0');
INSERT INTO `sys_role_scope` VALUES ('0f3c121e-fecb-4682-8c52-df298647f064', '8e6d2ec5-0539-4583-92b4-2f6abf67b710', 'e97476e5-d754-4c48-bbc0-c1df57560eb9');
INSERT INTO `sys_role_scope` VALUES ('12ee47f2-5c5d-4632-8e49-a8a7b29625cc', '8e6d2ec5-0539-4583-92b4-2f6abf67b710', '4');
INSERT INTO `sys_role_scope` VALUES ('144a2053-0a38-4aa5-bf99-5afd3b38acb0', '90376afd-a995-4e93-85b1-d973e496acc0', '1');
INSERT INTO `sys_role_scope` VALUES ('18da09c2-fa1b-40d6-9693-6aaa0d18dd36', '8e6d2ec5-0539-4583-92b4-2f6abf67b710', '2');
INSERT INTO `sys_role_scope` VALUES ('21b44ea3-abb7-4434-8c10-6a5c5f4d58a9', '8e6d2ec5-0539-4583-92b4-2f6abf67b710', '10003');
INSERT INTO `sys_role_scope` VALUES ('2748b478-bbe4-495e-abe7-e79f495e8b74', '059c1fed-0e4e-4085-9674-b3edfdf3b9ed', '8029a0d8-eb8c-4a2f-9532-5fc1daed976a');
INSERT INTO `sys_role_scope` VALUES ('28bbb3fb-1559-4014-831a-587b0fe95e02', '90376afd-a995-4e93-85b1-d973e496acc0', '10001');
INSERT INTO `sys_role_scope` VALUES ('299be310-5605-408b-8ec5-900c2273a047', '059c1fed-0e4e-4085-9674-b3edfdf3b9ed', 'fc629c8c-b81f-4e6d-8545-06b7d7f5e28e');
INSERT INTO `sys_role_scope` VALUES ('2a3853f8-1c86-4d7e-8cfc-0c09fbe6b674', '059c1fed-0e4e-4085-9674-b3edfdf3b9ed', '118aafde-6cc0-4ec0-8607-93ce90955482');
INSERT INTO `sys_role_scope` VALUES ('2accd86d-48f7-4f4e-8793-b81a69c5975c', '8e6d2ec5-0539-4583-92b4-2f6abf67b710', '118aafde-6cc0-4ec0-8607-93ce90955482');
INSERT INTO `sys_role_scope` VALUES ('2da5ebd5-db84-4553-bd8b-e46a8a7c3b04', '059c1fed-0e4e-4085-9674-b3edfdf3b9ed', '10002');
INSERT INTO `sys_role_scope` VALUES ('3', '2', '4');
INSERT INTO `sys_role_scope` VALUES ('31dc4304-2eea-414d-9dcd-d328290996c8', '059c1fed-0e4e-4085-9674-b3edfdf3b9ed', '4b265f2c-1641-420a-b939-1d3e2ccfd151');
INSERT INTO `sys_role_scope` VALUES ('337e9037-0494-47ac-b205-785096755c97', '8e6d2ec5-0539-4583-92b4-2f6abf67b710', '1546dfb4-a7d3-4894-9e4b-695b5bc1a41b');
INSERT INTO `sys_role_scope` VALUES ('34b234f6-dea1-4387-ac1e-71cae5a14114', '8e6d2ec5-0539-4583-92b4-2f6abf67b710', '3de6c487-7c2f-478d-8e4a-070c27659ec5');
INSERT INTO `sys_role_scope` VALUES ('36d5a8d5-8e49-40c8-8b46-b84ede276bc8', '8e6d2ec5-0539-4583-92b4-2f6abf67b710', '480eb533-432e-4931-a5bd-74ebaf3a3409');
INSERT INTO `sys_role_scope` VALUES ('387b5d76-e768-49eb-b91a-39dd83d1ec36', '7fdbc0ea-cf71-47fe-a3fe-083634084c18', '7460f4f0-2ed8-4a3c-a111-d558f15ce83d');
INSERT INTO `sys_role_scope` VALUES ('3915c15e-1cb4-4df5-a283-cafe2ea810ac', '90376afd-a995-4e93-85b1-d973e496acc0', '10002');
INSERT INTO `sys_role_scope` VALUES ('39aa4398-9d84-4f4b-8e3a-7db2cc423096', '90376afd-a995-4e93-85b1-d973e496acc0', 'e97476e5-d754-4c48-bbc0-c1df57560eb9');
INSERT INTO `sys_role_scope` VALUES ('3ab3c46d-6f83-4122-b3c4-1302bb5b0be3', '7fdbc0ea-cf71-47fe-a3fe-083634084c18', '1');
INSERT INTO `sys_role_scope` VALUES ('3af9616b-676c-48df-98aa-3ea95a3d5b27', '3dcf7daf-451f-4e94-b776-9ba083126436', '1');
INSERT INTO `sys_role_scope` VALUES ('3b2f0972-9a5b-47cc-a583-eb239c7602a9', '543ebce3-e35b-4796-be51-f6cba44b7e79', '1546dfb4-a7d3-4894-9e4b-695b5bc1a41b');
INSERT INTO `sys_role_scope` VALUES ('3b3b800e-07dc-4985-810d-ca6ecc6fd4f1', '059c1fed-0e4e-4085-9674-b3edfdf3b9ed', '480eb533-432e-4931-a5bd-74ebaf3a3409');
INSERT INTO `sys_role_scope` VALUES ('3d724890-325b-4063-aa52-be248005ccc7', '90376afd-a995-4e93-85b1-d973e496acc0', '3');
INSERT INTO `sys_role_scope` VALUES ('4066231b-4b3a-4ab2-a2c0-ab5fbefc91c9', '059c1fed-0e4e-4085-9674-b3edfdf3b9ed', '3f095cdf-9900-4d78-83b8-86cebe866017');
INSERT INTO `sys_role_scope` VALUES ('43040535-6158-49f4-ae28-944c5e2035a8', '059c1fed-0e4e-4085-9674-b3edfdf3b9ed', '50a087f3-3d9b-41c0-9ddf-5d3157ea5e47');
INSERT INTO `sys_role_scope` VALUES ('4587b322-a67b-48fd-90e0-30c7a6527f09', '059c1fed-0e4e-4085-9674-b3edfdf3b9ed', 'f99e5ca4-1c3c-4916-91d5-734d4bf3e14c');
INSERT INTO `sys_role_scope` VALUES ('4a2930a3-cd74-4519-a2d8-12f9c220bccb', '7fdbc0ea-cf71-47fe-a3fe-083634084c18', '2');
INSERT INTO `sys_role_scope` VALUES ('4a9c3208-e555-46a9-b331-3f4e75468328', '7fdbc0ea-cf71-47fe-a3fe-083634084c18', '10002');
INSERT INTO `sys_role_scope` VALUES ('4f0f004f-29dd-4f1d-beb4-5ce36d4afa29', '8e6d2ec5-0539-4583-92b4-2f6abf67b710', '3f095cdf-9900-4d78-83b8-86cebe866017');
INSERT INTO `sys_role_scope` VALUES ('512dfdf7-604d-4aa0-928b-a8930fe30786', '059c1fed-0e4e-4085-9674-b3edfdf3b9ed', 'e97476e5-d754-4c48-bbc0-c1df57560eb9');
INSERT INTO `sys_role_scope` VALUES ('52c98e15-92b7-4c15-bc8d-704b75201da3', '1', '1');
INSERT INTO `sys_role_scope` VALUES ('552a56c2-18be-4dd8-99f4-8449d672ff09', '059c1fed-0e4e-4085-9674-b3edfdf3b9ed', '009b068a-499f-4ec8-945f-63147d306174');
INSERT INTO `sys_role_scope` VALUES ('55aaf1d0-7971-4223-b3a0-790f0e4486f4', '8e6d2ec5-0539-4583-92b4-2f6abf67b710', '7460f4f0-2ed8-4a3c-a111-d558f15ce83d');
INSERT INTO `sys_role_scope` VALUES ('5ba48a4e-e3cd-4684-be43-70703e3bf928', '90376afd-a995-4e93-85b1-d973e496acc0', '3f095cdf-9900-4d78-83b8-86cebe866017');
INSERT INTO `sys_role_scope` VALUES ('60558118-0588-48eb-927a-b87e51d16abe', '8e6d2ec5-0539-4583-92b4-2f6abf67b710', 'ffaaed13-758f-436a-b305-7d211483cef2');
INSERT INTO `sys_role_scope` VALUES ('675fd674-87e4-4fb3-992d-e8b523c18431', '8e6d2ec5-0539-4583-92b4-2f6abf67b710', '0');
INSERT INTO `sys_role_scope` VALUES ('6897240c-bc8b-4d7d-b158-a9786ee1ed3f', '7fdbc0ea-cf71-47fe-a3fe-083634084c18', 'f99e5ca4-1c3c-4916-91d5-734d4bf3e14c');
INSERT INTO `sys_role_scope` VALUES ('69ec1fd1-8823-4fdf-bf99-bfd54eff36f8', '8e6d2ec5-0539-4583-92b4-2f6abf67b710', 'de951320-60ad-4f21-8af4-2fe28d263c1a');
INSERT INTO `sys_role_scope` VALUES ('6a5500b9-b26e-46e7-ab9b-145307471b1d', '3dcf7daf-451f-4e94-b776-9ba083126436', '3');
INSERT INTO `sys_role_scope` VALUES ('6ab79b21-f4d6-477d-8293-9c1c04ecd98b', '8e6d2ec5-0539-4583-92b4-2f6abf67b710', '3');
INSERT INTO `sys_role_scope` VALUES ('6e7d7c22-b833-4718-b6b2-41441b6e54e9', '059c1fed-0e4e-4085-9674-b3edfdf3b9ed', '3');
INSERT INTO `sys_role_scope` VALUES ('6edf1b93-5ba9-45a2-bd35-1dd698187cb3', '3dcf7daf-451f-4e94-b776-9ba083126436', 'eb307676-3c98-47de-8100-a6d95019cd61');
INSERT INTO `sys_role_scope` VALUES ('7420cf8e-fed8-47d3-a3d8-2deba637fe5f', '059c1fed-0e4e-4085-9674-b3edfdf3b9ed', 'a62cd4b8-ced1-4785-adc2-5d7d685aacb8');
INSERT INTO `sys_role_scope` VALUES ('7915ad2c-f6a4-4c48-b09a-cfc060d791ee', '7fdbc0ea-cf71-47fe-a3fe-083634084c18', '3');
INSERT INTO `sys_role_scope` VALUES ('7a01a7e0-4df3-4a17-82f8-0d3ff1d29396', '90376afd-a995-4e93-85b1-d973e496acc0', '0');
INSERT INTO `sys_role_scope` VALUES ('7abe1a77-9424-4984-a4d3-c6e81b611f52', '543ebce3-e35b-4796-be51-f6cba44b7e79', '480eb533-432e-4931-a5bd-74ebaf3a3409');
INSERT INTO `sys_role_scope` VALUES ('7c41da26-94df-4d4d-ac1f-fa859066faa1', '7fdbc0ea-cf71-47fe-a3fe-083634084c18', '4');
INSERT INTO `sys_role_scope` VALUES ('7d6ea615-4458-474b-b940-9fa45cca1e8a', '90376afd-a995-4e93-85b1-d973e496acc0', '2');
INSERT INTO `sys_role_scope` VALUES ('808d1da2-fc80-4bd5-a67a-411f1f47c562', '8e6d2ec5-0539-4583-92b4-2f6abf67b710', '009b068a-499f-4ec8-945f-63147d306174');
INSERT INTO `sys_role_scope` VALUES ('82815e3a-004f-4a4d-9d74-738742c64549', '90376afd-a995-4e93-85b1-d973e496acc0', '10003');
INSERT INTO `sys_role_scope` VALUES ('82fecea6-03a2-47a4-a784-0f2dd7a29edd', '3dcf7daf-451f-4e94-b776-9ba083126436', '519591a5-8506-4064-aacf-5e562ef2d223');
INSERT INTO `sys_role_scope` VALUES ('8757749f-a6f5-4106-b050-249be967f72f', '3dcf7daf-451f-4e94-b776-9ba083126436', 'f99e5ca4-1c3c-4916-91d5-734d4bf3e14c');
INSERT INTO `sys_role_scope` VALUES ('891d2743-e3b5-41aa-a84e-e0a67c1cc609', '7fdbc0ea-cf71-47fe-a3fe-083634084c18', '10003');
INSERT INTO `sys_role_scope` VALUES ('8edb9670-228f-4373-84a5-2c4ca2feeefc', '3dcf7daf-451f-4e94-b776-9ba083126436', '10003');
INSERT INTO `sys_role_scope` VALUES ('8fce0aec-771e-4cbb-a078-762e87c33528', '059c1fed-0e4e-4085-9674-b3edfdf3b9ed', '10003');
INSERT INTO `sys_role_scope` VALUES ('90f51137-20be-4c39-8e3a-ee33f7faf58d', '8e6d2ec5-0539-4583-92b4-2f6abf67b710', 'eb307676-3c98-47de-8100-a6d95019cd61');
INSERT INTO `sys_role_scope` VALUES ('95088cd7-445d-469e-9691-f81f5142f050', '90376afd-a995-4e93-85b1-d973e496acc0', 'a53f6f95-69cf-4b84-89e8-0bd09af77baf');
INSERT INTO `sys_role_scope` VALUES ('977902d5-fc24-49f6-983c-47c8544d04f2', '059c1fed-0e4e-4085-9674-b3edfdf3b9ed', 'cbbb11f2-6c65-4c28-bfe2-a86487e73c17');
INSERT INTO `sys_role_scope` VALUES ('995f48a9-f90b-4423-978f-e45f112aa083', '8e6d2ec5-0539-4583-92b4-2f6abf67b710', 'f99e5ca4-1c3c-4916-91d5-734d4bf3e14c');
INSERT INTO `sys_role_scope` VALUES ('9d47cac4-1c40-4a23-92b8-85ded69d1fed', '059c1fed-0e4e-4085-9674-b3edfdf3b9ed', '1');
INSERT INTO `sys_role_scope` VALUES ('9e560fe9-99bd-4bb6-a8ab-c0113e04516f', '8e6d2ec5-0539-4583-92b4-2f6abf67b710', 'a62cd4b8-ced1-4785-adc2-5d7d685aacb8');
INSERT INTO `sys_role_scope` VALUES ('a1bb4f49-bb71-4863-982f-6eae07e1e910', '059c1fed-0e4e-4085-9674-b3edfdf3b9ed', 'a53f6f95-69cf-4b84-89e8-0bd09af77baf');
INSERT INTO `sys_role_scope` VALUES ('a20c2793-caf1-41d9-b674-361a71a1cff0', 'a495e5ae-a238-4928-93c2-ac8ee145cf06', '1');
INSERT INTO `sys_role_scope` VALUES ('a50eecab-35a7-449b-8b9d-f7de9727f466', '8e6d2ec5-0539-4583-92b4-2f6abf67b710', 'cbbb11f2-6c65-4c28-bfe2-a86487e73c17');
INSERT INTO `sys_role_scope` VALUES ('a6d4f765-a82a-472b-bdbc-56daa23ca079', '3dcf7daf-451f-4e94-b776-9ba083126436', '10002');
INSERT INTO `sys_role_scope` VALUES ('a7864a28-06c0-435e-8f0a-9036d3c0cfd6', '7fdbc0ea-cf71-47fe-a3fe-083634084c18', '10001');
INSERT INTO `sys_role_scope` VALUES ('ab8fe110-d803-464b-9499-4a9c9a1db20a', '7fdbc0ea-cf71-47fe-a3fe-083634084c18', '0');
INSERT INTO `sys_role_scope` VALUES ('accf17b9-8b9e-4ba0-9dd3-6ce9175986f6', '3dcf7daf-451f-4e94-b776-9ba083126436', '480eb533-432e-4931-a5bd-74ebaf3a3409');
INSERT INTO `sys_role_scope` VALUES ('adff5499-5c6c-4f87-87c8-6b4e1f51bac5', 'a495e5ae-a238-4928-93c2-ac8ee145cf06', '0');
INSERT INTO `sys_role_scope` VALUES ('b4e6e4ef-43f2-4b8d-9b15-ff54c8f7bb6b', '059c1fed-0e4e-4085-9674-b3edfdf3b9ed', '2');
INSERT INTO `sys_role_scope` VALUES ('bf5e0817-e14a-4b1e-8067-8122b108bdaf', '3dcf7daf-451f-4e94-b776-9ba083126436', 'cbbb11f2-6c65-4c28-bfe2-a86487e73c17');
INSERT INTO `sys_role_scope` VALUES ('c0031048-15ae-4f5b-9d60-1b09238315d5', '8e6d2ec5-0539-4583-92b4-2f6abf67b710', '10002');
INSERT INTO `sys_role_scope` VALUES ('c0694623-4836-4fb9-8118-4e6c71d5a722', '8e6d2ec5-0539-4583-92b4-2f6abf67b710', '1');
INSERT INTO `sys_role_scope` VALUES ('c3395476-1c4f-4236-a753-2bbbb62984ce', '059c1fed-0e4e-4085-9674-b3edfdf3b9ed', '4');
INSERT INTO `sys_role_scope` VALUES ('c3401770-acb4-40e5-8f54-ed83c8a9dd09', '059c1fed-0e4e-4085-9674-b3edfdf3b9ed', '10001');
INSERT INTO `sys_role_scope` VALUES ('c37e39ee-17bf-4251-805b-b8f97559380f', '1', '0');
INSERT INTO `sys_role_scope` VALUES ('c8cb3355-eb8c-48ae-bddb-64351f21190e', '7fdbc0ea-cf71-47fe-a3fe-083634084c18', 'cbbb11f2-6c65-4c28-bfe2-a86487e73c17');
INSERT INTO `sys_role_scope` VALUES ('cae39f58-a8dc-4226-8def-65581d55fb78', '8e6d2ec5-0539-4583-92b4-2f6abf67b710', '8029a0d8-eb8c-4a2f-9532-5fc1daed976a');
INSERT INTO `sys_role_scope` VALUES ('caee3464-efac-40e2-b48f-0f06a4f36968', '059c1fed-0e4e-4085-9674-b3edfdf3b9ed', 'ffaaed13-758f-436a-b305-7d211483cef2');
INSERT INTO `sys_role_scope` VALUES ('cd2cd130-4e1c-45a7-8ccd-0c546a8bb7b4', '90376afd-a995-4e93-85b1-d973e496acc0', '4');
INSERT INTO `sys_role_scope` VALUES ('d0bd5e89-ce48-4fa0-9276-e0aefa1abbe0', '90376afd-a995-4e93-85b1-d973e496acc0', '7460f4f0-2ed8-4a3c-a111-d558f15ce83d');
INSERT INTO `sys_role_scope` VALUES ('d15839b6-26c5-4f24-bfb6-3ea2b24db0ae', '3dcf7daf-451f-4e94-b776-9ba083126436', 'e97476e5-d754-4c48-bbc0-c1df57560eb9');
INSERT INTO `sys_role_scope` VALUES ('d42a876c-9fa0-4305-bc1e-9de2b2c508e3', '059c1fed-0e4e-4085-9674-b3edfdf3b9ed', 'eb307676-3c98-47de-8100-a6d95019cd61');
INSERT INTO `sys_role_scope` VALUES ('d903053b-d7d1-492f-9cf4-276d88eb3a95', '3dcf7daf-451f-4e94-b776-9ba083126436', '3de6c487-7c2f-478d-8e4a-070c27659ec5');
INSERT INTO `sys_role_scope` VALUES ('d99490a6-bd9a-44a3-b611-68b50ed054af', '4cbff9bc-2ae8-4c39-9aba-1ec1ba9b24c2', '10001');
INSERT INTO `sys_role_scope` VALUES ('df49241f-c911-4277-bbef-46884ef569c4', '90376afd-a995-4e93-85b1-d973e496acc0', 'cbbb11f2-6c65-4c28-bfe2-a86487e73c17');
INSERT INTO `sys_role_scope` VALUES ('e1b3ae14-d534-4af7-815d-202f3fc0ec75', '90376afd-a995-4e93-85b1-d973e496acc0', 'f99e5ca4-1c3c-4916-91d5-734d4bf3e14c');
INSERT INTO `sys_role_scope` VALUES ('e7360bdc-ed3a-4dc8-a6f0-95abe3650f2e', '059c1fed-0e4e-4085-9674-b3edfdf3b9ed', '1546dfb4-a7d3-4894-9e4b-695b5bc1a41b');
INSERT INTO `sys_role_scope` VALUES ('ec0af0bf-1f1d-4723-8627-a015386d453e', '8e6d2ec5-0539-4583-92b4-2f6abf67b710', '4b265f2c-1641-420a-b939-1d3e2ccfd151');
INSERT INTO `sys_role_scope` VALUES ('eed5f3fa-f400-4b25-a50e-da750889ddc1', '3dcf7daf-451f-4e94-b776-9ba083126436', '4');
INSERT INTO `sys_role_scope` VALUES ('f21c9e4e-9c43-4afe-aab8-da214c1a5860', '8e6d2ec5-0539-4583-92b4-2f6abf67b710', '10001');
INSERT INTO `sys_role_scope` VALUES ('f288f8ef-6665-4a8b-b1e6-6e39ae051108', '8e6d2ec5-0539-4583-92b4-2f6abf67b710', 'a53f6f95-69cf-4b84-89e8-0bd09af77baf');
INSERT INTO `sys_role_scope` VALUES ('f33b4a9c-3e48-405a-ab2d-018c44f43b37', '059c1fed-0e4e-4085-9674-b3edfdf3b9ed', 'de951320-60ad-4f21-8af4-2fe28d263c1a');
INSERT INTO `sys_role_scope` VALUES ('f6d8b40c-1335-404a-b59e-93fc4c679dac', '3dcf7daf-451f-4e94-b776-9ba083126436', '10001');
INSERT INTO `sys_role_scope` VALUES ('f795a7b6-c865-4e2b-97dd-0890be7f7ed2', '8e6d2ec5-0539-4583-92b4-2f6abf67b710', '50a087f3-3d9b-41c0-9ddf-5d3157ea5e47');
INSERT INTO `sys_role_scope` VALUES ('f92c8a5d-0d8f-4ab5-92ca-76d2971c735c', '059c1fed-0e4e-4085-9674-b3edfdf3b9ed', '519591a5-8506-4064-aacf-5e562ef2d223');
INSERT INTO `sys_role_scope` VALUES ('fa1c2e88-6166-4d43-b715-0aee7b348f6b', '7fdbc0ea-cf71-47fe-a3fe-083634084c18', '3f095cdf-9900-4d78-83b8-86cebe866017');
INSERT INTO `sys_role_scope` VALUES ('fad5f818-43ed-4b99-b8c9-372788b47482', '6681fe17-1822-4211-8fe8-c807f29d5846', '4');
INSERT INTO `sys_role_scope` VALUES ('fb29d07d-5aa7-4263-b4dc-8628684b5eb6', '8e6d2ec5-0539-4583-92b4-2f6abf67b710', '519591a5-8506-4064-aacf-5e562ef2d223');
INSERT INTO `sys_role_scope` VALUES ('fca479f8-0700-4015-9185-719df8c62bcf', '8e6d2ec5-0539-4583-92b4-2f6abf67b710', 'fc629c8c-b81f-4e6d-8545-06b7d7f5e28e');
INSERT INTO `sys_role_scope` VALUES ('fe6215a8-13c2-47a6-8dc3-1a5b75f8b49f', '543ebce3-e35b-4796-be51-f6cba44b7e79', '10003');

-- ----------------------------
-- Table structure for sys_user
-- ----------------------------
DROP TABLE IF EXISTS `sys_user`;
CREATE TABLE `sys_user` (
  `id` varchar(36) NOT NULL,
  `username` varchar(50) NOT NULL COMMENT '用户登陆名',
  `password` varchar(100) NOT NULL DEFAULT '' COMMENT '密码',
  `salt` varchar(20) NOT NULL DEFAULT 'RestToken' COMMENT '盐',
  `normal_name` varchar(50) NOT NULL DEFAULT '用户名',
  `num` bigint(20) DEFAULT NULL COMMENT '用户编号',
  `email` varchar(100) NOT NULL DEFAULT '' COMMENT '邮箱',
  `mobile` varchar(100) NOT NULL DEFAULT '' COMMENT '手机号',
  `dp_id` varchar(36) NOT NULL DEFAULT '-1' COMMENT '部门ID',
  `photo` varchar(50) CHARACTER SET utf8 COLLATE utf8_general_ci NOT NULL DEFAULT '/profile/photo/default.jpg' COMMENT '头像',
  `idcard` varchar(36) CHARACTER SET utf8 COLLATE utf8_general_ci DEFAULT NULL COMMENT '身份证号',
  `sex` varchar(2) CHARACTER SET utf8 COLLATE utf8_general_ci NOT NULL DEFAULT '其他' COMMENT '性别',
  `nation` varchar(30) CHARACTER SET utf8 COLLATE utf8_general_ci DEFAULT NULL COMMENT '民族',
  `marital_status` varchar(2) CHARACTER SET utf8 COLLATE utf8_general_ci DEFAULT NULL COMMENT '婚姻状况',
  `title` varchar(36) CHARACTER SET utf8 COLLATE utf8_general_ci NOT NULL DEFAULT '' COMMENT '职称',
  `post` varchar(36) CHARACTER SET utf8 COLLATE utf8_general_ci NOT NULL DEFAULT '' COMMENT '职位',
  `rank` varchar(36) CHARACTER SET utf8 COLLATE utf8_general_ci NOT NULL DEFAULT '' COMMENT '职务级别',
  `duty` varchar(36) CHARACTER SET utf8 COLLATE utf8_general_ci DEFAULT NULL COMMENT '岗位',
  `hire_date` timestamp NULL DEFAULT CURRENT_TIMESTAMP,
  `hire_status` smallint(4) DEFAULT NULL,
  `hire_property` varchar(36) CHARACTER SET utf8 COLLATE utf8_general_ci DEFAULT NULL,
  `assess_type` varchar(36) CHARACTER SET utf8 COLLATE utf8_general_ci DEFAULT NULL,
  `assess_assign` varchar(500) CHARACTER SET utf8 COLLATE utf8_general_ci DEFAULT NULL,
  `enable` tinyint(4) NOT NULL DEFAULT '1' COMMENT '状态  0：禁用   1：正常',
  `create_time` datetime NOT NULL DEFAULT CURRENT_TIMESTAMP COMMENT '创建时间',
  `update_time` datetime NOT NULL DEFAULT CURRENT_TIMESTAMP COMMENT '更新时间',
  `extension` varchar(501) CHARACTER SET utf8 COLLATE utf8_general_ci DEFAULT '' COMMENT '扩展',
  `subgroup` varchar(36) DEFAULT NULL,
  `field_v1` varchar(36) DEFAULT NULL,
  `field_v2` varchar(36) DEFAULT NULL,
  PRIMARY KEY (`id`),
  UNIQUE KEY `username` (`username`)
) ENGINE=InnoDB DEFAULT CHARSET=utf8 AVG_ROW_LENGTH=2048 ROW_FORMAT=DYNAMIC COMMENT='系统用户';

-- ----------------------------
-- Records of sys_user
-- ----------------------------
INSERT INTO `sys_user` VALUES ('036a1743-e7c8-4adb-82e8-55a00fd5d170', '23123123213', '95caaf986421a26b02c6b3e3af11beb4a1d6997697a175aa2ce296a9ef8347b7', 'RestToken', '123123123', null, '', '13575785478', '3', '', null, '男', null, null, '', '', '', null, null, null, null, null, null, '1', '2019-11-26 13:46:14', '2019-11-26 13:46:14', '', null, null, null);
INSERT INTO `sys_user` VALUES ('04291823-668c-4111-8c48-5202e69cebcd', '189', '95caaf986421a26b02c6b3e3af11beb4a1d6997697a175aa2ce296a9ef8347b7', 'RestToken', '李彦宏189', '0', 'string', '13754874513', '3de6c487-7c2f-478d-8e4a-070c27659ec5', '20191125/1/zoe.jpeg', '', '男', '', '', '', '', '', null, null, null, null, null, null, '0', '2019-04-15 13:22:12', '2019-04-15 13:22:12', '', '10000010', null, null);
INSERT INTO `sys_user` VALUES ('0bb11ed4-ff9e-4573-af5a-e15bb0b6102b', 'rrrr', 'rrrr', 'rrrr', '李彦宏rrrr', '0', 'rrrr', '13804462181', '1', '20191125/1/zoe.jpeg', '', '女', '', '', '', '', '', null, null, null, null, null, null, '1', '2019-04-15 13:22:12', '2019-04-15 13:22:12', '', '10000010', null, null);
INSERT INTO `sys_user` VALUES ('1', 'admin', '95caaf986421a26b02c6b3e3af11beb4a1d6997697a175aa2ce296a9ef8347b7', 'RestToken', 'zoe', '0', '111', '13804462189', '0', '20191125/1/zoe.jpeg', '', '女', '', '', '', '', '', null, null, null, null, null, null, '1', '2019-04-15 13:22:12', '2019-04-15 13:22:12', '', '10000010', null, null);
INSERT INTO `sys_user` VALUES ('12ac525b-d6c4-4fb2-85ae-75375d0883e5', '188', '32ba21f5cf8b432448044f68c6d1078d4d3c5d6994eec0363ca4db955e4a7ac5', 'FOoiMNza', '李彦宏188', '0', 'string', '1', '1', '/profile/photo/default.jpg', '', '女', '', '', '', '', '', null, null, null, null, null, null, '1', '2019-04-15 13:22:12', '2019-04-15 13:22:12', '', '10000010', null, null);
INSERT INTO `sys_user` VALUES ('1548ce92-0e1e-4d90-8300-e9227bea957d', '1901112', '95caaf986421a26b02c6b3e3af11beb4a1d6997697a175aa2ce296a9ef8347b7', 'RestToken', '123', null, '', '11111111111', 'f99e5ca4-1c3c-4916-91d5-734d4bf3e14c', '20191126/1/test.jpg', null, '其他', null, null, '', '', '', null, null, null, null, null, null, '0', '2019-11-20 20:29:56', '2019-11-20 20:29:56', '111', null, null, null);
INSERT INTO `sys_user` VALUES ('1655339d-4b57-43fb-bc8d-14e3f6225149', '213', '95caaf986421a26b02c6b3e3af11beb4a1d6997697a175aa2ce296a9ef8347b7', 'RestToken', '12', null, '', '11111111111', '1', '/profile/photo/default.jpg', null, '其他', null, null, '', '', '', null, null, null, null, null, null, '1', '2019-11-20 20:37:13', '2019-11-20 20:37:13', '111', null, null, null);
INSERT INTO `sys_user` VALUES ('1c5fa525-6bb2-4aa6-9955-308ebac22b86', '1909', 'e7de9edb9a5e6dd6eac79d38f3b74ef1672fd97174ee6ea215d1f350b7a17b55', 'RestToken', '李彦宏1909', '0', 'e', '13804462180', '10003', '/profile/photo/default.jpg', '', '女', '', '', '', '', '', null, null, null, null, null, null, '0', '2019-04-15 13:22:12', '2019-04-15 13:22:12', '', '10000010', null, null);
INSERT INTO `sys_user` VALUES ('1f4bfa6c-9c88-4481-9df9-56044a2f7d63', 'zoe2', '95caaf986421a26b02c6b3e3af11beb4a1d6997697a175aa2ce296a9ef8347b7', 'RestToken', 'zoe2', null, '', '13804462189', '009b068a-499f-4ec8-945f-63147d306174', '', null, '男', null, null, '', 'post-office-1', '', null, null, null, null, null, null, '1', '2020-03-05 19:40:38', '2020-03-05 19:40:38', '', null, null, null);
INSERT INTO `sys_user` VALUES ('2038eece-4635-4af8-909d-a8559abb8593', 'sys8', '40e29188df9ca95621d926dfd7caaf82a0ccf9dd08f8c071b79acbe6313463ca', 'CwPrpi7o', '李彦宏sys8', '0', '497491@qq.com', '18888821111', '1', '/profile/photo/default.jpg', '', '女', '', '', '', '', '', null, null, null, null, null, null, '1', '2019-04-15 13:22:12', '2019-04-15 13:22:12', '', '10000010', null, null);
INSERT INTO `sys_user` VALUES ('222333', '222', '222', '22', '李彦宏222', '0', '222', '222', '1', '/profile/photo/default.jpg', '', '女', '', '', '', '', '', null, null, null, null, null, null, '0', '2019-04-15 13:22:12', '2019-04-15 13:22:12', '', '10000010', null, null);
INSERT INTO `sys_user` VALUES ('2977fc07-96af-4aab-b49b-bb9cc3ec6ff8', '00002', '95caaf986421a26b02c6b3e3af11beb4a1d6997697a175aa2ce296a9ef8347b7', 'RestToken', '我是测试2号用户', null, '', '13111111112', '1546dfb4-a7d3-4894-9e4b-695b5bc1a41b', '20191122/1/em050usaymp.jpg', null, '女', null, null, '', 'post-info-1', '', null, null, null, null, null, null, '1', '2019-11-22 18:09:39', '2019-11-22 18:09:39', '我是测试用户2号的备注修改啦', null, null, null);
INSERT INTO `sys_user` VALUES ('2f637a13-820e-462b-9556-40a6e0e12dbc', 'ffffeeek', '95caaf986421a26b02c6b3e3af11beb4a1d6997697a175aa2ce296a9ef8347b7', 'RestToken', 'ef22', null, '', '13333333333', '10002', '', null, '女', null, null, '', 'post-office-1', '', null, null, null, null, null, null, '0', '2019-11-29 12:58:38', '2019-11-29 12:58:38', '', null, null, null);
INSERT INTO `sys_user` VALUES ('30a4bf2f-3203-4573-b119-03743d2501b4', 'sys11', '97025adccb54fa01fd9a79ac7fa7a29a68fbcc79ccbc71cc8bed66a2ce180fee', 'L9Kwjxs6', '李彦宏sys11', '0', '497491@qq.com', '18888821111', '1', '/profile/photo/default.jpg', '', '女', '', '', '', '', '', null, null, null, null, null, null, '1', '2019-04-15 13:22:12', '2019-04-15 13:22:12', '', '10000010', null, null);
INSERT INTO `sys_user` VALUES ('343c1ceb-171d-4bfb-86a2-baa5791b1151', 'sys99999', '821bb393e964b0fa26c09b7ffaf1821969f43bcb88bc4d1dc46ea257e204318b', 'UVUwKalQ', '李彦宏sys99999', '0', '497491@qq.com', '18888821111', '1', '/profile/photo/default.jpg', '', '女', '', '', '', '', '', null, null, null, null, null, null, '1', '2019-04-15 13:22:12', '2019-04-15 13:22:12', '', '10000010', null, null);
INSERT INTO `sys_user` VALUES ('3a355bda-81f5-4824-9dac-513590cfb271', '1122', '95caaf986421a26b02c6b3e3af11beb4a1d6997697a175aa2ce296a9ef8347b7', 'RestToken', 'ffff', null, '', '13811111111', '3', '', null, '男', null, null, '', 'post-office-1', '', null, null, null, null, null, null, '1', '2020-03-05 19:11:31', '2020-03-05 19:11:31', '', null, null, null);
INSERT INTO `sys_user` VALUES ('3b55cb42-7c09-4c17-a275-fb175d7496a0', 'ff', '95caaf986421a26b02c6b3e3af11beb4a1d6997697a175aa2ce296a9ef8347b7', 'RestToken', 'ff', null, '', '12222222222', '0', '20191127/1/timg (4).jpeg', null, '男', null, null, '', 'post-office-1', '', null, null, null, null, null, null, '0', '2019-11-27 18:04:55', '2019-11-27 18:04:55', '', null, null, null);
INSERT INTO `sys_user` VALUES ('3eeeae35-3e00-472d-8800-3a6cdf004e57', '00003', '95caaf986421a26b02c6b3e3af11beb4a1d6997697a175aa2ce296a9ef8347b7', 'RestToken', '测试用户3号我就随便起名字了', null, '', '13111111111', '1546dfb4-a7d3-4894-9e4b-695b5bc1a41b', '20191122/1/images.jpg', null, '女', null, null, '', 'post-office-1', '', null, null, null, null, null, null, '1', '2019-11-22 18:13:23', '2019-11-22 18:13:23', '我是测试用户三号的备注我想看看能不能超过五百个字我是测试用户三号的备注我想看看能不能超过五百个字我是测试用户三号的备注我想看看能不能超过五百个字我是测试用户三号的备注我想看看能不能超过五百个字我是测试用户三号的备注我想看看能不能超过五百个字我是测试用户三号的备注我想看看能不能超过五百个字我是测试用户三号的备注我想看看能不能超过五百个字我是测试用户三号的备注我想看看能不能超过五百个字', null, null, null);
INSERT INTO `sys_user` VALUES ('40b4478c-05c7-48ce-93c9-3e9d6d138561', 'string', '097f60f4c30c03a9ed2484277405e6b0fb072de5fe61b62c3d92a524e962d095', 'RestToken', '李彦宏string', '0', 'string', 'string', 'string', '/profile/photo/default.jpg', '', '女', '', '', '', '', '', null, null, null, null, null, null, '1', '2019-04-15 13:22:12', '2019-04-15 13:22:12', '', '10000010', null, null);
INSERT INTO `sys_user` VALUES ('43409473-39bc-4a29-8c1c-d0ee91f66e79', 'syy666665', 'e45a65d64c841a8e3a8929c414f6a9f335f70f94c82aada3d6ac4af7ef12af73', 'Wvs1nv9o', '李彦宏syy666665', '0', '497491@qq.com', '18888821111', '1', '/profile/photo/default.jpg', '', '女', '', '', '', '', '', null, null, null, null, null, null, '1', '2019-04-15 13:22:12', '2019-04-15 13:22:12', '', '10000010', null, null);
INSERT INTO `sys_user` VALUES ('444', '333', '444', '444', '李彦宏333', '0', '444', '444', '1', '/profile/photo/default.jpg', '', '女', '', '', '', '', '', null, null, null, null, null, null, '1', '2019-04-15 13:22:12', '2019-04-15 13:22:12', '', '10000010', null, null);
INSERT INTO `sys_user` VALUES ('4d242461-8dd6-4099-a972-3a49add30c11', 'sys3', '1c9c191aa4f5873db0d58fad1c07449c51f5f99661c91a66ad53aeed8132c021', 'W4iqc2Rj', '李彦宏sys3', '0', '497491@qq.com', '18888821111', '2', '/profile/photo/default.jpg', '', '女', '', '', '', '', '', null, null, null, null, null, null, '1', '2019-04-15 13:22:12', '2019-04-15 13:22:12', '', '10000010', null, null);
INSERT INTO `sys_user` VALUES ('51101260-54a3-4e2b-8afd-ee660de8d200', 'sys7', 'ea9cde1574ec02f41e0188e461d28a0af03ca7e35171aba7e1e45dda77f55e2f', 'h8Sh2i8N', '李彦宏sys7', '0', '497491@qq.com', '18888821111', '1', '/profile/photo/default.jpg', '', '女', '', '', '', '', '', null, null, null, null, null, null, '1', '2019-04-15 13:22:12', '2019-04-15 13:22:12', '', '10000010', null, null);
INSERT INTO `sys_user` VALUES ('52a1b048-1d1c-4461-b390-142d09646b03', 'gavin22', '95caaf986421a26b02c6b3e3af11beb4a1d6997697a175aa2ce296a9ef8347b7', 'RestToken', '黑客', '1', 'gavinhacker@rexen.com.cn', '13000000000', '1', '/xxx/xxx.jpg', '220909099990000', '男', '汉族', '未知', '高级主任', 'post-office-1', '1', null, null, null, null, null, null, '1', '2019-11-20 11:23:21', '2019-11-20 11:23:21', 'string', 'doctor-group', null, null);
INSERT INTO `sys_user` VALUES ('555', '444', '555', '555', '李彦宏444', '0', '555', '555', '1', '/profile/photo/default.jpg', '', '女', '', '', '', '', '', null, null, null, null, null, null, '1', '2019-04-15 13:22:12', '2019-04-15 13:22:12', '', '10000010', null, null);
INSERT INTO `sys_user` VALUES ('5655c967-3c80-4295-973d-3d37b600c422', '190112', '95caaf986421a26b02c6b3e3af11beb4a1d6997697a175aa2ce296a9ef8347b7', 'RestToken', '', null, '', '111111111111', '2', '/profile/photo/default.jpg', null, '其他', null, null, '', '', '', null, null, null, null, null, null, '1', '2019-11-20 20:28:27', '2019-11-20 20:28:27', '111', null, null, null);
INSERT INTO `sys_user` VALUES ('57c529f4-79a3-4443-a85e-aface4b535c3', 'gg', '95caaf986421a26b02c6b3e3af11beb4a1d6997697a175aa2ce296a9ef8347b7', 'RestToken', 'gg', null, '', '12222222222', '0', '20191127/1/timg (4).jpeg', null, '男', null, null, '', 'post-office-1', '', null, null, null, null, null, null, '1', '2019-11-27 17:58:48', '2019-11-27 17:58:48', 'fff', null, null, null);
INSERT INTO `sys_user` VALUES ('585bc9ff-ddb6-458a-8771-0638690202c5', '1', '95caaf986421a26b02c6b3e3af11beb4a1d6997697a175aa2ce296a9ef8347b7', 'RestToken', '', null, '', '11111111111', '', '/profile/photo/default.jpg', null, '其他', null, null, '', '', '', null, null, null, null, null, null, '1', '2019-11-20 20:30:40', '2019-11-20 20:30:40', '111', null, null, null);
INSERT INTO `sys_user` VALUES ('59a9d204-04cb-49ca-b007-8e75f901a9a0', '123', '95caaf986421a26b02c6b3e3af11beb4a1d6997697a175aa2ce296a9ef8347b7', 'RestToken', '123', null, '', '17804304082', '3', '', null, '男', null, null, '', '', '', null, null, null, null, null, null, '1', '2019-11-26 11:17:37', '2019-11-26 11:17:37', '', null, null, null);
INSERT INTO `sys_user` VALUES ('5e5a436d-9dd5-40eb-af54-4c245bb27672', '2131', '95caaf986421a26b02c6b3e3af11beb4a1d6997697a175aa2ce296a9ef8347b7', 'RestToken', '12', null, '', '11111111111', '1', '/profile/photo/default.jpg', null, '其他', null, null, '', '', '', null, null, null, null, null, null, '1', '2019-11-20 21:21:06', '2019-11-20 21:21:06', '111', null, null, null);
INSERT INTO `sys_user` VALUES ('60542c22-2427-4e2c-8608-117388b30e4b', '1902', 'e7de9edb9a5e6dd6eac79d38f3b74ef1672fd97174ee6ea215d1f350b7a17b55', 'RestToken', '李彦宏1902', '0', '4', '4', '4', '/profile/photo/default.jpg', '', '女', '', '', '', '', '', null, null, null, null, null, null, '0', '2019-04-15 13:22:12', '2019-04-15 13:22:12', '', '10000010', null, null);
INSERT INTO `sys_user` VALUES ('6196b3f8-a727-4230-8dc1-771221d2d578', 'syy55555', 'e7de9edb9a5e6dd6eac79d38f3b74ef1672fd97174ee6ea215d1f350b7a17b55', 'RestToken', '李彦宏syy55555', '0', '497491@qq.com', '18888821111', '1', '/profile/photo/default.jpg', '', '女', '', '', '', '', '', null, null, null, null, null, null, '1', '2019-04-15 13:22:12', '2019-04-15 13:22:12', '', '10000010', null, null);
INSERT INTO `sys_user` VALUES ('666', '555', 'e7de9edb9a5e6dd6eac79d38f3b74ef1672fd97174ee6ea215d1f350b7a17b55', '666', '李彦宏555', '0', '666', '666', '1', '/profile/photo/default.jpg', '', '女', '', '', '', '', '', null, null, null, null, null, null, '1', '2019-04-15 13:22:12', '2019-04-15 13:22:12', '', '10000010', null, null);
INSERT INTO `sys_user` VALUES ('68b78ec6-b76c-42fe-89fa-b8b63402a97f', 'gavin9', '95caaf986421a26b02c6b3e3af11beb4a1d6997697a175aa2ce296a9ef8347b7', 'RestToken', 'gavin9', null, '', '12222222222', '3', '20191127/1/bdp.png', null, '男', null, null, '', 'post-office-1', '', null, null, null, null, null, null, '1', '2019-11-27 16:34:23', '2019-11-27 16:34:23', '', null, null, null);
INSERT INTO `sys_user` VALUES ('69973570-1fb6-4f53-990d-d36d86f3c7fb', '2', '95caaf986421a26b02c6b3e3af11beb4a1d6997697a175aa2ce296a9ef8347b7', 'RestToken', '12', null, '', '11111111111', '1', '/profile/photo/default.jpg', null, '其他', null, null, '', '', '', null, null, null, null, null, null, '1', '2019-11-20 20:32:38', '2019-11-20 20:32:38', '111', null, null, null);
INSERT INTO `sys_user` VALUES ('6c6c30b1-6c2f-4b53-a0c1-e5130b526a0e', 'pdf', '95caaf986421a26b02c6b3e3af11beb4a1d6997697a175aa2ce296a9ef8347b7', 'RestToken', 'dpf', null, '', '13111111111', '4', '', null, '男', null, null, '', 'post-office-1', '', null, '2020-03-16 17:38:54', null, null, null, null, '1', '2020-03-16 17:38:54', '2020-03-16 17:38:54', 'fffff', null, null, null);
INSERT INTO `sys_user` VALUES ('6d188cfb-a819-4774-8cfa-fb5bbd277b2f', '1910', 'e7de9edb9a5e6dd6eac79d38f3b74ef1672fd97174ee6ea215d1f350b7a17b55', 'RestToken', '李彦宏1910', '0', 'e', 'm', '4', '/profile/photo/default.jpg', '', '女', '', '', '', '', '', null, null, null, null, null, null, '0', '2019-04-15 13:22:12', '2019-04-15 13:22:12', '', '10000010', null, null);
INSERT INTO `sys_user` VALUES ('6dea5be1-376e-486b-aca2-6f25980ab17f', 'sys9', 'affe091899a54b7560c1625d757b86afd52f63881238a30678bd208dd8ea3a59', 'C65xxy6B', '李彦宏sys9', '0', '497491@qq.com', '18888821111', '1', '/profile/photo/default.jpg', '', '女', '', '', '', '', '', null, null, null, null, null, null, '1', '2019-04-15 13:22:12', '2019-04-15 13:22:12', '', '10000010', null, null);
INSERT INTO `sys_user` VALUES ('708c9bb4-0b3b-4da4-ba81-f59a5b236b49', 'sys333332', '9043e1a25c6f6694ed122b8a6b4d3a68b492d63ef0a1bf3683308bdb91b9c2c5', 'desrQcpY', '李彦宏sys333332', '0', '497491@qq.com', '18888821111', '1', '/profile/photo/default.jpg', '', '女', '', '', '', '', '', null, null, null, null, null, null, '1', '2019-04-15 13:22:12', '2019-04-15 13:22:12', '', '10000010', null, null);
INSERT INTO `sys_user` VALUES ('75f0a136-fb57-49d7-ba47-40e0fd3ece96', '19011112', '95caaf986421a26b02c6b3e3af11beb4a1d6997697a175aa2ce296a9ef8347b7', 'RestToken', '', null, '', '11111111111', '21', '/profile/photo/default.jpg', null, '其他', null, null, '', '', '', null, null, null, null, null, null, '1', '2019-11-20 20:30:11', '2019-11-20 20:30:11', '111', null, null, null);
INSERT INTO `sys_user` VALUES ('790d6687-0483-4f57-8471-cc927cdf5215', 'hack', '95caaf986421a26b02c6b3e3af11beb4a1d6997697a175aa2ce296a9ef8347b7', 'RestToken', 'fff', null, '', '13333331111', '7460f4f0-2ed8-4a3c-a111-d558f15ce83d', '20191122/1/zoe.jpeg', null, '男', null, null, '', 'post-office-1', '', null, null, null, null, null, null, '0', '2019-11-22 10:19:42', '2019-11-22 10:19:42', '', null, null, null);
INSERT INTO `sys_user` VALUES ('7de33f34-29b6-4c0f-a390-0f9091dca030', 'fef', '95caaf986421a26b02c6b3e3af11beb4a1d6997697a175aa2ce296a9ef8347b7', 'RestToken', 'Gav', null, '', '13333333333', '3', '20191121/1/zoe.jpeg', null, '女', null, null, '', 'post-office-1', '', null, null, null, null, null, null, '1', '2019-11-21 18:40:25', '2019-11-21 18:40:25', 'ff', null, null, null);
INSERT INTO `sys_user` VALUES ('7edd783a-0e24-4267-98f8-1c05cd047599', 'ffff', '95caaf986421a26b02c6b3e3af11beb4a1d6997697a175aa2ce296a9ef8347b7', 'RestToken', 'ffff', null, '', '12222222222', '4', '', null, '男', null, null, '', 'post-office-1', '', null, null, null, null, null, null, '1', '2019-11-28 15:58:58', '2019-11-28 15:58:58', '', null, null, null);
INSERT INTO `sys_user` VALUES ('7fa3e140-73fc-407b-8297-d981afcd3c6f', '23', '95caaf986421a26b02c6b3e3af11beb4a1d6997697a175aa2ce296a9ef8347b7', 'RestToken', '12', null, '', '11111111111', '1', '/profile/photo/default.jpg', null, '其他', null, null, '', '', '', null, null, null, null, null, null, '1', '2019-11-20 20:36:42', '2019-11-20 20:36:42', '111', null, null, null);
INSERT INTO `sys_user` VALUES ('88678240-acb9-4950-89d9-67f7ce0c2b0d', 'sys6', '3e891277cce06fd725ea19bd5521b7085b34ae63d32aada7e128ea5a0bf27954', 'yiygisQX', '李彦宏sys6', '0', '497491@qq.com', '18888821111', '1', '/profile/photo/default.jpg', '', '女', '', '', '', '', '', null, null, null, null, null, null, '1', '2019-04-15 13:22:12', '2019-04-15 13:22:12', '', '10000010', null, null);
INSERT INTO `sys_user` VALUES ('8c2d8157-aded-4841-8639-1f9181d2b4d3', '1907', '95caaf986421a26b02c6b3e3af11beb4a1d6997697a175aa2ce296a9ef8347b7', 'RestToken', '李彦宏1907', '0', 'e', '13804462189', '4', '/profile/photo/default.jpg', '', '女', '', '', '', '', '', null, null, null, null, null, null, '0', '2019-04-15 13:22:12', '2019-04-15 13:22:12', '', '10000010', null, null);
INSERT INTO `sys_user` VALUES ('8ccb5bba-f045-4033-aff5-d61718fa28d6', 'gavin8', '95caaf986421a26b02c6b3e3af11beb4a1d6997697a175aa2ce296a9ef8347b7', 'RestToken', 'gavin8', null, '', '13333333333', '3', '20191125/1/zoe.jpeg', null, '男', null, null, '', 'post-office-1', '', null, null, null, null, null, null, '1', '2019-11-25 15:59:02', '2019-11-25 15:59:02', 'ff', null, null, null);
INSERT INTO `sys_user` VALUES ('8da5e85d-48ed-4745-9c20-4f14efeaed09', 'sys1', '438f02d5aed1ddead045eadfc3450d65639efa4348ff70ae79225ac91af0f924', 'TpiQzGwm', '李彦宏sys1', '0', '497491@qq.com', '18888821111', '1', '/profile/photo/default.jpg', '', '女', '', '', '', '', '', null, null, null, null, null, null, '1', '2019-04-15 13:22:12', '2019-04-15 13:22:12', '', '10000010', null, null);
INSERT INTO `sys_user` VALUES ('95e7313c-a04f-49cb-850c-64d8f6258881', 'sys22222', '14cddf4ecf8815411f49b09359934d2eef0db987aa6c11300b142cc50154050b', 'SiUN5jqN', '李彦宏sys22222', '0', '497491@qq.com', '18888821111', '1', '/profile/photo/default.jpg', '', '女', '', '', '', '', '', null, null, null, null, null, null, '1', '2019-04-15 13:22:12', '2019-04-15 13:22:12', '', '10000010', null, null);
INSERT INTO `sys_user` VALUES ('96be23ff-a387-48a3-bbce-ab2271748a1a', 'gavinhacker', '95caaf986421a26b02c6b3e3af11beb4a1d6997697a175aa2ce296a9ef8347b7', 'RestToken', '黑客', '1', 'gavinhacker@rexen.com.cn', '13000000000', '1', '/profile/photo/default.jpg', '220909099990000', '男女', '汉族', '未知', '高级主任', 'post-office-1', '1', null, null, null, null, null, null, '1', '2019-11-16 11:32:01', '2019-11-16 11:32:01', 'string', 'doctor-group', null, null);
INSERT INTO `sys_user` VALUES ('9c596b82-6177-4514-91ec-c45be42a9f05', '11111f', '95caaf986421a26b02c6b3e3af11beb4a1d6997697a175aa2ce296a9ef8347b7', 'RestToken', '11111', null, '', '13578548745', '0', '', null, '男', null, null, '', 'post-office-1', '', null, null, null, null, null, null, '1', '2019-11-21 15:56:47', '2019-11-21 15:56:47', '', null, null, null);
INSERT INTO `sys_user` VALUES ('9f56e244-7199-406e-80a5-190f23022277', 'x', '95caaf986421a26b02c6b3e3af11beb4a1d6997697a175aa2ce296a9ef8347b7', 'RestToken', 'x', null, '', '12222222222', '0', '20191127/1/timg (4).jpeg', null, '男', null, null, '', 'post-office-1', '', null, null, null, null, null, null, '1', '2019-11-27 18:32:32', '2019-11-27 18:32:32', '', null, null, null);
INSERT INTO `sys_user` VALUES ('a761ad30-5f72-4b56-9402-ff36f0970544', '1906', 'e7de9edb9a5e6dd6eac79d38f3b74ef1672fd97174ee6ea215d1f350b7a17b55', 'RestToken', '李彦宏1906', '0', 'e', 'm', '4', '/profile/photo/default.jpg', '', '女', '', '', '', '', '', null, null, null, null, null, null, '0', '2019-04-15 13:22:12', '2019-04-15 13:22:12', '', '10000010', null, null);
INSERT INTO `sys_user` VALUES ('ab186c36-81bc-4e30-8864-8968517b970f', '00001', '95caaf986421a26b02c6b3e3af11beb4a1d6997697a175aa2ce296a9ef8347b7', 'RestToken', '01测试验证', null, '', '13100000001', '1546dfb4-a7d3-4894-9e4b-695b5bc1a41b', '20191122/1/20180221223815_xkkyq.jpg', null, '男', null, null, '', 'post-office-1', '', null, null, null, null, null, null, '1', '2019-11-22 09:38:32', '2019-11-22 09:38:32', '我是测试数据00001号', null, null, null);
INSERT INTO `sys_user` VALUES ('aef62ec9-3584-4ef4-b89c-99b444dcad06', 'soni', '95caaf986421a26b02c6b3e3af11beb4a1d6997697a175aa2ce296a9ef8347b7', 'RestToken', 'soni', null, '', '13578277857', '0', '', null, '男', null, null, '', 'post-office-1', '', null, null, null, null, null, null, '1', '2019-11-21 14:48:38', '2019-11-21 14:48:38', '', null, null, null);
INSERT INTO `sys_user` VALUES ('b8994aa7-b34f-4584-9a81-04a3bcea77fb', 'sys10', '9ae4a020c3de695ad222459f2f00c485be77e6ebef87883705973cc4f56f6db9', 'WynBDo7M', '李彦宏sys10', '0', '497491@qq.com', '18888821111', '1', '/profile/photo/default.jpg', '', '女', '', '', '', '', '', null, null, null, null, null, null, '1', '2019-04-15 13:22:12', '2019-04-15 13:22:12', '', '10000010', null, null);
INSERT INTO `sys_user` VALUES ('c556b388-354e-42ca-9c92-34ff9a149c50', 'ffff2', '95caaf986421a26b02c6b3e3af11beb4a1d6997697a175aa2ce296a9ef8347b7', 'RestToken', 'ffff', null, '', '13333333333', '0', '', null, '男', null, null, '', 'post-office-1', '', null, null, null, null, null, null, '1', '2019-11-29 10:09:12', '2019-11-29 10:09:12', 'fff', null, null, null);
INSERT INTO `sys_user` VALUES ('d6d99f2a-2895-4e8f-8755-1960ef77e5e7', 'exe', '95caaf986421a26b02c6b3e3af11beb4a1d6997697a175aa2ce296a9ef8347b7', 'RestToken', 'exe1', null, '', '13666666666', '009b068a-499f-4ec8-945f-63147d306174', '', null, '男', null, null, '', 'post-office-1', '', null, '2020-03-16 17:35:34', null, null, null, null, '0', '2020-03-16 17:35:34', '2020-03-16 17:35:34', 'ff111', null, null, null);
INSERT INTO `sys_user` VALUES ('d8f6a847-bcad-4bd7-aa1b-c475fa311991', '11111', '95caaf986421a26b02c6b3e3af11beb4a1d6997697a175aa2ce296a9ef8347b7', 'RestToken', '11111', null, '', '13578548745', '0', '', null, '男', null, null, '', 'post-office-1', '', null, null, null, null, null, null, '1', '2019-11-21 15:40:10', '2019-11-21 15:40:10', '', null, null, null);
INSERT INTO `sys_user` VALUES ('d9901871-f5d8-469c-8afc-3549c2f91613', '1905', 'e7de9edb9a5e6dd6eac79d38f3b74ef1672fd97174ee6ea215d1f350b7a17b55', 'RestToken', '李彦宏1905', '0', '4', '4', '4', '/profile/photo/default.jpg', '', '女', '', '', '', '', '', null, null, null, null, null, null, '0', '2019-04-15 13:22:12', '2019-04-15 13:22:12', '', '10000010', null, null);
INSERT INTO `sys_user` VALUES ('e19078ef-b6c3-426f-81c1-2328aac40d3c', 'gavinhacker-2', 'dbd3a8454ede9510e0873d32f0f8e0f699aebe97ce65a4327d0c3d1b23f7569a', 'RestToken', 'BENCHI_01', '1001', 'gavinhacker123@rexen.com.cn', '13800000001', '1', '/xxx/y.jpg', '2201000000000X', '男', '汉', '单身', '中级docter', 'post-office-1', '1级', null, null, null, null, null, null, '1', '2019-11-16 11:47:03', '2019-11-16 11:47:03', '111', '1', null, null);
INSERT INTO `sys_user` VALUES ('e2524324-70fd-4f6c-b502-81b29b311732', '19012', '95caaf986421a26b02c6b3e3af11beb4a1d6997697a175aa2ce296a9ef8347b7', 'RestToken', '', null, '', '11111111111', '2', '/profile/photo/default.jpg', null, '其他', null, null, '', '', '', null, null, null, null, null, null, '1', '2019-11-20 20:28:12', '2019-11-20 20:28:12', '111', null, null, null);
INSERT INTO `sys_user` VALUES ('e4e7bee4-ecdb-4458-a926-7d95ffdeed7b', 'sys44444', '943d4a76da91b7d1a1470bb480e64425ebf960a7e0e223041bb205fcf8dfe41f', 'aBoWDOyo', '李彦宏sys44444', '0', '497491@qq.com', '18888821111', '1', '/profile/photo/default.jpg', '', '女', '', '', '', '', '', null, null, null, null, null, null, '1', '2019-04-15 13:22:12', '2019-04-15 13:22:12', '', '10000010', null, null);
INSERT INTO `sys_user` VALUES ('e5f9ac6b-9b7c-4de9-ad6a-f40df25559bc', 'fff', '95caaf986421a26b02c6b3e3af11beb4a1d6997697a175aa2ce296a9ef8347b7', 'RestToken', 'fff', null, '', '12333333333', '0', '', null, '男', null, null, '', 'post-office-1', '', null, null, null, null, null, null, '1', '2019-11-28 10:00:13', '2019-11-28 10:00:13', '11111111111111111111111111111111111111111111111111111111111111111111111111111111111111111111111111111111111111111111111111111111111111111111111111111111111111111111111111111111111111111111111111111111111111111111111111111111111111111111111111111111111111111111111111111111111111111111111111111111111111111111111111111111111111111111111111111111111111111111111111111111111111111111111111111111111111111111111111111111111111111111111111111111111111111111111111111111111111111111111111111111111111111111', null, null, null);
INSERT INTO `sys_user` VALUES ('e7a52141-4a4c-423b-94c2-51fbf79f79d6', 'g', '95caaf986421a26b02c6b3e3af11beb4a1d6997697a175aa2ce296a9ef8347b7', 'RestToken', 'g', null, '', '11111111111', '4', '20191127/1/timg (4).jpeg', null, '男', null, null, '', 'post-office-1', '', null, null, null, null, null, null, '1', '2019-11-27 17:58:05', '2019-11-27 17:58:05', '', null, null, null);
INSERT INTO `sys_user` VALUES ('e7ec00a3-c69d-4666-8c6b-a6c12cc825f3', '190', '95caaf986421a26b02c6b3e3af11beb4a1d6997697a175aa2ce296a9ef8347b7', 'RestToken', '李彦宏三', '0', '', '11111111111', '519591a5-8506-4064-aacf-5e562ef2d223', '20191205/1/Desert.jpg', '', '女', '', '', '', '', '', null, null, null, null, null, null, '1', '2019-11-11 07:33:29', '2019-11-11 07:33:29', '111', '10000010', null, null);
INSERT INTO `sys_user` VALUES ('ebe49f90-26e1-438c-a208-9bd48c70ffbe', '1911', 'e7de9edb9a5e6dd6eac79d38f3b74ef1672fd97174ee6ea215d1f350b7a17b55', 'RestToken', '李彦宏1911', '0', '1', '13333333222', '3', '20191122/1/zoe.jpeg', '', '女', '', '', '', '', '', null, null, null, null, null, null, '1', '2019-04-15 13:22:12', '2019-04-15 13:22:12', '', '10000010', null, null);
INSERT INTO `sys_user` VALUES ('ef9e90de-fbcd-4cd9-9f8a-c267b7aa0f50', 'gavinhacker-1', '95caaf986421a26b02c6b3e3af11beb4a1d6997697a175aa2ce296a9ef8347b7', 'RestToken', '黑客', '1', 'gavinhacker@rexen.com.cn', '13000000000', '1', '/xxx/xxx.jpg', '220909099990000', '男', '汉族', '未知', '高级主任', 'post-office-1', '1', null, null, null, null, null, null, '1', '2019-11-20 11:22:25', '2019-11-20 11:22:25', 'string', 'doctor-group', null, null);
INSERT INTO `sys_user` VALUES ('f6725a15-9697-4493-98bf-6c9c4469271d', '1903', 'e7de9edb9a5e6dd6eac79d38f3b74ef1672fd97174ee6ea215d1f350b7a17b55', 'RestToken', '李彦宏1903', '0', '4', '4', '4', '/profile/photo/default.jpg', '', '女', '', '', '', '', '', null, null, null, null, null, null, '0', '2019-04-15 13:22:12', '2019-04-15 13:22:12', '', '10000010', null, null);
INSERT INTO `sys_user` VALUES ('sadf', '666', '123456', '213121', '李彦宏666', '0', '497966@qq.com', '18686460379', '1', '/profile/photo/default.jpg', '', '女', '', '', '', '', '', null, null, null, null, null, null, '1', '2019-04-15 13:22:12', '2019-04-15 13:22:12', '', '10000010', null, null);
INSERT INTO `sys_user` VALUES ('sadf1', '777', '123456', '213121', '李彦宏777', '0', '497966@qq.com', '18686460379', '1', '/profile/photo/default.jpg', '', '女', '', '', '', '', '', null, null, null, null, null, null, '1', '2019-04-15 13:22:12', '2019-04-15 13:22:12', '', '10000010', null, null);

-- ----------------------------
-- Table structure for sys_user_role
-- ----------------------------
DROP TABLE IF EXISTS `sys_user_role`;
CREATE TABLE `sys_user_role` (
  `id` varchar(36) NOT NULL,
  `user_id` varchar(36) DEFAULT NULL COMMENT '用户ID',
  `role_id` varchar(36) DEFAULT NULL COMMENT '角色ID',
  PRIMARY KEY (`id`)
) ENGINE=InnoDB DEFAULT CHARSET=utf8 ROW_FORMAT=DYNAMIC COMMENT='用户与角色对应关系';

-- ----------------------------
-- Records of sys_user_role
-- ----------------------------
INSERT INTO `sys_user_role` VALUES ('01014948-fa36-4962-a186-a8ffa916f26d', 'ab186c36-81bc-4e30-8864-8968517b970f', '543ebce3-e35b-4796-be51-f6cba44b7e79');
INSERT INTO `sys_user_role` VALUES ('01e9fb40-7c06-4d3f-b253-28344fcd0322', '7de33f34-29b6-4c0f-a390-0f9091dca030', '6');
INSERT INTO `sys_user_role` VALUES ('10e14caf-831f-4c8b-91c1-5b6019843ec6', '3a355bda-81f5-4824-9dac-513590cfb271', '1fd7ed00-108a-4cde-bd0d-ce58e994cae8');
INSERT INTO `sys_user_role` VALUES ('19877938-382c-4fa3-b40a-f2a21fccf419', '6d188cfb-a819-4774-8cfa-fb5bbd277b2f', '4');
INSERT INTO `sys_user_role` VALUES ('1faa5a38-4838-4e29-8e0d-4e091691008e', '790d6687-0483-4f57-8471-cc927cdf5215', 'f19ef746-b4f7-4f12-9bba-2e79625952ee');
INSERT INTO `sys_user_role` VALUES ('35feb303-dfa8-4e8e-8dfd-335e76b33b80', 'e7a52141-4a4c-423b-94c2-51fbf79f79d6', '5');
INSERT INTO `sys_user_role` VALUES ('3ce208ec-3723-4ede-964e-a7855b29dea8', '57c529f4-79a3-4443-a85e-aface4b535c3', '3dcf7daf-451f-4e94-b776-9ba083126436');
INSERT INTO `sys_user_role` VALUES ('42106121-9967-4093-9cc8-7a2ad65bb2d4', '3eeeae35-3e00-472d-8800-3a6cdf004e57', '543ebce3-e35b-4796-be51-f6cba44b7e79');
INSERT INTO `sys_user_role` VALUES ('5044d039-557e-4a41-bd01-b5e35586af72', '6c6c30b1-6c2f-4b53-a0c1-e5130b526a0e', '059c1fed-0e4e-4085-9674-b3edfdf3b9ed');
INSERT INTO `sys_user_role` VALUES ('58daf2fe-47af-4fdd-b57e-d1ac8887c66a', '8ccb5bba-f045-4033-aff5-d61718fa28d6', '3dcf7daf-451f-4e94-b776-9ba083126436');
INSERT INTO `sys_user_role` VALUES ('64c18d70-1360-4570-9e36-c7d344cd224a', 'c556b388-354e-42ca-9c92-34ff9a149c50', '4cbff9bc-2ae8-4c39-9aba-1ec1ba9b24c2');
INSERT INTO `sys_user_role` VALUES ('65989d23-b1e5-4949-9db1-f864b9ea32c2', '3b55cb42-7c09-4c17-a275-fb175d7496a0', '1');
INSERT INTO `sys_user_role` VALUES ('6747f00c-49eb-4434-8892-78b6768cf0c5', 'e5f9ac6b-9b7c-4de9-ad6a-f40df25559bc', '6681fe17-1822-4211-8fe8-c807f29d5846');
INSERT INTO `sys_user_role` VALUES ('67e957d8-7a64-4998-be62-adda1324a997', '0bb11ed4-ff9e-4573-af5a-e15bb0b6102b', '543ebce3-e35b-4796-be51-f6cba44b7e79');
INSERT INTO `sys_user_role` VALUES ('70c54a09-eca7-4155-9410-1a92ceacddb6', '3eeeae35-3e00-472d-8800-3a6cdf004e57', '6');
INSERT INTO `sys_user_role` VALUES ('742e7f4b-0bb3-4b8c-8227-9ae989288fc2', '9c596b82-6177-4514-91ec-c45be42a9f05', '543ebce3-e35b-4796-be51-f6cba44b7e79');
INSERT INTO `sys_user_role` VALUES ('74d8800d-2f84-4c6b-ba84-b4cf127a41ed', 'ebe49f90-26e1-438c-a208-9bd48c70ffbe', '3');
INSERT INTO `sys_user_role` VALUES ('7fd438a3-cce4-4a74-b488-86d60ae5ca8a', '2f637a13-820e-462b-9556-40a6e0e12dbc', '3dcf7daf-451f-4e94-b776-9ba083126436');
INSERT INTO `sys_user_role` VALUES ('8c24c80c-e983-48c8-98e8-34c9c6dbdbd8', 'ab186c36-81bc-4e30-8864-8968517b970f', '5');
INSERT INTO `sys_user_role` VALUES ('8ca3f2ef-c605-4e70-a5a4-09efea9fd06c', '2977fc07-96af-4aab-b49b-bb9cc3ec6ff8', '543ebce3-e35b-4796-be51-f6cba44b7e79');
INSERT INTO `sys_user_role` VALUES ('9d6970d3-bf94-4170-866e-09f01bf53ff9', 'd6d99f2a-2895-4e8f-8755-1960ef77e5e7', '059c1fed-0e4e-4085-9674-b3edfdf3b9ed');
INSERT INTO `sys_user_role` VALUES ('c44da20e-f9f4-4cbd-87da-d757cc09aa76', '1f4bfa6c-9c88-4481-9df9-56044a2f7d63', '8e6d2ec5-0539-4583-92b4-2f6abf67b710');
INSERT INTO `sys_user_role` VALUES ('cf83431f-4a07-4f64-8ef1-75c325df2a40', '9f56e244-7199-406e-80a5-190f23022277', '1');
INSERT INTO `sys_user_role` VALUES ('df784354-aeb4-475b-b742-c6e8ed3d4f34', '40b4478c-05c7-48ce-93c9-3e9d6d138561', 'string');
INSERT INTO `sys_user_role` VALUES ('eb7b042e-3ce3-45c6-8862-2a8065b9d3c9', 'e19078ef-b6c3-426f-81c1-2328aac40d3c', '3');
INSERT INTO `sys_user_role` VALUES ('f1def63c-220c-40d3-96d8-06ab49c370d3', '7edd783a-0e24-4267-98f8-1c05cd047599', '3dcf7daf-451f-4e94-b776-9ba083126436');
INSERT INTO `sys_user_role` VALUES ('fb4f6743-a9c9-48fb-a96f-cd2c47e9acc4', '790d6687-0483-4f57-8471-cc927cdf5215', '71531428-7554-4f9d-8199-3a3b68e7d0f5');

-- ----------------------------
-- Table structure for tool_generator_field_model
-- ----------------------------
DROP TABLE IF EXISTS `tool_generator_field_model`;
CREATE TABLE `tool_generator_field_model` (
  `id` varchar(36) NOT NULL,
  `field_name` varchar(50) NOT NULL,
  `field_comment` varchar(50) NOT NULL,
  `physics_type` varchar(50) NOT NULL,
  `label_name` varchar(50) NOT NULL,
  `java_type` varchar(50) NOT NULL,
  `java_field` varchar(50) NOT NULL,
  `primary_key` smallint(6) NOT NULL,
  `form_insert` smallint(6) NOT NULL,
  `form_update` smallint(6) NOT NULL,
  `form_list` smallint(6) NOT NULL,
  `form_query_param` smallint(6) NOT NULL,
  `form_query_mode` varchar(15) NOT NULL,
  `form_required` smallint(6) NOT NULL,
  `form_type` varchar(50) NOT NULL,
  `dict_type` varchar(50) NOT NULL,
  `verify_type` varchar(50) DEFAULT NULL,
  `min_length_required` smallint(6) DEFAULT NULL,
  `max_length_required` smallint(6) DEFAULT NULL,
  `min_value_required` int(11) DEFAULT NULL,
  `max_value_required` int(11) DEFAULT NULL,
  `table_model_id` varchar(36) NOT NULL,
  `sort` int(11) NOT NULL,
  PRIMARY KEY (`id`)
) ENGINE=InnoDB DEFAULT CHARSET=utf8;

-- ----------------------------
-- Records of tool_generator_field_model
-- ----------------------------
INSERT INTO `tool_generator_field_model` VALUES ('00c4609a-632b-4999-9074-57b239a80c83', 'create_time', '创建时间', 'datetime', '创建时间', 'Date', 'createTime', '0', '1', '0', '0', '0', 'equals', '1', 'datePicker', '', null, null, '0', null, null, '7a4625c3-7ebd-42c7-8de0-316140c9e393', '26');
INSERT INTO `tool_generator_field_model` VALUES ('019621e5-b74f-4588-8165-d5ac2edc9c87', 'name', '', 'varchar(36)', '配置名称', 'String', 'name', '0', '1', '1', '1', '1', 'like', '1', 'input', '', null, '1', '36', '1', '1', '0be68d6b-7981-4454-8d41-a36487479473', '2');
INSERT INTO `tool_generator_field_model` VALUES ('035c9008-ba00-411a-95e8-7408b628c493', 'marital_status', '婚姻状况', 'varchar(2)', '婚姻状况', 'String', 'maritalStatus', '0', '1', '1', '1', '1', 'equals', '0', 'input', '', null, null, '2', null, null, '7a4625c3-7ebd-42c7-8de0-316140c9e393', '15');
INSERT INTO `tool_generator_field_model` VALUES ('0b0289bf-cfe8-4dd5-8f44-7eb5f70ea866', 'num', '用户编号', 'bigint(20)', '用户编号', 'Long', 'num', '0', '1', '1', '1', '1', 'equals', '0', 'input', '', null, null, '20', null, null, '7a4625c3-7ebd-42c7-8de0-316140c9e393', '6');
INSERT INTO `tool_generator_field_model` VALUES ('0bbf4ed5-8460-48c4-8acb-74a92d8b6564', 'title', '职称', 'varchar(30)', '职称', 'String', 'title', '0', '1', '1', '1', '1', 'equals', '1', 'input', '', null, null, '30', null, null, '7a4625c3-7ebd-42c7-8de0-316140c9e393', '16');
INSERT INTO `tool_generator_field_model` VALUES ('19b448e5-d2da-43a2-b3fb-484b051c87e7', 'username', '用户登陆名', 'varchar(50)', '用户登陆名', 'String', 'username', '0', '1', '1', '1', '1', 'like', '1', 'input', '', null, null, '50', null, null, '7a4625c3-7ebd-42c7-8de0-316140c9e393', '2');
INSERT INTO `tool_generator_field_model` VALUES ('2b0cf0e5-248e-4568-aa9e-6678b07f364f', 'id', '', 'varchar(36)', '', 'String', 'id', '1', '1', '0', '0', '0', 'equals', '0', 'input', '', null, null, '36', null, null, '7a4625c3-7ebd-42c7-8de0-316140c9e393', '1');
INSERT INTO `tool_generator_field_model` VALUES ('32f5d5ff-2264-44b3-96c2-a6fa994bedfb', 'password', '密码', 'varchar(100)', '密码', 'String', 'password', '0', '1', '1', '1', '1', 'equals', '1', 'textarea', '', null, null, '100', null, null, '7a4625c3-7ebd-42c7-8de0-316140c9e393', '3');
INSERT INTO `tool_generator_field_model` VALUES ('348f0ab0-233f-4a0b-a679-bd7e1dd7412e', 'mobile', '手机号', 'varchar(100)', '手机号', 'String', 'mobile', '0', '1', '1', '1', '1', 'like', '1', 'textarea', '', null, null, '100', null, null, '7a4625c3-7ebd-42c7-8de0-316140c9e393', '8');
INSERT INTO `tool_generator_field_model` VALUES ('39818215-6147-47dd-a7bb-64fac1d1fac8', 'update_time', '', 'timestamp', '', 'Date', 'updateTime', '0', '1', '0', '0', '0', 'equals', '0', 'datePicker', '', null, null, '0', null, null, '718ca332-c2c0-4094-aa04-22f58f17b49c', '5');
INSERT INTO `tool_generator_field_model` VALUES ('3ea43e10-cc6d-4ffe-9f8b-9c5254d0ff25', 'parent_id', '上级机构ID', 'varchar(36)', '上级机构ID', 'String', 'parentId', '0', '1', '1', '1', '1', 'equals', '1', 'input', '', null, null, '36', null, null, '29846cfa-e573-40e3-8895-39ef04872f43', '3');
INSERT INTO `tool_generator_field_model` VALUES ('4595eb2c-86d5-4c62-a8d9-a269cec287d3', 'assess_type', '', 'varchar(36)', '', 'String', 'assessType', '0', '1', '1', '1', '1', 'equals', '0', 'input', '', null, null, '36', null, null, '7a4625c3-7ebd-42c7-8de0-316140c9e393', '23');
INSERT INTO `tool_generator_field_model` VALUES ('4776aa62-929c-4656-b321-ae291148ee7e', 'idcard', '身份证号', 'varchar(36)', '身份证号', 'String', 'idcard', '0', '1', '1', '1', '1', 'equals', '0', 'input', '', null, null, '36', null, null, '7a4625c3-7ebd-42c7-8de0-316140c9e393', '12');
INSERT INTO `tool_generator_field_model` VALUES ('4a023df7-fc35-499a-9410-331b33e2f740', 'field_v1', '', 'varchar(36)', '', 'String', 'fieldV1', '0', '1', '1', '1', '1', 'equals', '0', 'input', '', null, null, '36', null, null, '7a4625c3-7ebd-42c7-8de0-316140c9e393', '29');
INSERT INTO `tool_generator_field_model` VALUES ('4fa222c5-8aee-4c9a-acf8-578275328366', 'hire_status', '', 'smallint(4)', '', 'Integer', 'hireStatus', '0', '1', '1', '1', '1', 'equals', '0', 'input', '', null, null, '4', null, null, '7a4625c3-7ebd-42c7-8de0-316140c9e393', '21');
INSERT INTO `tool_generator_field_model` VALUES ('50402aee-301b-46fb-a33d-742fc4b85c8a', 'create_time', '', 'timestamp', '', 'Date', 'createTime', '0', '1', '0', '0', '0', 'equals', '1', 'datePicker', '', null, null, '0', null, null, '29846cfa-e573-40e3-8895-39ef04872f43', '9');
INSERT INTO `tool_generator_field_model` VALUES ('5068defd-1575-41ae-8f62-d502edd72b78', 'enable', '', 'varchar(1)', '', 'String', 'enable', '0', '1', '1', '1', '1', 'equals', '1', 'switch', '', null, null, '1', null, null, '718ca332-c2c0-4094-aa04-22f58f17b49c', '3');
INSERT INTO `tool_generator_field_model` VALUES ('50ff4cd6-dc7f-44f5-b4b0-b3213caa5581', 'create_time', '', 'timestamp', '', 'Date', 'createTime', '0', '1', '0', '0', '0', 'equals', '0', 'datePicker', '', null, null, '0', null, null, '718ca332-c2c0-4094-aa04-22f58f17b49c', '4');
INSERT INTO `tool_generator_field_model` VALUES ('63838a69-bc2d-4080-a882-b0d9b2a5cba4', 'sort', '排序序号', 'int(11)', '排序序号', 'Integer', 'sort', '0', '1', '1', '1', '1', 'equals', '1', 'input', '', null, null, '11', null, null, '29846cfa-e573-40e3-8895-39ef04872f43', '7');
INSERT INTO `tool_generator_field_model` VALUES ('63ac8c9c-1deb-4d0f-95a4-b83117f05abc', 'dp_id', '', 'varchar(36)', '', 'String', 'dpId', '0', '1', '1', '1', '1', 'equals', '1', 'input', '', null, null, '36', null, null, '718ca332-c2c0-4094-aa04-22f58f17b49c', '7');
INSERT INTO `tool_generator_field_model` VALUES ('6516d17c-8eab-473b-85fb-dd21d6acea7b', 'id', '', 'varchar(36)', '', 'String', 'id', '1', '1', '0', '0', '0', 'equals', '0', 'input', '', null, null, '36', null, null, '718ca332-c2c0-4094-aa04-22f58f17b49c', '1');
INSERT INTO `tool_generator_field_model` VALUES ('6d0f4657-51af-4b72-a21a-27679da65b06', 'id', 'ID', 'varchar(36)', 'ID', 'String', 'id', '1', '1', '0', '0', '0', 'equals', '0', 'input', '', null, null, '36', null, null, '29846cfa-e573-40e3-8895-39ef04872f43', '1');
INSERT INTO `tool_generator_field_model` VALUES ('71794965-0df2-4860-8595-4f861af83cc4', 'flag', '科室标识', 'varchar(20)', '科室标识', 'String', 'flag', '0', '1', '1', '1', '1', 'equals', '1', 'input', '', null, null, '20', null, null, '29846cfa-e573-40e3-8895-39ef04872f43', '8');
INSERT INTO `tool_generator_field_model` VALUES ('7426127a-d43d-4508-a119-a7a64f4f42fa', 'name', '机构名称', 'varchar(50)', '机构名称', 'String', 'name', '0', '1', '1', '1', '1', 'like', '1', 'input', '', null, null, '50', null, null, '29846cfa-e573-40e3-8895-39ef04872f43', '2');
INSERT INTO `tool_generator_field_model` VALUES ('74bb516a-0ca2-4230-9af3-3098a58a7e2b', 'duty', '岗位', 'varchar(36)', '岗位', 'String', 'duty', '0', '1', '1', '1', '1', 'equals', '0', 'input', '', null, null, '36', null, null, '7a4625c3-7ebd-42c7-8de0-316140c9e393', '19');
INSERT INTO `tool_generator_field_model` VALUES ('775de848-3a17-40c7-862c-07450ef73d89', 'id', '', 'varchar(36)', 'ID', 'String', 'id', '1', '1', '0', '0', '0', 'equals', '0', 'input', '', null, '1', '36', '1', '1', '0be68d6b-7981-4454-8d41-a36487479473', '1');
INSERT INTO `tool_generator_field_model` VALUES ('7c5f9043-1296-4da7-ae7d-eb74915bd68c', 'nation', '民族', 'varchar(30)', '民族', 'String', 'nation', '0', '1', '1', '1', '1', 'equals', '0', 'input', '', null, null, '30', null, null, '7a4625c3-7ebd-42c7-8de0-316140c9e393', '14');
INSERT INTO `tool_generator_field_model` VALUES ('7f0f5ee1-3e11-4c09-8618-bd93e3b373f6', 'subgroup', '', 'varchar(36)', '', 'String', 'subgroup', '0', '1', '1', '1', '1', 'equals', '0', 'input', '', null, null, '36', null, null, '7a4625c3-7ebd-42c7-8de0-316140c9e393', '10');
INSERT INTO `tool_generator_field_model` VALUES ('81790438-ca23-4189-8f1a-c095be6aceb5', 'photo', '头像', 'varchar(50)', '头像', 'String', 'photo', '0', '1', '1', '1', '1', 'equals', '1', 'input', '', null, null, '50', null, null, '7a4625c3-7ebd-42c7-8de0-316140c9e393', '11');
INSERT INTO `tool_generator_field_model` VALUES ('866e4ff5-1b74-452c-9562-797b3b843b69', 'update_time', '更新时间', 'datetime', '更新时间', 'Date', 'updateTime', '0', '1', '0', '0', '0', 'equals', '1', 'datePicker', '', null, null, '0', null, null, '7a4625c3-7ebd-42c7-8de0-316140c9e393', '27');
INSERT INTO `tool_generator_field_model` VALUES ('88bd3258-d7f9-47bf-8c08-13bd903db354', 'update_by', '', 'varchar(255)', '', 'String', 'updateBy', '0', '1', '0', '0', '0', 'equals', '1', 'textarea', '', null, null, '255', null, null, '718ca332-c2c0-4094-aa04-22f58f17b49c', '9');
INSERT INTO `tool_generator_field_model` VALUES ('94b8d6ee-2112-4fb6-9e28-707eb096ec32', 'update_time', '', 'timestamp', '', 'Date', 'updateTime', '0', '1', '0', '0', '0', 'equals', '1', 'datePicker', '', null, null, '0', null, null, '29846cfa-e573-40e3-8895-39ef04872f43', '10');
INSERT INTO `tool_generator_field_model` VALUES ('9cd92d1c-dcec-4219-aeb2-b715946f6d97', 'post', '职位', 'varchar(36)', '职位', 'String', 'post', '0', '1', '1', '1', '1', 'equals', '1', 'input', '', null, null, '36', null, null, '7a4625c3-7ebd-42c7-8de0-316140c9e393', '18');
INSERT INTO `tool_generator_field_model` VALUES ('9e5aad60-5171-4f3b-b569-22ec7f1b743d', 'assess_assign', '', 'varchar(500)', '', 'String', 'assessAssign', '0', '1', '1', '1', '1', 'equals', '0', 'textarea', '', null, null, '500', null, null, '7a4625c3-7ebd-42c7-8de0-316140c9e393', '24');
INSERT INTO `tool_generator_field_model` VALUES ('9f98c9f9-3d5e-4fc8-94a3-9d4d46552848', 'hire_date', '', 'timestamp', '', 'Date', 'hireDate', '0', '1', '1', '1', '1', 'equals', '0', 'datePicker', '', null, null, '0', null, null, '7a4625c3-7ebd-42c7-8de0-316140c9e393', '20');
INSERT INTO `tool_generator_field_model` VALUES ('a180a1ce-e832-446d-b0f4-692db9ab6d2c', 'enable', '状态  0：禁用   1：正常', 'tinyint(4)', '状态  0：禁用   1：正常', 'Integer', 'enable', '0', '1', '1', '1', '1', 'equals', '1', 'switch', '', null, null, '4', null, null, '7a4625c3-7ebd-42c7-8de0-316140c9e393', '25');
INSERT INTO `tool_generator_field_model` VALUES ('a991ad55-7896-4fc8-a246-bc203dfbc177', 'extension', '', 'varchar(50)', '', 'String', 'extension', '0', '1', '1', '1', '1', 'like', '1', 'input', '', null, null, '50', null, null, '718ca332-c2c0-4094-aa04-22f58f17b49c', '6');
INSERT INTO `tool_generator_field_model` VALUES ('ab2acafa-3114-49fe-a453-f16e78d25f5f', 'value', '', 'text', '配置值', 'String', 'value', '0', '1', '1', '1', '1', 'equals', '1', 'input', '', null, '1', '1', '1', '1', '0be68d6b-7981-4454-8d41-a36487479473', '3');
INSERT INTO `tool_generator_field_model` VALUES ('af53c6a7-2bc4-4e8c-9f33-d5b5810a334c', 'rank', '级别', 'varchar(10)', '级别', 'String', 'rank', '0', '1', '1', '1', '1', 'equals', '1', 'input', '', null, null, '10', null, null, '7a4625c3-7ebd-42c7-8de0-316140c9e393', '17');
INSERT INTO `tool_generator_field_model` VALUES ('b4bf7c1f-f39e-47a1-8ccd-8199d5622619', 'section_id', '部门编号', 'varchar(36)', '部门编号', 'String', 'sectionId', '0', '1', '1', '1', '1', 'equals', '0', 'input', '', null, null, '36', null, null, '29846cfa-e573-40e3-8895-39ef04872f43', '5');
INSERT INTO `tool_generator_field_model` VALUES ('b69b43cc-a9a1-42c9-aeb1-08307cb289af', 'extension', '', 'varchar(501)', '', 'String', 'extension', '0', '1', '1', '1', '1', 'like', '1', 'textarea', '', null, null, '501', null, null, '29846cfa-e573-40e3-8895-39ef04872f43', '11');
INSERT INTO `tool_generator_field_model` VALUES ('b76edbbc-8037-43e4-817e-043b71820dd4', 'extension', '扩展', 'varchar(501)', '扩展', 'String', 'extension', '0', '1', '1', '1', '1', 'like', '0', 'textarea', '', null, null, '501', null, null, '7a4625c3-7ebd-42c7-8de0-316140c9e393', '28');
INSERT INTO `tool_generator_field_model` VALUES ('c2051a97-06f2-4c42-9d57-b11ec0b185f2', 'enable', '', 'smallint(6)', '', 'Integer', 'enable', '0', '1', '1', '1', '1', 'equals', '1', 'switch', '', null, null, '6', null, null, '29846cfa-e573-40e3-8895-39ef04872f43', '6');
INSERT INTO `tool_generator_field_model` VALUES ('c3d5390e-36c1-4221-88a0-c423f6a67914', 'normal_name', '', 'varchar(50)', '', 'String', 'normalName', '0', '1', '1', '1', '1', 'like', '1', 'input', '', null, null, '50', null, null, '7a4625c3-7ebd-42c7-8de0-316140c9e393', '5');
INSERT INTO `tool_generator_field_model` VALUES ('c6bcf0ea-35f3-4a2e-bf2a-60d701643e30', 'email', '邮箱', 'varchar(100)', '邮箱', 'String', 'email', '0', '1', '1', '1', '1', 'equals', '1', 'textarea', '', null, null, '100', null, null, '7a4625c3-7ebd-42c7-8de0-316140c9e393', '7');
INSERT INTO `tool_generator_field_model` VALUES ('d347b7a3-845f-4907-a828-1ab8d8e23f1b', 'last_level_flag', '', 'smallint(1)', '', 'Integer', 'lastLevelFlag', '0', '1', '1', '1', '1', 'equals', '0', 'input', '', null, null, '1', null, null, '29846cfa-e573-40e3-8895-39ef04872f43', '12');
INSERT INTO `tool_generator_field_model` VALUES ('d4ca0b1e-6b13-4262-b86c-fdb652be999e', 'sex', '性别', 'varchar(2)', '性别', 'String', 'sex', '0', '1', '1', '1', '1', 'equals', '1', 'input', '', null, null, '2', null, null, '7a4625c3-7ebd-42c7-8de0-316140c9e393', '13');
INSERT INTO `tool_generator_field_model` VALUES ('d5924108-3143-402d-a9ea-b251b7a3e651', 'create_by', '', 'varchar(255)', '', 'String', 'createBy', '0', '1', '0', '0', '0', 'equals', '1', 'textarea', '', null, null, '255', null, null, '718ca332-c2c0-4094-aa04-22f58f17b49c', '8');
INSERT INTO `tool_generator_field_model` VALUES ('d8b37711-8b59-4181-ae55-6dcd961d762a', 'dp_id', '部门ID', 'varchar(36)', '部门ID', 'String', 'dpId', '0', '1', '1', '1', '1', 'equals', '1', 'input', '', null, null, '36', null, null, '7a4625c3-7ebd-42c7-8de0-316140c9e393', '9');
INSERT INTO `tool_generator_field_model` VALUES ('e87cb0a2-9bef-4b30-9a55-7bba13c42bc5', 'salt', '盐', 'varchar(20)', '盐', 'String', 'salt', '0', '1', '1', '1', '1', 'equals', '1', 'input', '', null, null, '20', null, null, '7a4625c3-7ebd-42c7-8de0-316140c9e393', '4');
INSERT INTO `tool_generator_field_model` VALUES ('e93a4511-2c88-4012-9546-56f02c6f69ba', 'hire_property', '', 'varchar(36)', '', 'String', 'hireProperty', '0', '1', '1', '1', '1', 'equals', '0', 'input', '', null, null, '36', null, null, '7a4625c3-7ebd-42c7-8de0-316140c9e393', '22');
INSERT INTO `tool_generator_field_model` VALUES ('ea758d07-00bb-4c62-89cb-02463b18c573', 'branch_id', '', 'varchar(36)', '', 'String', 'branchId', '0', '1', '1', '1', '1', 'equals', '0', 'input', '', null, null, '36', null, null, '29846cfa-e573-40e3-8895-39ef04872f43', '4');
INSERT INTO `tool_generator_field_model` VALUES ('eb24a0fa-599a-4867-958e-7a5d3d5191ba', 'field_v2', '', 'varchar(36)', '', 'String', 'fieldV2', '0', '1', '1', '1', '1', 'equals', '0', 'input', '', null, null, '36', null, null, '7a4625c3-7ebd-42c7-8de0-316140c9e393', '30');
INSERT INTO `tool_generator_field_model` VALUES ('f81b7a75-1461-4346-8b0f-809e8c69b842', 'content', '', 'varchar(100)', '', 'String', 'content', '0', '1', '1', '1', '1', 'equals', '1', 'textarea', '', null, null, '100', null, null, '718ca332-c2c0-4094-aa04-22f58f17b49c', '2');

-- ----------------------------
-- Table structure for tool_generator_table_model
-- ----------------------------
DROP TABLE IF EXISTS `tool_generator_table_model`;
CREATE TABLE `tool_generator_table_model` (
  `id` varchar(36) NOT NULL,
  `table_name` varchar(100) NOT NULL,
  `table_remark` varchar(200) NOT NULL,
  `entity_name` varchar(60) NOT NULL,
  `template_type` varchar(50) NOT NULL,
  `package_path` varchar(100) NOT NULL,
  `module_name` varchar(50) NOT NULL,
  `module_display_name` varchar(50) NOT NULL,
  `description` varchar(100) NOT NULL,
  `author` varchar(50) NOT NULL,
  `create_time` timestamp NOT NULL DEFAULT CURRENT_TIMESTAMP ON UPDATE CURRENT_TIMESTAMP,
  `update_time` timestamp NOT NULL DEFAULT CURRENT_TIMESTAMP,
  `create_by` varchar(50) NOT NULL,
  `update_by` varchar(50) NOT NULL,
  PRIMARY KEY (`id`),
  UNIQUE KEY `table_name_idx` (`table_name`) USING BTREE
) ENGINE=InnoDB DEFAULT CHARSET=utf8 ROW_FORMAT=DYNAMIC;

-- ----------------------------
-- Records of tool_generator_table_model
-- ----------------------------
INSERT INTO `tool_generator_table_model` VALUES ('0be68d6b-7981-4454-8d41-a36487479473', 'sys_config', '配置管理', 'SysConfig', 'sigle', 'com.rexen.rest', 'sysConfig', '配置管理', '配置管理', 'Gavin', '2020-03-10 10:06:56', '2020-03-10 10:08:23', '1', '1');
INSERT INTO `tool_generator_table_model` VALUES ('29846cfa-e573-40e3-8895-39ef04872f43', 'sys_department', '', 'SysDepartment', 'sigle', 'com.rexen.rest', 'SysDepartment', '', '', 'Gavin', '2020-03-16 17:04:48', '2020-03-16 17:04:48', '1', '1');
INSERT INTO `tool_generator_table_model` VALUES ('718ca332-c2c0-4094-aa04-22f58f17b49c', 'sys_announcement', '', 'SysAnnouncement', 'sigle', 'com.rexen.rest', 'SysAnnouncement', '', '', 'Gavin', '2020-03-10 10:06:56', '2020-03-10 10:06:56', '1', '1');
INSERT INTO `tool_generator_table_model` VALUES ('7a4625c3-7ebd-42c7-8de0-316140c9e393', 'sys_user', '系统用户', 'SysUser', 'sigle', 'com.rexen.rest', 'SysUser', '系统用户', '系统用户', 'Gavin', '2020-03-16 17:00:31', '2020-03-16 17:00:31', '1', '1');

-- ----------------------------
-- Table structure for tool_generator_test_data
-- ----------------------------
DROP TABLE IF EXISTS `tool_generator_test_data`;
CREATE TABLE `tool_generator_test_data` (
  `id` varchar(100) DEFAULT NULL COMMENT '主键',
  `data` varchar(100) DEFAULT NULL COMMENT '数据',
  `create_time` timestamp NULL DEFAULT NULL COMMENT '创建时间',
  `create_by` varchar(255) NOT NULL DEFAULT '' COMMENT '创建者',
  `update_time` timestamp NOT NULL DEFAULT CURRENT_TIMESTAMP COMMENT '更新时间',
  `update_by` varchar(255) NOT NULL COMMENT '更新者',
  `enable` smallint(6) NOT NULL DEFAULT '1',
  `dp_id` varchar(255) CHARACTER SET utf8 COLLATE utf8_general_ci NOT NULL DEFAULT '-1',
  `data_length` double(11,0) NOT NULL,
  `data_max` int(11) NOT NULL,
  `data_max_integer` int(11) NOT NULL,
  `data_max_number` decimal(11,1) NOT NULL,
  `data_max_bigint` bigint(20) NOT NULL,
  `data_max_deimal` decimal(12,1) NOT NULL,
  `data_max_numberic` decimal(11,2) NOT NULL,
  `data_max_float` float(21,2) NOT NULL,
  `data_max_bitv` bit(3) NOT NULL
) ENGINE=InnoDB DEFAULT CHARSET=utf8;

-- ----------------------------
-- Records of tool_generator_test_data
-- ----------------------------
INSERT INTO `tool_generator_test_data` VALUES ('1', 'string', '2019-12-10 11:19:56', '1', '2019-12-10 11:20:08', '1', '1', '-1', '0', '0', '0', '0.0', '0', '0.0', '0.00', '0.00', '\0');
INSERT INTO `tool_generator_test_data` VALUES ('11', 'shan1', '2019-12-10 11:20:55', '1', '2019-12-10 15:00:41', '1', '1', '-1', '0', '0', '0', '0.0', '0', '0.0', '0.00', '0.00', '');
INSERT INTO `tool_generator_test_data` VALUES ('12', 'string', '2019-12-10 11:21:20', '1', '2019-12-10 11:21:20', '1', '1', '-1', '0', '0', '0', '0.0', '0', '0.0', '0.00', '0.00', '\0');
INSERT INTO `tool_generator_test_data` VALUES ('1234', 'string', '2019-12-10 14:57:17', '', '2019-12-10 15:00:29', '1', '0', '-1', '0', '0', '0', '0.0', '0', '0.0', '0.00', '0.00', '\0');
INSERT INTO `tool_generator_test_data` VALUES ('12345', 'string', '2019-12-10 15:44:33', '', '2019-12-10 15:44:33', '', '1', '-1', '0', '0', '0', '0.0', '0', '0.0', '0.00', '0.00', '\0');
INSERT INTO `tool_generator_test_data` VALUES ('2323', '9999string', '2019-12-12 11:10:52', '1', '2019-12-12 11:12:42', '1', '0', '1', '0', '0', '0', '0.0', '0', '0.0', '0.00', '0.00', '\0');
INSERT INTO `tool_generator_test_data` VALUES ('fad1df9b-8daa-4f73-b282-6c71163a927a', 'true', '2020-02-04 13:14:40', '1', '2020-02-04 13:14:40', '1', '1', '1', '1', '1', '1', '1.0', '11', '11.0', '1.00', '1.00', '');
INSERT INTO `tool_generator_test_data` VALUES ('84adcfa5-ad35-4f5d-9727-add7bb7b8964', 'true', '2020-02-04 13:15:17', '1', '2020-02-04 13:15:17', '1', '1', '1', '0', '0', '0', '0.0', '0', '0.0', '0.00', '0.00', '');
INSERT INTO `tool_generator_test_data` VALUES ('bd1011ed-1a19-46e1-8cbe-55af8b7b443a', 'true', '2020-02-07 11:35:12', '1', '2020-02-07 11:35:12', '1', '1', '1', '1', '1', '1', '1.0', '1', '1.0', '1.00', '1.00', '');

-- ----------------------------
-- Table structure for tool_generator_test_data_2
-- ----------------------------
DROP TABLE IF EXISTS `tool_generator_test_data_2`;
CREATE TABLE `tool_generator_test_data_2` (
  `id` varchar(255) NOT NULL,
  `name` varchar(255) NOT NULL,
  `keywords` varchar(255) DEFAULT NULL,
  `dp_id` varchar(36) CHARACTER SET utf8 COLLATE utf8_general_ci NOT NULL DEFAULT '-1',
  `enable` tinyint(4) NOT NULL DEFAULT '1',
  `create_time` timestamp NOT NULL DEFAULT CURRENT_TIMESTAMP ON UPDATE CURRENT_TIMESTAMP,
  `update_time` timestamp NOT NULL DEFAULT CURRENT_TIMESTAMP ON UPDATE CURRENT_TIMESTAMP,
  `create_by` varchar(255) NOT NULL,
  `update_by` varchar(255) NOT NULL,
  PRIMARY KEY (`id`)
) ENGINE=InnoDB DEFAULT CHARSET=utf8;

-- ----------------------------
-- Records of tool_generator_test_data_2
-- ----------------------------
INSERT INTO `tool_generator_test_data_2` VALUES ('1', 'abc', 'adf', '1', '0', '2019-12-19 13:23:59', '2019-12-19 13:23:59', '', '');
INSERT INTO `tool_generator_test_data_2` VALUES ('1207557737349836802', 'adsfdsffffff', null, '1', '1', '2019-12-19 15:06:15', '2019-12-19 15:06:15', '1', '1');
INSERT INTO `tool_generator_test_data_2` VALUES ('1207558183065939969', '你好好99', null, '1', '1', '2019-12-19 15:08:01', '2019-12-19 16:40:09', '1', '1');
INSERT INTO `tool_generator_test_data_2` VALUES ('12a6bd51-f172-4eae-b291-42dcb110f98a', 'post-office-1', 'post-office-1', '-1', '1', '2020-03-05 18:28:52', '2020-03-05 18:28:53', '1', '1');
INSERT INTO `tool_generator_test_data_2` VALUES ('2', '哈哈哈a44', '是打发点a', '1', '0', '2019-12-19 13:23:59', '2019-12-19 16:40:21', '', '1');
INSERT INTO `tool_generator_test_data_2` VALUES ('3', '飞机', '1', '1', '0', '2019-12-19 13:23:59', '2019-12-19 13:23:59', '', '');
INSERT INTO `tool_generator_test_data_2` VALUES ('4', 'aaa', 'fff', '1', '0', '2019-12-19 13:23:59', '2019-12-19 13:23:59', '', '');
INSERT INTO `tool_generator_test_data_2` VALUES ('425e873a-6743-437e-87d3-761dd62829f1', 'post-office-1', 'post-office-1', '-1', '1', '2020-03-05 18:29:20', '2020-03-05 18:29:20', '1', '1');
INSERT INTO `tool_generator_test_data_2` VALUES ('64e54f26-62d1-44fd-aadc-b6041cbba770', 'post-office-1', 'post-office-1', '-1', '1', '2020-03-05 18:28:11', '2020-03-05 18:28:11', '1', '1');
INSERT INTO `tool_generator_test_data_2` VALUES ('adsfjsdlfjla', 'string', 'aaaaaaafffffffff', '1', '0', '2019-12-19 13:23:59', '2019-12-19 13:23:59', '', '');
INSERT INTO `tool_generator_test_data_2` VALUES ('ca9a5299-4f2c-44cc-a6d9-969f4fee4f6e', 'post-office-1', 'post-office-1', '1', '1', '2020-02-04 13:16:48', '2020-02-04 13:16:48', '1', '1');

-- ----------------------------
-- Table structure for workflow_definition
-- ----------------------------
DROP TABLE IF EXISTS `workflow_definition`;
CREATE TABLE `workflow_definition` (
  `id` varchar(50) NOT NULL,
  `name` varchar(300) DEFAULT NULL COMMENT '流程名称',
  `event_type` varchar(500) DEFAULT NULL COMMENT '事件类型',
  `review_level_count` int(11) DEFAULT NULL COMMENT '一共几级审核',
  `enable` int(1) NOT NULL DEFAULT '1',
  PRIMARY KEY (`id`)
) ENGINE=InnoDB DEFAULT CHARSET=utf8 ROW_FORMAT=DYNAMIC COMMENT='事件流程模板';

-- ----------------------------
-- Records of workflow_definition
-- ----------------------------
INSERT INTO `workflow_definition` VALUES ('054b17b0-cd0f-4a42-b596-aa630478c151', '新流程创建转抄错误', '101f1125-76f3-11e9-8482-00505684f8da', '1', '1');
INSERT INTO `workflow_definition` VALUES ('5fb3f398-83c6-469b-b81b-c66a72543ef1', '测试4', '08960bfc-76f4-11e9-8482-00505684f8da', '3', '1');
INSERT INTO `workflow_definition` VALUES ('626d0e16-270b-486a-99e6-bf4bf3908d5d', 'Q一级事件流程（新）', '4bc9ad82-76f2-11e9-8482-00505684f8da', '1', '1');
INSERT INTO `workflow_definition` VALUES ('6efde8c4-4e86-4031-969a-ac32d719715e', '流程事件测试3', '0892e7b5-76f4-11e9-8482-00505684f8da', '3', '1');
INSERT INTO `workflow_definition` VALUES ('8a877680-029f-4874-8948-cf83dd922258', 'Q三级事件流程（新）', '4bd37863-76f2-11e9-8482-00505684f8da', '3', '1');
INSERT INTO `workflow_definition` VALUES ('990e25c9-be49-47e1-813a-b36993a3ee52', 'Q二级事件流程', '087e0bab-76f4-11e9-8482-00505684f8da', '2', '1');
INSERT INTO `workflow_definition` VALUES ('a69a9f01-9956-434b-8e77-dbf1b5ae8c2e', '院内、院外人员跌倒', '509c0fc9-76f8-11e9-8482-00505684f8da', '2', '1');
INSERT INTO `workflow_definition` VALUES ('b12fd71b-0b22-4c93-a16d-e5f20cf26a59', '流程事件测试1', '086ebee8-76f4-11e9-8482-00505684f8da', '1', '1');
INSERT INTO `workflow_definition` VALUES ('c4c9a01d-c59e-400b-9d42-03bbeb5ad8c3', 'Q二级事件流程（新）', '4bcfd70c-76f2-11e9-8482-00505684f8da', '2', '1');
INSERT INTO `workflow_definition` VALUES ('c9acead0-82dc-4564-bf45-3f13147b35db', '流程事件测试2', '087e0bab-76f4-11e9-8482-00505684f8da', '2', '1');

-- ----------------------------
-- Table structure for workflow_definition_activity
-- ----------------------------
DROP TABLE IF EXISTS `workflow_definition_activity`;
CREATE TABLE `workflow_definition_activity` (
  `id` varchar(50) NOT NULL,
  `workflow_definition_id` varchar(50) DEFAULT NULL COMMENT '流程ID',
  `activity_name` varchar(50) DEFAULT NULL COMMENT '节点名称',
  `activity_num` int(11) DEFAULT NULL COMMENT '节点顺序',
  `activity_type` varchar(50) NOT NULL COMMENT '流程活动单元类型',
  `assigners` varchar(200) DEFAULT NULL COMMENT '此节点指定的审核人',
  `properties` varchar(200) DEFAULT NULL,
  `successful_redirect` varchar(50) DEFAULT NULL,
  `failed_redirect` varchar(50) DEFAULT NULL,
  `enable` int(1) NOT NULL DEFAULT '1',
  PRIMARY KEY (`id`)
) ENGINE=InnoDB DEFAULT CHARSET=utf8 ROW_FORMAT=DYNAMIC COMMENT='流程细节，用来指定每个节点的执行人';

-- ----------------------------
-- Records of workflow_definition_activity
-- ----------------------------
INSERT INTO `workflow_definition_activity` VALUES ('006d7f0d-b576-4c3a-8c51-579defc05b13', '8a877680-029f-4874-8948-cf83dd922258', '事件追踪', '6', 'TraceActivity', 'e6g71ee4-ecdb-4458-a926-7d85ffdeed7b', '{\"maxLevel\":3,\"level\":3}', '7', null, '1');
INSERT INTO `workflow_definition_activity` VALUES ('0261be84-1695-4ae9-945c-48325a755160', 'c9acead0-82dc-4564-bf45-3f13147b35db', '事件审核', '3', 'AuditActivity', 'e6g7bee4-2cdb-4458-a926-7d85ffdeed7b', '{\"maxLevel\":2,\"level\":2}', '4', '2', '1');
INSERT INTO `workflow_definition_activity` VALUES ('0b60e611-2586-4043-b49b-e9a5979d4f30', 'c4c9a01d-c59e-400b-9d42-03bbeb5ad8c3', '整改审核', '7', 'ReformAuditActivity', null, '{\"maxLevel\":2,\"level\":2}', '8', '6', '1');
INSERT INTO `workflow_definition_activity` VALUES ('1331db58-34f5-4124-baaf-21a5f3a08db6', 'a69a9f01-9956-434b-8e77-dbf1b5ae8c2e', '整改审核', '7', 'ReformAuditActivity', null, '{\"maxLevel\":2,\"level\":2}', '8', '6', '1');
INSERT INTO `workflow_definition_activity` VALUES ('14ca7f9e-f5f1-47ea-86a8-da7551bfa932', '6efde8c4-4e86-4031-969a-ac32d719715e', '事件整改', '7', 'ReformActivity', null, '{\"maxLevel\":3,\"level\":3}', '8', null, '1');
INSERT INTO `workflow_definition_activity` VALUES ('166de8f5-3ec1-490d-a995-76e3b5b2645d', 'b12fd71b-0b22-4c93-a16d-e5f20cf26a59', '事件结案', '3', 'CloseActivity', 'e6g7b1e4-ecdb-4458-a926-7d85ffdeed7b', '{\"maxLevel\":1,\"level\":1}', '4', '2', '1');
INSERT INTO `workflow_definition_activity` VALUES ('16abdb6e-2ab9-425e-b4d1-d5d53d453fcb', '990e25c9-be49-47e1-813a-b36993a3ee52', '流程开始', '0', 'StartActivity', null, '{\"maxLevel\":2}', '2', null, '1');
INSERT INTO `workflow_definition_activity` VALUES ('184f0c6b-5150-4705-a46a-409337822a21', '5fb3f398-83c6-469b-b81b-c66a72543ef1', '事件审核', '2', 'AuditActivity', 'e6g7bee4-4cdb-4458-a926-7d85ffdeed7b', '{\"maxLevel\":3,\"level\":1}', '3', '1', '1');
INSERT INTO `workflow_definition_activity` VALUES ('1cfbed7d-26d3-4203-b4c9-72a1d99719f0', 'c9acead0-82dc-4564-bf45-3f13147b35db', '事件上报', '1', 'ReportActivity', null, '{\"maxLevel\":2}', '2', null, '1');
INSERT INTO `workflow_definition_activity` VALUES ('24b3217f-6948-46be-a9de-fbb7d539ab82', 'a69a9f01-9956-434b-8e77-dbf1b5ae8c2e', '流程结束', '8', 'EndActivity', null, '{\"maxLevel\":2,\"level\":2}', null, null, '1');
INSERT INTO `workflow_definition_activity` VALUES ('2dcb2f4b-7fc3-42cf-87fe-732145968491', 'c9acead0-82dc-4564-bf45-3f13147b35db', '事件追踪', '5', 'TraceActivity', 'e6g71ee4-ecdb-4458-a926-7d85ffdeed7b', '{\"maxLevel\":2,\"level\":2}', '6', null, '1');
INSERT INTO `workflow_definition_activity` VALUES ('2ddfb468-5393-4d72-a609-4bf19037b736', '6efde8c4-4e86-4031-969a-ac32d719715e', '整改审核', '8', 'ReformAuditActivity', null, '{\"maxLevel\":3,\"level\":3}', '9', '7', '1');
INSERT INTO `workflow_definition_activity` VALUES ('2f24f2ce-de8e-4489-9acc-ac5f5df63ca7', 'c9acead0-82dc-4564-bf45-3f13147b35db', '流程结束', '8', 'EndActivity', null, '{\"maxLevel\":2,\"level\":2}', null, null, '1');
INSERT INTO `workflow_definition_activity` VALUES ('30a578c7-c9ad-468c-baa3-8427f340cf9a', 'a69a9f01-9956-434b-8e77-dbf1b5ae8c2e', '事件结案', '4', 'CloseActivity', 'e6g7b1e4-ecdb-4458-a926-7d85ffdeed7b', '{\"maxLevel\":2,\"level\":2}', '5', '3', '1');
INSERT INTO `workflow_definition_activity` VALUES ('320470d3-ff01-4a45-b725-e34e36b2a6b5', '626d0e16-270b-486a-99e6-bf4bf3908d5d', '事件整改', '5', 'ReformActivity', null, '{\"maxLevel\":1,\"level\":1}', '6', null, '1');
INSERT INTO `workflow_definition_activity` VALUES ('33ea26d9-964a-4202-9dd7-354f7b9ef7e6', 'b12fd71b-0b22-4c93-a16d-e5f20cf26a59', '事件整改', '5', 'ReformActivity', null, '{\"maxLevel\":1,\"level\":1}', '6', null, '1');
INSERT INTO `workflow_definition_activity` VALUES ('35f7d58e-8e63-4d2e-be68-ce7a385aa1b2', 'a69a9f01-9956-434b-8e77-dbf1b5ae8c2e', '流程开始', '0', 'StartActivity', null, '{\"maxLevel\":2}', '2', null, '1');
INSERT INTO `workflow_definition_activity` VALUES ('363f0031-84c5-4d2a-adc2-669b1652830d', 'c9acead0-82dc-4564-bf45-3f13147b35db', '流程开始', '0', 'StartActivity', null, '{\"maxLevel\":2}', '2', null, '1');
INSERT INTO `workflow_definition_activity` VALUES ('38a3ed52-aabc-442e-947a-26d9a6857285', '990e25c9-be49-47e1-813a-b36993a3ee52', '事件整改', '6', 'ReformActivity', null, '{\"maxLevel\":2,\"level\":2}', '7', null, '1');
INSERT INTO `workflow_definition_activity` VALUES ('41ea5623-c87c-4b56-afff-d0603ac7e4e2', '054b17b0-cd0f-4a42-b596-aa630478c151', '事件追踪', '4', 'TraceActivity', null, '{\"maxLevel\":1,\"level\":1}', '5', null, '1');
INSERT INTO `workflow_definition_activity` VALUES ('43014129-4f88-444b-9b1d-17f81060c3d7', 'b12fd71b-0b22-4c93-a16d-e5f20cf26a59', '流程开始', '0', 'StartActivity', null, '{\"maxLevel\":1}', '2', null, '1');
INSERT INTO `workflow_definition_activity` VALUES ('43563665-4cf6-4a76-bb65-a32f90afb303', '990e25c9-be49-47e1-813a-b36993a3ee52', '事件结案', '4', 'CloseActivity', 'e6g7b1e4-ecdb-4458-a926-7d85ffdeed7b', '{\"maxLevel\":2,\"level\":2}', '5', '3', '1');
INSERT INTO `workflow_definition_activity` VALUES ('453a9a91-cc18-44e0-824e-4a4eb4392e46', '626d0e16-270b-486a-99e6-bf4bf3908d5d', '事件追踪', '4', 'TraceActivity', 'e6g71ee4-ecdb-4458-a926-7d85ffdeed7b', '{\"maxLevel\":1,\"level\":1}', '5', null, '1');
INSERT INTO `workflow_definition_activity` VALUES ('4573f717-411f-44a4-a3ef-016893bb4fbd', '5fb3f398-83c6-469b-b81b-c66a72543ef1', '流程开始', '0', 'StartActivity', null, '{\"maxLevel\":3}', '2', null, '1');
INSERT INTO `workflow_definition_activity` VALUES ('4783733d-b682-4e8c-9b8e-458877940d43', '6efde8c4-4e86-4031-969a-ac32d719715e', '流程开始', '0', 'StartActivity', null, '{\"maxLevel\":3}', '2', null, '1');
INSERT INTO `workflow_definition_activity` VALUES ('48e14fe0-a3ed-4d3e-a104-4b3918db085e', '8a877680-029f-4874-8948-cf83dd922258', '事件审核', '2', 'AuditActivity', 'e6g7bee4-1cdb-4458-a926-7d85ffdeed7b', '{\"maxLevel\":3,\"level\":1}', '3', '1', '1');
INSERT INTO `workflow_definition_activity` VALUES ('493d71f1-8215-43ad-8e79-2c0289231605', '8a877680-029f-4874-8948-cf83dd922258', '流程结束', '9', 'EndActivity', null, '{\"maxLevel\":3,\"level\":3}', null, null, '1');
INSERT INTO `workflow_definition_activity` VALUES ('4b2de6eb-5718-4b12-b234-256c3bac736d', '054b17b0-cd0f-4a42-b596-aa630478c151', '事件审核', '2', 'AuditActivity', 'e6g7bee4-1cdb-4458-a926-7d85ffdeed7b', '{\"maxLevel\":1,\"level\":1}', '3', '1', '1');
INSERT INTO `workflow_definition_activity` VALUES ('4e86ad71-bf87-46d1-9aac-c82270d93d98', '5fb3f398-83c6-469b-b81b-c66a72543ef1', '流程结束', '9', 'EndActivity', null, '{\"maxLevel\":3,\"level\":3}', null, null, '1');
INSERT INTO `workflow_definition_activity` VALUES ('509f16de-d65d-4bbd-a459-c033b327dc1a', 'c4c9a01d-c59e-400b-9d42-03bbeb5ad8c3', '事件整改', '6', 'ReformActivity', null, '{\"maxLevel\":2,\"level\":2}', '7', null, '1');
INSERT INTO `workflow_definition_activity` VALUES ('52c572e2-b543-4545-ae6f-0eab56bee398', '626d0e16-270b-486a-99e6-bf4bf3908d5d', '整改审核', '6', 'ReformAuditActivity', null, '{\"maxLevel\":1,\"level\":1}', '7', '5', '1');
INSERT INTO `workflow_definition_activity` VALUES ('541228df-73aa-4b57-a092-3e5d157a5363', 'a69a9f01-9956-434b-8e77-dbf1b5ae8c2e', '事件追踪', '5', 'TraceActivity', 'e6g72ee4-ecdb-4458-a926-7d85ffdeed7b', '{\"maxLevel\":2,\"level\":2}', '6', null, '1');
INSERT INTO `workflow_definition_activity` VALUES ('55acfbea-6afc-4269-863a-a8e182320f27', 'b12fd71b-0b22-4c93-a16d-e5f20cf26a59', '流程结束', '7', 'EndActivity', null, '{\"maxLevel\":1,\"level\":1}', null, null, '1');
INSERT INTO `workflow_definition_activity` VALUES ('571efa49-442a-4185-8dff-d9bd4fb054d3', 'c4c9a01d-c59e-400b-9d42-03bbeb5ad8c3', '事件追踪', '5', 'TraceActivity', 'e6g71ee4-ecdb-4458-a926-7d85ffdeed7b', '{\"maxLevel\":2,\"level\":2}', '6', null, '1');
INSERT INTO `workflow_definition_activity` VALUES ('5838ebf5-7703-438d-a8b4-78e687e6ef72', 'c9acead0-82dc-4564-bf45-3f13147b35db', '整改审核', '7', 'ReformAuditActivity', null, '{\"maxLevel\":2,\"level\":2}', '8', '6', '1');
INSERT INTO `workflow_definition_activity` VALUES ('63f12b09-a253-4d63-8d97-ad19dd9bdbed', 'b12fd71b-0b22-4c93-a16d-e5f20cf26a59', '事件上报', '1', 'ReportActivity', null, '{\"maxLevel\":1}', '2', null, '1');
INSERT INTO `workflow_definition_activity` VALUES ('6463b7c1-2776-47d6-a6d2-db86f89e0d13', '5fb3f398-83c6-469b-b81b-c66a72543ef1', '事件追踪', '6', 'TraceActivity', 'e6g71ee4-ecdb-4458-a926-7d85ffdeed7b', '{\"maxLevel\":3,\"level\":3}', '7', null, '1');
INSERT INTO `workflow_definition_activity` VALUES ('6524b863-3bac-4a65-a4bc-7fd64e3fce17', '054b17b0-cd0f-4a42-b596-aa630478c151', '事件上报', '1', 'ReportActivity', null, '{\"maxLevel\":1}', '2', null, '1');
INSERT INTO `workflow_definition_activity` VALUES ('67841b9b-73db-4fd9-a36a-a53f0433bf0b', '8a877680-029f-4874-8948-cf83dd922258', '整改审核', '8', 'ReformAuditActivity', null, '{\"maxLevel\":3,\"level\":3}', '9', '7', '1');
INSERT INTO `workflow_definition_activity` VALUES ('68c48e54-4c1e-47ee-8e3a-567ecfc82a7d', '6efde8c4-4e86-4031-969a-ac32d719715e', '事件结案', '5', 'CloseActivity', 'e6g7b1e4-ecdb-4458-a926-7d85ffdeed7b', '{\"maxLevel\":3,\"level\":3}', '6', '4', '1');
INSERT INTO `workflow_definition_activity` VALUES ('6937d7db-8ad0-4485-b225-b7e799b9c599', '8a877680-029f-4874-8948-cf83dd922258', '事件结案', '5', 'CloseActivity', 'e6g7b1e4-ecdb-4458-a926-7d85ffdeed7b', '{\"maxLevel\":3,\"level\":3}', '6', '4', '1');
INSERT INTO `workflow_definition_activity` VALUES ('72f71356-b4e4-465a-8be7-f7b4fc35e704', '054b17b0-cd0f-4a42-b596-aa630478c151', '流程结束', '5', 'EndActivity', null, '{\"maxLevel\":1,\"level\":1}', null, null, '1');
INSERT INTO `workflow_definition_activity` VALUES ('743630a8-1cbb-4142-8afd-9bdbdbd2277b', '626d0e16-270b-486a-99e6-bf4bf3908d5d', '流程结束', '7', 'EndActivity', null, '{\"maxLevel\":1,\"level\":1}', null, null, '1');
INSERT INTO `workflow_definition_activity` VALUES ('7d28c1fd-92ec-411e-8e4d-d941ceaed763', 'a69a9f01-9956-434b-8e77-dbf1b5ae8c2e', '事件审核', '2', 'AuditActivity', 'e6g7bee4-2cdb-4458-a926-7d85ffdeed7b', '{\"maxLevel\":2,\"level\":1}', '3', '1', '1');
INSERT INTO `workflow_definition_activity` VALUES ('83967503-8763-4026-9b01-78ad6a8415ac', '8a877680-029f-4874-8948-cf83dd922258', '事件上报', '1', 'ReportActivity', null, '{\"maxLevel\":3}', '2', null, '1');
INSERT INTO `workflow_definition_activity` VALUES ('84fb3f7e-e4e0-499b-85d8-8ae363906e63', '6efde8c4-4e86-4031-969a-ac32d719715e', '事件审核', '2', 'AuditActivity', 'e6g7bee4-1cdb-4458-a926-7d85ffdeed7b', '{\"maxLevel\":3,\"level\":1}', '3', '1', '1');
INSERT INTO `workflow_definition_activity` VALUES ('8b26e1e3-fff6-4164-a0c9-497dce308a93', 'a69a9f01-9956-434b-8e77-dbf1b5ae8c2e', '事件整改', '6', 'ReformActivity', null, '{\"maxLevel\":2,\"level\":2}', '7', null, '1');
INSERT INTO `workflow_definition_activity` VALUES ('8bd18945-0646-49f2-a032-e2203036ec20', 'b12fd71b-0b22-4c93-a16d-e5f20cf26a59', '事件审核', '2', 'AuditActivity', 'e6g7bee4-1cdb-4458-a926-7d85ffdeed7b', '{\"maxLevel\":1,\"level\":1}', '3', '1', '1');
INSERT INTO `workflow_definition_activity` VALUES ('8f892b63-8002-425e-81d7-6ba093e270f2', '8a877680-029f-4874-8948-cf83dd922258', '事件审核', '3', 'AuditActivity', 'e6g7bee4-2cdb-4458-a926-7d85ffdeed7b', '{\"maxLevel\":3,\"level\":2}', '4', '2', '1');
INSERT INTO `workflow_definition_activity` VALUES ('921e4a12-c176-4f15-be9b-cfe4fc61f7e5', '990e25c9-be49-47e1-813a-b36993a3ee52', '事件审核', '2', 'AuditActivity', 'e6g7bee4-1cdb-4458-a926-7d85ffdeed7b', '{\"maxLevel\":2,\"level\":1}', '3', '1', '1');
INSERT INTO `workflow_definition_activity` VALUES ('952f2412-23e4-4795-9680-e601e3f31651', '8a877680-029f-4874-8948-cf83dd922258', '事件整改', '7', 'ReformActivity', null, '{\"maxLevel\":3,\"level\":3}', '8', null, '1');
INSERT INTO `workflow_definition_activity` VALUES ('9ba7373e-bb15-4a32-ac2c-963223965831', '5fb3f398-83c6-469b-b81b-c66a72543ef1', '事件结案', '5', 'CloseActivity', 'e6g7b1e4-ecdb-4458-a926-7d85ffdeed7b', '{\"maxLevel\":3,\"level\":3}', '6', '4', '1');
INSERT INTO `workflow_definition_activity` VALUES ('9dace259-5e79-45f0-9c59-7f07ac2a1580', 'c9acead0-82dc-4564-bf45-3f13147b35db', '事件审核', '2', 'AuditActivity', 'e6g7bee4-1cdb-4458-a926-7d85ffdeed7b', '{\"maxLevel\":2,\"level\":1}', '3', '1', '1');
INSERT INTO `workflow_definition_activity` VALUES ('9f9ffc57-7750-44d7-8954-ae647b0e92f1', '5fb3f398-83c6-469b-b81b-c66a72543ef1', '整改审核', '8', 'ReformAuditActivity', null, '{\"maxLevel\":3,\"level\":3}', '9', '7', '1');
INSERT INTO `workflow_definition_activity` VALUES ('a1bc48f4-488d-4242-9a74-7751914935fe', '6efde8c4-4e86-4031-969a-ac32d719715e', '流程结束', '9', 'EndActivity', null, '{\"maxLevel\":3,\"level\":3}', null, null, '1');
INSERT INTO `workflow_definition_activity` VALUES ('a370eb99-5a61-4a1b-ba7d-c3b6780cb56b', '990e25c9-be49-47e1-813a-b36993a3ee52', '整改审核', '7', 'ReformAuditActivity', null, '{\"maxLevel\":2,\"level\":2}', '8', '6', '1');
INSERT INTO `workflow_definition_activity` VALUES ('a546ef43-84f4-43e9-b35e-97715e3db3d8', '990e25c9-be49-47e1-813a-b36993a3ee52', '事件审核', '3', 'AuditActivity', 'e6g7bee4-2cdb-4458-a926-7d85ffdeed7b', '{\"maxLevel\":2,\"level\":2}', '4', '2', '1');
INSERT INTO `workflow_definition_activity` VALUES ('a7039573-21cf-4f4b-9a94-69b0a7c8a2da', 'c9acead0-82dc-4564-bf45-3f13147b35db', '事件整改', '6', 'ReformActivity', null, '{\"maxLevel\":2,\"level\":2}', '7', null, '1');
INSERT INTO `workflow_definition_activity` VALUES ('a99250cd-7b9d-4fc9-9098-8b92956e94bb', 'c4c9a01d-c59e-400b-9d42-03bbeb5ad8c3', '流程开始', '0', 'StartActivity', null, '{\"maxLevel\":2}', '2', null, '1');
INSERT INTO `workflow_definition_activity` VALUES ('aa62acc9-0fb8-4ce0-879c-88273534467f', '054b17b0-cd0f-4a42-b596-aa630478c151', '事件结案', '3', 'CloseActivity', 'e6g7b1e4-ecdb-4458-a926-7d85ffdeed7b', '{\"maxLevel\":1,\"level\":1}', '4', '2', '1');
INSERT INTO `workflow_definition_activity` VALUES ('ab08bb75-64f6-4de4-bae1-d870623cce93', '6efde8c4-4e86-4031-969a-ac32d719715e', '事件追踪', '6', 'TraceActivity', 'e6g71ee4-ecdb-4458-a926-7d85ffdeed7b', '{\"maxLevel\":3,\"level\":3}', '7', null, '1');
INSERT INTO `workflow_definition_activity` VALUES ('ab1bea85-7c61-4745-80c3-63f0b3b079b8', '6efde8c4-4e86-4031-969a-ac32d719715e', '事件上报', '1', 'ReportActivity', null, '{\"maxLevel\":3}', '2', null, '1');
INSERT INTO `workflow_definition_activity` VALUES ('b50e63ce-da0e-4c39-b0e3-049ef29d8fcc', 'c9acead0-82dc-4564-bf45-3f13147b35db', '事件结案', '4', 'CloseActivity', 'e6g7b2e4-ecdb-4458-a926-7d85ffdeed7b', '{\"maxLevel\":2,\"level\":2}', '5', '3', '1');
INSERT INTO `workflow_definition_activity` VALUES ('b7f82b6c-a126-4fd8-84ef-45a5c7d042a7', '5fb3f398-83c6-469b-b81b-c66a72543ef1', '事件审核', '3', 'AuditActivity', 'e6g7bee4-4cdb-4458-a926-7d85ffdeed7b', '{\"maxLevel\":3,\"level\":2}', '4', '2', '1');
INSERT INTO `workflow_definition_activity` VALUES ('ba61d152-0540-45ef-af6c-f054184843b8', 'b12fd71b-0b22-4c93-a16d-e5f20cf26a59', '事件追踪', '4', 'TraceActivity', 'e6g71ee4-ecdb-4458-a926-7d85ffdeed7b', '{\"maxLevel\":1,\"level\":1}', '5', null, '1');
INSERT INTO `workflow_definition_activity` VALUES ('bb1cff3d-4156-4179-b014-f8cc558f336f', '5fb3f398-83c6-469b-b81b-c66a72543ef1', '事件整改', '7', 'ReformActivity', null, '{\"maxLevel\":3,\"level\":3}', '8', null, '1');
INSERT INTO `workflow_definition_activity` VALUES ('c19512c9-d706-4d52-aab3-41414f03b15f', '626d0e16-270b-486a-99e6-bf4bf3908d5d', '事件审核', '2', 'AuditActivity', 'e6g7bee4-1cdb-4458-a926-7d85ffdeed7b', '{\"maxLevel\":1,\"level\":1}', '3', '1', '1');
INSERT INTO `workflow_definition_activity` VALUES ('c1d5cb61-5662-46b8-912f-1af828028ec0', '6efde8c4-4e86-4031-969a-ac32d719715e', '事件审核', '4', 'AuditActivity', 'e6g7bee4-3cdb-4458-a926-7d85ffdeed7b', '{\"maxLevel\":3,\"level\":3}', '5', '3', '1');
INSERT INTO `workflow_definition_activity` VALUES ('cec2c167-3666-4a91-8f87-ad0e85b8f44a', '626d0e16-270b-486a-99e6-bf4bf3908d5d', '事件结案', '3', 'CloseActivity', 'e6g7b1e4-ecdb-4458-a926-7d85ffdeed7b', '{\"maxLevel\":1,\"level\":1}', '4', '2', '1');
INSERT INTO `workflow_definition_activity` VALUES ('d1b85543-fee4-47a4-b44d-77a7f999b116', 'a69a9f01-9956-434b-8e77-dbf1b5ae8c2e', '事件审核', '3', 'AuditActivity', 'e6g7bee4-4cdb-4458-a926-7d85ffdeed7b', '{\"maxLevel\":2,\"level\":2}', '4', '2', '1');
INSERT INTO `workflow_definition_activity` VALUES ('d2845e9b-b0e2-41f9-86b9-6b7bac31c25a', 'c4c9a01d-c59e-400b-9d42-03bbeb5ad8c3', '事件审核', '3', 'AuditActivity', 'e6g7bee4-2cdb-4458-a926-7d85ffdeed7b', '{\"maxLevel\":2,\"level\":2}', '4', '2', '1');
INSERT INTO `workflow_definition_activity` VALUES ('d4a3ac09-ef85-4938-9705-5bba9b35c7db', 'c4c9a01d-c59e-400b-9d42-03bbeb5ad8c3', '事件上报', '1', 'ReportActivity', null, '{\"maxLevel\":2}', '2', null, '1');
INSERT INTO `workflow_definition_activity` VALUES ('d71be7ee-6847-4c01-82c2-a39388cfbbfa', '626d0e16-270b-486a-99e6-bf4bf3908d5d', '事件上报', '1', 'ReportActivity', null, '{\"maxLevel\":1}', '2', null, '1');
INSERT INTO `workflow_definition_activity` VALUES ('d7350010-06e0-430d-8066-342ede51dcf5', '990e25c9-be49-47e1-813a-b36993a3ee52', '事件追踪', '5', 'TraceActivity', 'e6g71ee4-ecdb-4458-a926-7d85ffdeed7b', '{\"maxLevel\":2,\"level\":2}', '6', null, '1');
INSERT INTO `workflow_definition_activity` VALUES ('d84fbc0b-925d-45fe-a037-485ff21afa64', 'c4c9a01d-c59e-400b-9d42-03bbeb5ad8c3', '流程结束', '8', 'EndActivity', null, '{\"maxLevel\":2,\"level\":2}', null, null, '1');
INSERT INTO `workflow_definition_activity` VALUES ('ddb211be-35af-4b67-bce4-37d413751846', '626d0e16-270b-486a-99e6-bf4bf3908d5d', '流程开始', '0', 'StartActivity', null, '{\"maxLevel\":1}', '2', null, '1');
INSERT INTO `workflow_definition_activity` VALUES ('ddc9a873-93cb-443b-a0c0-3a34fd4e7f01', '5fb3f398-83c6-469b-b81b-c66a72543ef1', '事件审核', '4', 'AuditActivity', 'e6g7bee4-4cdb-4458-a926-7d85ffdeed7b', '{\"maxLevel\":3,\"level\":3}', '5', '3', '1');
INSERT INTO `workflow_definition_activity` VALUES ('de14d5b8-ab0b-4ba9-86b9-08c3a8d2143d', '054b17b0-cd0f-4a42-b596-aa630478c151', '流程开始', '0', 'StartActivity', null, '{\"maxLevel\":1}', '2', null, '1');
INSERT INTO `workflow_definition_activity` VALUES ('e6565d31-3462-4b26-9545-3503871978a8', 'b12fd71b-0b22-4c93-a16d-e5f20cf26a59', '整改审核', '6', 'ReformAuditActivity', null, '{\"maxLevel\":1,\"level\":1}', '7', '5', '1');
INSERT INTO `workflow_definition_activity` VALUES ('e6e244b2-3c89-4b66-bfde-f72c2059e15f', 'a69a9f01-9956-434b-8e77-dbf1b5ae8c2e', '事件上报', '1', 'ReportActivity', null, '{\"maxLevel\":2}', '2', null, '1');
INSERT INTO `workflow_definition_activity` VALUES ('e7865aca-ffb4-4dc7-a2cd-e9900a8fdf72', 'c4c9a01d-c59e-400b-9d42-03bbeb5ad8c3', '事件结案', '4', 'CloseActivity', 'e6g7b1e4-ecdb-4458-a926-7d85ffdeed7b', '{\"maxLevel\":2,\"level\":2}', '5', '3', '1');
INSERT INTO `workflow_definition_activity` VALUES ('ec130594-606d-4a0b-bef5-bb54c32fabae', '5fb3f398-83c6-469b-b81b-c66a72543ef1', '事件上报', '1', 'ReportActivity', null, '{\"maxLevel\":3}', '2', null, '1');
INSERT INTO `workflow_definition_activity` VALUES ('eddcf8fb-b4e3-4eac-884c-33d8b063afb2', 'c4c9a01d-c59e-400b-9d42-03bbeb5ad8c3', '事件审核', '2', 'AuditActivity', 'e6g7bee4-1cdb-4458-a926-7d85ffdeed7b', '{\"maxLevel\":2,\"level\":1}', '3', '1', '1');
INSERT INTO `workflow_definition_activity` VALUES ('f03e8ec6-def6-4b70-9a2d-a331384b950a', '6efde8c4-4e86-4031-969a-ac32d719715e', '事件审核', '3', 'AuditActivity', 'e6g7bee4-2cdb-4458-a926-7d85ffdeed7b', '{\"maxLevel\":3,\"level\":2}', '4', '2', '1');
INSERT INTO `workflow_definition_activity` VALUES ('f32d0fa6-c645-4e98-840e-22d7548147af', '990e25c9-be49-47e1-813a-b36993a3ee52', '事件上报', '1', 'ReportActivity', null, '{\"maxLevel\":2}', '2', null, '1');
INSERT INTO `workflow_definition_activity` VALUES ('f562af20-a81f-4c30-9dfd-92acf31a0fec', '8a877680-029f-4874-8948-cf83dd922258', '事件审核', '4', 'AuditActivity', 'e6g7bee4-3cdb-4458-a926-7d85ffdeed7b', '{\"maxLevel\":3,\"level\":3}', '5', '3', '1');
INSERT INTO `workflow_definition_activity` VALUES ('f6a2eee9-15eb-47b9-b466-d0c1634f1e83', '990e25c9-be49-47e1-813a-b36993a3ee52', '流程结束', '8', 'EndActivity', null, '{\"maxLevel\":2,\"level\":2}', null, null, '1');
INSERT INTO `workflow_definition_activity` VALUES ('fd071b3c-79db-42dd-a759-39084aac55af', '8a877680-029f-4874-8948-cf83dd922258', '流程开始', '0', 'StartActivity', null, '{\"maxLevel\":3}', '2', null, '1');

-- ----------------------------
-- Table structure for workflow_instance
-- ----------------------------
DROP TABLE IF EXISTS `workflow_instance`;
CREATE TABLE `workflow_instance` (
  `id` varchar(50) NOT NULL COMMENT 'ID',
  `name` varchar(50) DEFAULT NULL COMMENT '流程实例名',
  `workflow_definition_id` varchar(50) DEFAULT NULL COMMENT '流程定义的ID',
  `event_id` varchar(50) DEFAULT NULL COMMENT '事件ID',
  `workflow_task_serial_id` varchar(50) DEFAULT NULL,
  `current_activity_id` varchar(50) DEFAULT NULL,
  `enable` int(1) DEFAULT NULL COMMENT '是否激活：1激活，0非激活',
  `status` int(11) DEFAULT NULL COMMENT 'ORIGINAL = 0; //无状态    RETURNED = 1; //已退回    WAIT_AUDIT = 2;// 待审核    CLOSED = 4;  // 已结案    WAIT_CLOSE = 8;// 待结案    REFORMED = 16;// 已整改    WAIT_REFORM = 32;// 待整改    CANCELED = 64;// 已作废    WAIT_TRACE = 128;// 待追踪    TRACED = 256;// 已追踪    PASSED = 512;// 已通过    COMPLETED = 1024;// 已结束',
  `extension` varchar(200) DEFAULT NULL COMMENT '流程实例的扩展字段',
  `create_time` timestamp NULL DEFAULT CURRENT_TIMESTAMP COMMENT '创建时间',
  `update_time` timestamp NULL DEFAULT CURRENT_TIMESTAMP ON UPDATE CURRENT_TIMESTAMP COMMENT '更新时间',
  `complete_time` timestamp NULL DEFAULT NULL COMMENT '完成时间',
  PRIMARY KEY (`id`)
) ENGINE=InnoDB DEFAULT CHARSET=utf8 ROW_FORMAT=DYNAMIC COMMENT='流程运行实例';

-- ----------------------------
-- Records of workflow_instance
-- ----------------------------
INSERT INTO `workflow_instance` VALUES ('02589708fcbf47509452e3115c580fa3', 'Q一级退回_Q一级事件流程（新）', '626d0e16-270b-486a-99e6-bf4bf3908d5d', '058671796868456f9573ffefbb2781ef', '2ac89c35-bf73-43d0-9f5f-bd2479633bf5', 'c19512c9-d706-4d52-aab3-41414f03b15f', '1', '0', null, '2019-05-24 16:48:06', '2019-05-24 16:48:06', null);
INSERT INTO `workflow_instance` VALUES ('1-1', '测试退回', 'c4c9a01d-c59e-400b-9d42-03bbeb5ad8c3', '33333', '4081f8ef-9319-4f58-831e-6e4c986d115d', 'd2845e9b-b0e2-41f9-86b9-6b7bac31c25a', '1', '2', null, '2019-05-24 16:50:42', '2019-05-24 16:53:23', null);
INSERT INTO `workflow_instance` VALUES ('16c5f66d20d54908871845ff69722cf7', '事件退回测试1_流程事件测试1', 'b12fd71b-0b22-4c93-a16d-e5f20cf26a59', '7bf83267f8d54eda855ef0742638b22a', '22617693-38f6-4dc9-864a-f0d5186db40b', '8bd18945-0646-49f2-a032-e2203036ec20', '1', '2', null, '2019-05-24 10:46:30', '2019-05-27 14:28:08', null);
INSERT INTO `workflow_instance` VALUES ('1f0ee216de744f7ba03c2711be4cab49', 'Q药品二级事件测试_Q二级事件流程（新）', 'c4c9a01d-c59e-400b-9d42-03bbeb5ad8c3', '0fc4a9aaf8594bdab117eac53829238a', null, null, '1', '0', null, '2019-05-24 15:39:17', '2019-05-24 15:39:17', null);
INSERT INTO `workflow_instance` VALUES ('21ef127700794e15a619cc4c761c7689', 'Q二级退回测试_Q二级事件流程（新）', 'c4c9a01d-c59e-400b-9d42-03bbeb5ad8c3', '006d68164e07417386a41614bba2dfd1', 'f7df161e-e8a4-4688-ad5f-007b5d77a1ae', 'e7865aca-ffb4-4dc7-a2cd-e9900a8fdf72', '1', '2', null, '2019-05-24 16:10:08', '2019-05-24 16:11:06', null);
INSERT INTO `workflow_instance` VALUES ('358c5d1a674040a99249067ea6b66665', '退回事件测试2_流程事件测试2', 'c9acead0-82dc-4564-bf45-3f13147b35db', '1db6555bbaf546f5a77da020fb52e155', 'b602bb25-dea3-440e-bfd5-043e81a3e2af', '565c76a4-1fa7-48e5-98c7-ca138ab06cad', '1', '1090', null, '2019-05-24 10:47:39', '2019-05-24 11:06:03', '2019-05-24 11:06:03');
INSERT INTO `workflow_instance` VALUES ('3faf3907882e4be6a05f59516e05d262', '退回退回3_流程事件测试3', '6efde8c4-4e86-4031-969a-ac32d719715e', '0b8a8d64643b457f89f8e293ef2dd6eb', '16edf3a8-42b3-4a76-b1c1-0344c8376433', '68c48e54-4c1e-47ee-8e3a-567ecfc82a7d', '1', '2', null, '2019-05-24 11:20:11', '2019-05-24 14:17:43', null);
INSERT INTO `workflow_instance` VALUES ('4d792274b5ca4e84bd2f8d34acd11f7a', 'Q一级整改审核测试2_Q一级事件流程（新）', '626d0e16-270b-486a-99e6-bf4bf3908d5d', '5e64b58b4fc84105b48270dccbdf9385', '05e7d7dd-4be9-4761-a14a-d2e4921b923f', 'cec2c167-3666-4a91-8f87-ad0e85b8f44a', '1', '520', null, '2019-05-24 16:43:13', '2019-05-24 16:44:30', null);
INSERT INTO `workflow_instance` VALUES ('5debb7797f27477ab11a058fce864eaf', 'Q二级事件测试1_流程事件测试2', 'c9acead0-82dc-4564-bf45-3f13147b35db', 'ab3f7205304a49c8be4c61c749a3c300', null, null, '1', '0', null, '2019-05-24 14:58:15', '2019-05-24 14:58:15', null);
INSERT INTO `workflow_instance` VALUES ('65508b37d99940288c18c78c3827c57e', 'Q药品二级事件测试_Q二级事件流程（新）', 'c4c9a01d-c59e-400b-9d42-03bbeb5ad8c3', 'c55b607c6ea7482794284899be52815e', 'd6f63bdc-d201-4faa-baf2-b60a7869876c', 'd84fbc0b-925d-45fe-a037-485ff21afa64', '1', '3860', null, '2019-05-24 15:56:16', '2019-05-24 16:00:48', '2019-05-24 16:00:48');
INSERT INTO `workflow_instance` VALUES ('6612d9312cc543b08208487fbdfbb3a', 'fly测试3_事件流程测试3', '32bc2b4b-beda-40a4-a744-29beed0ffcb3', '5143ba6034764727868d50af8ea5f304', 'db906a4c-74b9-468b-81bc-b55edc2509d0', '1edb818f-37b7-477d-b95c-f15a1f5165c2', '1', '64', '', '2019-05-24 09:26:51', '2019-05-24 09:55:13', '2019-05-24 09:54:11');
INSERT INTO `workflow_instance` VALUES ('662ac2d9c0ab4c4f9d06fb2e417775d9', 'S三级退回_Q三级事件流程（新）', '8a877680-029f-4874-8948-cf83dd922258', '3739aaa72a514de09adfda5fdb815fae', '3e38bcc2-44ff-49db-a1fc-c28c7f3af36f', '8f892b63-8002-425e-81d7-6ba093e270f2', '1', '3', null, '2019-05-24 18:04:51', '2019-05-24 18:06:14', null);
INSERT INTO `workflow_instance` VALUES ('672c1e2086874d9093fd103f779fe4ae', '退回  退回2_流程事件测试2', 'c9acead0-82dc-4564-bf45-3f13147b35db', 'd572d4ee7c014178b6e50155934c7f47', 'ec2fd9b0-72a2-455b-804e-a628cad8c14c', 'b50e63ce-da0e-4c39-b0e3-049ef29d8fcc', '1', '2', null, '2019-05-24 11:11:50', '2019-05-24 11:13:19', null);
INSERT INTO `workflow_instance` VALUES ('75af1a23d1ac42ef97d05ac6b72106ec', 'X二级测试_Q二级事件流程（新）', 'c4c9a01d-c59e-400b-9d42-03bbeb5ad8c3', 'd1a81132366648cd84e57671e257f4cd', '1d79c2b0-4d44-40aa-9d04-b4c2140906af', 'd84fbc0b-925d-45fe-a037-485ff21afa64', '1', '3860', null, '2019-05-24 18:00:49', '2019-05-24 20:08:32', '2019-05-24 20:08:32');
INSERT INTO `workflow_instance` VALUES ('77bb4aa387ca423e8705db2d211ce742', 'fly事件测试2_流程事件测试2', 'c9acead0-82dc-4564-bf45-3f13147b35db', '742f1795faec4d62a6ec3805322562bd', '3bdb6242-3e31-404d-9b95-03c40a16d1ff', '8edaa460-9012-4288-8467-660be84fb0bf', '1', '2', null, '2019-05-24 10:21:30', '2019-05-24 10:51:18', null);
INSERT INTO `workflow_instance` VALUES ('7d64c53f7a1a437c94bdb3f659a3f17c', 'fly事件测试1_流程事件测试1', 'b12fd71b-0b22-4c93-a16d-e5f20cf26a59', 'ea7ee7801c3f41a38feb516dbfcc0c7c', '05b54453-c39c-4e4f-9bb9-eeccdd305c56', 'e6565d31-3462-4b26-9545-3503871978a8', '1', '532', null, '2019-05-24 10:19:02', '2019-05-24 10:37:34', null);
INSERT INTO `workflow_instance` VALUES ('867e8288cc5e4b34bc16b5780c6c06d8', 'Q二级事件测试1_流程事件测试2', 'c9acead0-82dc-4564-bf45-3f13147b35db', '6187f71b990b48eeaca7e079b711274c', null, null, '1', '0', null, '2019-05-24 15:11:22', '2019-05-24 15:11:22', null);
INSERT INTO `workflow_instance` VALUES ('8f3fadc4e2f54b8cb565fc9e53d24563', 'Q二级事件测试1_Q二级事件流程', '990e25c9-be49-47e1-813a-b36993a3ee52', '099e7fc423874cbea8462d48fb02ee83', null, null, '1', '0', null, '2019-05-24 15:30:50', '2019-05-24 15:30:50', null);
INSERT INTO `workflow_instance` VALUES ('ac7f1a41464f448489d32ed4ad39d8b5', '退回退回4_流程事件测试3', '6efde8c4-4e86-4031-969a-ac32d719715e', '38cf6d3248af47d897974f990a0fe3b6', 'b04645f6-8499-4d86-90b2-075c2100ae77', 'f03e8ec6-def6-4b70-9a2d-a331384b950a', '1', '2', null, '2019-05-24 14:31:05', '2019-05-24 14:31:47', null);
INSERT INTO `workflow_instance` VALUES ('cd5c99e6069d468a9fe143217fa41025', 'Q一级整改退回测试_Q一级事件流程（新）', '626d0e16-270b-486a-99e6-bf4bf3908d5d', '71307fbe745a48119da822e7a9ed61de', '1e4ea6d8-77a7-4459-abd6-20a58a5e9d89', 'cec2c167-3666-4a91-8f87-ad0e85b8f44a', '1', '520', null, '2019-05-24 16:40:10', '2019-05-24 16:40:39', null);
INSERT INTO `workflow_instance` VALUES ('d0a05390748a4e9f86dcb415bddd71ac', 'fly事件测试3_流程事件测试3', '6efde8c4-4e86-4031-969a-ac32d719715e', '54b262ba79304c5c978da0e238648c94', '6c130e1f-96fd-4cfe-aa3c-e042054628cf', '2345e7c3-f395-49d1-9576-cef70ffddeca', '1', '0', null, '2019-05-24 10:31:23', '2019-05-24 10:31:23', null);
INSERT INTO `workflow_instance` VALUES ('d3e7eb81ef514be1b98c6eb7aa38ceac', 'Q二级事件测试1_流程事件测试2', 'c9acead0-82dc-4564-bf45-3f13147b35db', '42118f8b213a44bb9a8a3099062e9575', null, null, '1', '0', null, '2019-05-24 15:24:06', '2019-05-24 15:24:06', null);
INSERT INTO `workflow_instance` VALUES ('d7f6a5083a4443d98c1cf8b31c0bef80', 'Q二级事件测试1_流程事件测试2', 'c9acead0-82dc-4564-bf45-3f13147b35db', 'b710661f28244a98bcd3967d297c5fa4', null, null, '1', '0', null, '2019-05-24 15:09:09', '2019-05-24 15:09:09', null);
INSERT INTO `workflow_instance` VALUES ('e0b581bf036b4cb795a0efaae7f244fe', 'Q二级作废测试_Q二级事件流程（新）', 'c4c9a01d-c59e-400b-9d42-03bbeb5ad8c3', 'fad07d3c604e499cb588cabd6a536706', '54305421-02c8-4925-80a9-65b0ec7d796f', 'd84fbc0b-925d-45fe-a037-485ff21afa64', '1', '1090', null, '2019-05-24 16:25:05', '2019-05-24 16:26:02', '2019-05-24 16:26:02');
INSERT INTO `workflow_instance` VALUES ('e2394363e48549fbb3ec9c317adb17f3', 'Q一级作废测试_Q一级事件流程（新）', '626d0e16-270b-486a-99e6-bf4bf3908d5d', '3b506222a988495cbed46de3c5220287', '6b953064-b88d-437c-b2f0-8d5ded05fe3d', '743630a8-1cbb-4142-8afd-9bdbdbd2277b', '1', '1088', null, '2019-05-24 16:22:51', '2019-05-24 16:23:20', '2019-05-24 16:23:20');
INSERT INTO `workflow_instance` VALUES ('e8ecb827917c4312a87b61d1d474e65b', 'Q药品一级事件测试1_Q一级事件流程（新）', '626d0e16-270b-486a-99e6-bf4bf3908d5d', '4b3c69dd2c8b4a07909a670612eacfd6', '5fe8aa62-8af4-4893-ad8c-5c76dad575ed', '743630a8-1cbb-4142-8afd-9bdbdbd2277b', '1', '3860', null, '2019-05-24 16:01:53', '2019-05-24 16:04:46', '2019-05-24 16:04:46');

-- ----------------------------
-- Table structure for workflow_instance_storage
-- ----------------------------
DROP TABLE IF EXISTS `workflow_instance_storage`;
CREATE TABLE `workflow_instance_storage` (
  `id` varchar(36) NOT NULL,
  `data` text,
  `createtime` timestamp NOT NULL DEFAULT CURRENT_TIMESTAMP,
  `updatetime` timestamp NOT NULL DEFAULT CURRENT_TIMESTAMP ON UPDATE CURRENT_TIMESTAMP,
  PRIMARY KEY (`id`)
) ENGINE=InnoDB DEFAULT CHARSET=utf8 ROW_FORMAT=COMPACT;

-- ----------------------------
-- Records of workflow_instance_storage
-- ----------------------------
INSERT INTO `workflow_instance_storage` VALUES ('02589708fcbf47509452e3115c580fa3', '{\"completed\":false,\"currentActivity\":{\"name\":\"AuditActivity\",\"properties\":{\"failedRedirect\":\"1\",\"workflowDefinitionId\":\"626d0e16-270b-486a-99e6-bf4bf3908d5d\",\"activityNum\":2,\"enable\":1,\"activityName\":\"事件审核\",\"assigners\":\"e6g7bee4-1cdb-4458-a926-7d85ffdeed7b\",\"id\":\"c19512c9-d706-4d52-aab3-41414f03b15f\",\"successfulRedirect\":\"3\",\"activityType\":\"AuditActivity\",\"properties\":\"{\\\"maxLevel\\\":1,\\\"level\\\":1}\"}},\"currentTaskCompleted\":false,\"definitionId\":\"626d0e16-270b-486a-99e6-bf4bf3908d5d\",\"itemId\":\"02589708fcbf47509452e3115c580fa3\",\"properties\":{\"currentActivityName\":\"AuditActivity\"},\"taskRunning\":true,\"taskSerialId\":\"2ac89c35-bf73-43d0-9f5f-bd2479633bf5\",\"workflowDefinition\":{\"enable\":1,\"eventType\":\"4bc9ad82-76f2-11e9-8482-00505684f8da\",\"id\":\"626d0e16-270b-486a-99e6-bf4bf3908d5d\",\"name\":\"Q一级事件流程（新）\",\"reviewLevelCount\":1,\"workflowDefinitionActivities\":[{\"activityName\":\"事件整改\",\"activityNum\":5,\"activityType\":\"ReformActivity\",\"enable\":1,\"id\":\"320470d3-ff01-4a45-b725-e34e36b2a6b5\",\"properties\":\"{\\\"maxLevel\\\":1,\\\"level\\\":1}\",\"successfulRedirect\":\"6\",\"workflowDefinitionId\":\"626d0e16-270b-486a-99e6-bf4bf3908d5d\"},{\"activityName\":\"事件追踪\",\"activityNum\":4,\"activityType\":\"TraceActivity\",\"assigners\":\"e6g71ee4-ecdb-4458-a926-7d85ffdeed7b\",\"enable\":1,\"id\":\"453a9a91-cc18-44e0-824e-4a4eb4392e46\",\"properties\":\"{\\\"maxLevel\\\":1,\\\"level\\\":1}\",\"successfulRedirect\":\"5\",\"workflowDefinitionId\":\"626d0e16-270b-486a-99e6-bf4bf3908d5d\"},{\"activityName\":\"整改审核\",\"activityNum\":6,\"activityType\":\"ReformAuditActivity\",\"enable\":1,\"failedRedirect\":\"5\",\"id\":\"52c572e2-b543-4545-ae6f-0eab56bee398\",\"properties\":\"{\\\"maxLevel\\\":1,\\\"level\\\":1}\",\"successfulRedirect\":\"7\",\"workflowDefinitionId\":\"626d0e16-270b-486a-99e6-bf4bf3908d5d\"},{\"activityName\":\"流程结束\",\"activityNum\":7,\"activityType\":\"EndActivity\",\"enable\":1,\"id\":\"743630a8-1cbb-4142-8afd-9bdbdbd2277b\",\"properties\":\"{\\\"maxLevel\\\":1,\\\"level\\\":1}\",\"workflowDefinitionId\":\"626d0e16-270b-486a-99e6-bf4bf3908d5d\"},{\"activityName\":\"事件审核\",\"activityNum\":2,\"activityType\":\"AuditActivity\",\"assigners\":\"e6g7bee4-1cdb-4458-a926-7d85ffdeed7b\",\"enable\":1,\"failedRedirect\":\"1\",\"id\":\"c19512c9-d706-4d52-aab3-41414f03b15f\",\"properties\":\"{\\\"maxLevel\\\":1,\\\"level\\\":1}\",\"successfulRedirect\":\"3\",\"workflowDefinitionId\":\"626d0e16-270b-486a-99e6-bf4bf3908d5d\"},{\"activityName\":\"事件结案\",\"activityNum\":3,\"activityType\":\"CloseActivity\",\"assigners\":\"e6g7b1e4-ecdb-4458-a926-7d85ffdeed7b\",\"enable\":1,\"failedRedirect\":\"2\",\"id\":\"cec2c167-3666-4a91-8f87-ad0e85b8f44a\",\"properties\":\"{\\\"maxLevel\\\":1,\\\"level\\\":1}\",\"successfulRedirect\":\"4\",\"workflowDefinitionId\":\"626d0e16-270b-486a-99e6-bf4bf3908d5d\"},{\"activityName\":\"事件上报\",\"activityNum\":1,\"activityType\":\"ReportActivity\",\"enable\":1,\"id\":\"d71be7ee-6847-4c01-82c2-a39388cfbbfa\",\"properties\":\"{\\\"maxLevel\\\":1}\",\"successfulRedirect\":\"2\",\"workflowDefinitionId\":\"626d0e16-270b-486a-99e6-bf4bf3908d5d\"},{\"activityName\":\"流程开始\",\"activityNum\":0,\"activityType\":\"StartActivity\",\"enable\":1,\"id\":\"ddb211be-35af-4b67-bce4-37d413751846\",\"properties\":\"{\\\"maxLevel\\\":1}\",\"successfulRedirect\":\"2\",\"workflowDefinitionId\":\"626d0e16-270b-486a-99e6-bf4bf3908d5d\"}]}}', '2019-05-24 16:48:06', '2019-05-24 16:48:06');
INSERT INTO `workflow_instance_storage` VALUES ('1-1', '{\"completed\":false,\"currentActivity\":{\"name\":\"AuditActivity\",\"properties\":{\"failedRedirect\":\"2\",\"workflowDefinitionId\":\"c4c9a01d-c59e-400b-9d42-03bbeb5ad8c3\",\"activityNum\":3,\"enable\":1,\"activityName\":\"事件审核\",\"assigners\":\"e6g7bee4-2cdb-4458-a926-7d85ffdeed7b\",\"id\":\"d2845e9b-b0e2-41f9-86b9-6b7bac31c25a\",\"successfulRedirect\":\"4\",\"activityType\":\"AuditActivity\",\"properties\":\"{\\\"maxLevel\\\":2,\\\"level\\\":2}\"}},\"currentTaskCompleted\":false,\"definitionId\":\"c4c9a01d-c59e-400b-9d42-03bbeb5ad8c3\",\"itemId\":\"1-1\",\"properties\":{\"currentActivityName\":\"AuditActivity\"},\"taskId\":\"12713247-fd38-4e81-ae53-6098e0fc6449\",\"taskRunning\":true,\"taskSerialId\":\"4081f8ef-9319-4f58-831e-6e4c986d115d\",\"workflowDefinition\":{\"enable\":1,\"eventType\":\"4bcfd70c-76f2-11e9-8482-00505684f8da\",\"id\":\"c4c9a01d-c59e-400b-9d42-03bbeb5ad8c3\",\"name\":\"Q二级事件流程（新）\",\"reviewLevelCount\":2,\"workflowDefinitionActivities\":[{\"activityName\":\"整改审核\",\"activityNum\":7,\"activityType\":\"ReformAuditActivity\",\"enable\":1,\"failedRedirect\":\"6\",\"id\":\"0b60e611-2586-4043-b49b-e9a5979d4f30\",\"properties\":\"{\\\"maxLevel\\\":2,\\\"level\\\":2}\",\"successfulRedirect\":\"8\",\"workflowDefinitionId\":\"c4c9a01d-c59e-400b-9d42-03bbeb5ad8c3\"},{\"activityName\":\"事件整改\",\"activityNum\":6,\"activityType\":\"ReformActivity\",\"enable\":1,\"id\":\"509f16de-d65d-4bbd-a459-c033b327dc1a\",\"properties\":\"{\\\"maxLevel\\\":2,\\\"level\\\":2}\",\"successfulRedirect\":\"7\",\"workflowDefinitionId\":\"c4c9a01d-c59e-400b-9d42-03bbeb5ad8c3\"},{\"activityName\":\"事件追踪\",\"activityNum\":5,\"activityType\":\"TraceActivity\",\"assigners\":\"e6g71ee4-ecdb-4458-a926-7d85ffdeed7b\",\"enable\":1,\"id\":\"571efa49-442a-4185-8dff-d9bd4fb054d3\",\"properties\":\"{\\\"maxLevel\\\":2,\\\"level\\\":2}\",\"successfulRedirect\":\"6\",\"workflowDefinitionId\":\"c4c9a01d-c59e-400b-9d42-03bbeb5ad8c3\"},{\"activityName\":\"流程开始\",\"activityNum\":0,\"activityType\":\"StartActivity\",\"enable\":1,\"id\":\"a99250cd-7b9d-4fc9-9098-8b92956e94bb\",\"properties\":\"{\\\"maxLevel\\\":2}\",\"successfulRedirect\":\"2\",\"workflowDefinitionId\":\"c4c9a01d-c59e-400b-9d42-03bbeb5ad8c3\"},{\"activityName\":\"事件审核\",\"activityNum\":3,\"activityType\":\"AuditActivity\",\"assigners\":\"e6g7bee4-2cdb-4458-a926-7d85ffdeed7b\",\"enable\":1,\"failedRedirect\":\"2\",\"id\":\"d2845e9b-b0e2-41f9-86b9-6b7bac31c25a\",\"properties\":\"{\\\"maxLevel\\\":2,\\\"level\\\":2}\",\"successfulRedirect\":\"4\",\"workflowDefinitionId\":\"c4c9a01d-c59e-400b-9d42-03bbeb5ad8c3\"},{\"activityName\":\"事件上报\",\"activityNum\":1,\"activityType\":\"ReportActivity\",\"enable\":1,\"id\":\"d4a3ac09-ef85-4938-9705-5bba9b35c7db\",\"properties\":\"{\\\"maxLevel\\\":2}\",\"successfulRedirect\":\"2\",\"workflowDefinitionId\":\"c4c9a01d-c59e-400b-9d42-03bbeb5ad8c3\"},{\"activityName\":\"流程结束\",\"activityNum\":8,\"activityType\":\"EndActivity\",\"enable\":1,\"id\":\"d84fbc0b-925d-45fe-a037-485ff21afa64\",\"properties\":\"{\\\"maxLevel\\\":2,\\\"level\\\":2}\",\"workflowDefinitionId\":\"c4c9a01d-c59e-400b-9d42-03bbeb5ad8c3\"},{\"activityName\":\"事件结案\",\"activityNum\":4,\"activityType\":\"CloseActivity\",\"assigners\":\"e6g7b1e4-ecdb-4458-a926-7d85ffdeed7b\",\"enable\":1,\"failedRedirect\":\"3\",\"id\":\"e7865aca-ffb4-4dc7-a2cd-e9900a8fdf72\",\"properties\":\"{\\\"maxLevel\\\":2,\\\"level\\\":2}\",\"successfulRedirect\":\"5\",\"workflowDefinitionId\":\"c4c9a01d-c59e-400b-9d42-03bbeb5ad8c3\"},{\"activityName\":\"事件审核\",\"activityNum\":2,\"activityType\":\"AuditActivity\",\"assigners\":\"e6g7bee4-1cdb-4458-a926-7d85ffdeed7b\",\"enable\":1,\"failedRedirect\":\"1\",\"id\":\"eddcf8fb-b4e3-4eac-884c-33d8b063afb2\",\"properties\":\"{\\\"maxLevel\\\":2,\\\"level\\\":1}\",\"successfulRedirect\":\"3\",\"workflowDefinitionId\":\"c4c9a01d-c59e-400b-9d42-03bbeb5ad8c3\"}]}}', '2019-05-24 16:51:00', '2019-05-24 16:52:20');
INSERT INTO `workflow_instance_storage` VALUES ('16c5f66d20d54908871845ff69722cf7', '{\"completed\":false,\"currentActivity\":{\"name\":\"AuditActivity\",\"properties\":{\"failedRedirect\":\"1\",\"workflowDefinitionId\":\"b12fd71b-0b22-4c93-a16d-e5f20cf26a59\",\"activityNum\":2,\"enable\":1,\"activityName\":\"事件审核\",\"assigners\":\"e6g7bee4-1cdb-4458-a926-7d85ffdeed7b\",\"id\":\"8bd18945-0646-49f2-a032-e2203036ec20\",\"successfulRedirect\":\"3\",\"activityType\":\"AuditActivity\",\"properties\":\"{\\\"maxLevel\\\":1,\\\"level\\\":1}\"}},\"currentTaskCompleted\":false,\"definitionId\":\"b12fd71b-0b22-4c93-a16d-e5f20cf26a59\",\"itemId\":\"16c5f66d20d54908871845ff69722cf7\",\"properties\":{\"currentActivityName\":\"AuditActivity\"},\"taskId\":\"0f2cd68d-38b2-4795-b012-6be324bb198d\",\"taskRunning\":true,\"taskSerialId\":\"22617693-38f6-4dc9-864a-f0d5186db40b\",\"workflowDefinition\":{\"enable\":1,\"eventType\":\"086ebee8-76f4-11e9-8482-00505684f8da\",\"id\":\"b12fd71b-0b22-4c93-a16d-e5f20cf26a59\",\"name\":\"流程事件测试1\",\"reviewLevelCount\":1,\"workflowDefinitionActivities\":[{\"activityName\":\"事件结案\",\"activityNum\":3,\"activityType\":\"CloseActivity\",\"assigners\":\"e6g7b1e4-ecdb-4458-a926-7d85ffdeed7b\",\"enable\":1,\"failedRedirect\":\"2\",\"id\":\"166de8f5-3ec1-490d-a995-76e3b5b2645d\",\"properties\":\"{\\\"maxLevel\\\":1,\\\"level\\\":1}\",\"successfulRedirect\":\"4\",\"workflowDefinitionId\":\"b12fd71b-0b22-4c93-a16d-e5f20cf26a59\"},{\"activityName\":\"事件整改\",\"activityNum\":5,\"activityType\":\"ReformActivity\",\"enable\":1,\"id\":\"33ea26d9-964a-4202-9dd7-354f7b9ef7e6\",\"properties\":\"{\\\"maxLevel\\\":1,\\\"level\\\":1}\",\"successfulRedirect\":\"6\",\"workflowDefinitionId\":\"b12fd71b-0b22-4c93-a16d-e5f20cf26a59\"},{\"activityName\":\"流程开始\",\"activityNum\":0,\"activityType\":\"StartActivity\",\"enable\":1,\"id\":\"43014129-4f88-444b-9b1d-17f81060c3d7\",\"properties\":\"{\\\"maxLevel\\\":1}\",\"successfulRedirect\":\"2\",\"workflowDefinitionId\":\"b12fd71b-0b22-4c93-a16d-e5f20cf26a59\"},{\"activityName\":\"流程结束\",\"activityNum\":7,\"activityType\":\"EndActivity\",\"enable\":1,\"id\":\"55acfbea-6afc-4269-863a-a8e182320f27\",\"properties\":\"{\\\"maxLevel\\\":1,\\\"level\\\":1}\",\"workflowDefinitionId\":\"b12fd71b-0b22-4c93-a16d-e5f20cf26a59\"},{\"activityName\":\"事件上报\",\"activityNum\":1,\"activityType\":\"ReportActivity\",\"enable\":1,\"id\":\"63f12b09-a253-4d63-8d97-ad19dd9bdbed\",\"properties\":\"{\\\"maxLevel\\\":1}\",\"successfulRedirect\":\"2\",\"workflowDefinitionId\":\"b12fd71b-0b22-4c93-a16d-e5f20cf26a59\"},{\"activityName\":\"事件审核\",\"activityNum\":2,\"activityType\":\"AuditActivity\",\"assigners\":\"e6g7bee4-1cdb-4458-a926-7d85ffdeed7b\",\"enable\":1,\"failedRedirect\":\"1\",\"id\":\"8bd18945-0646-49f2-a032-e2203036ec20\",\"properties\":\"{\\\"maxLevel\\\":1,\\\"level\\\":1}\",\"successfulRedirect\":\"3\",\"workflowDefinitionId\":\"b12fd71b-0b22-4c93-a16d-e5f20cf26a59\"},{\"activityName\":\"事件追踪\",\"activityNum\":4,\"activityType\":\"TraceActivity\",\"assigners\":\"e6g71ee4-ecdb-4458-a926-7d85ffdeed7b\",\"enable\":1,\"id\":\"ba61d152-0540-45ef-af6c-f054184843b8\",\"properties\":\"{\\\"maxLevel\\\":1,\\\"level\\\":1}\",\"successfulRedirect\":\"5\",\"workflowDefinitionId\":\"b12fd71b-0b22-4c93-a16d-e5f20cf26a59\"},{\"activityName\":\"整改审核\",\"activityNum\":6,\"activityType\":\"ReformAuditActivity\",\"enable\":1,\"failedRedirect\":\"5\",\"id\":\"e6565d31-3462-4b26-9545-3503871978a8\",\"properties\":\"{\\\"maxLevel\\\":1,\\\"level\\\":1}\",\"successfulRedirect\":\"7\",\"workflowDefinitionId\":\"b12fd71b-0b22-4c93-a16d-e5f20cf26a59\"}]}}', '2019-05-24 10:46:31', '2019-05-27 14:28:08');
INSERT INTO `workflow_instance_storage` VALUES ('21ef127700794e15a619cc4c761c7689', '{\"completed\":false,\"currentActivity\":{\"name\":\"CloseActivity\",\"properties\":{\"failedRedirect\":\"3\",\"workflowDefinitionId\":\"c4c9a01d-c59e-400b-9d42-03bbeb5ad8c3\",\"activityNum\":4,\"enable\":1,\"activityName\":\"事件结案\",\"assigners\":\"e6g7b1e4-ecdb-4458-a926-7d85ffdeed7b\",\"id\":\"e7865aca-ffb4-4dc7-a2cd-e9900a8fdf72\",\"successfulRedirect\":\"5\",\"activityType\":\"CloseActivity\",\"properties\":\"{\\\"maxLevel\\\":2,\\\"level\\\":2}\"}},\"currentTaskCompleted\":false,\"definitionId\":\"c4c9a01d-c59e-400b-9d42-03bbeb5ad8c3\",\"itemId\":\"21ef127700794e15a619cc4c761c7689\",\"properties\":{\"currentActivityName\":\"CloseActivity\"},\"taskId\":\"41183ef7-1af5-4b55-aabd-e62fc8fae0a6\",\"taskRunning\":true,\"taskSerialId\":\"f7df161e-e8a4-4688-ad5f-007b5d77a1ae\",\"workflowDefinition\":{\"enable\":1,\"eventType\":\"4bcfd70c-76f2-11e9-8482-00505684f8da\",\"id\":\"c4c9a01d-c59e-400b-9d42-03bbeb5ad8c3\",\"name\":\"Q二级事件流程（新）\",\"reviewLevelCount\":2,\"workflowDefinitionActivities\":[{\"activityName\":\"整改审核\",\"activityNum\":7,\"activityType\":\"ReformAuditActivity\",\"enable\":1,\"failedRedirect\":\"6\",\"id\":\"0b60e611-2586-4043-b49b-e9a5979d4f30\",\"properties\":\"{\\\"maxLevel\\\":2,\\\"level\\\":2}\",\"successfulRedirect\":\"8\",\"workflowDefinitionId\":\"c4c9a01d-c59e-400b-9d42-03bbeb5ad8c3\"},{\"activityName\":\"事件整改\",\"activityNum\":6,\"activityType\":\"ReformActivity\",\"enable\":1,\"id\":\"509f16de-d65d-4bbd-a459-c033b327dc1a\",\"properties\":\"{\\\"maxLevel\\\":2,\\\"level\\\":2}\",\"successfulRedirect\":\"7\",\"workflowDefinitionId\":\"c4c9a01d-c59e-400b-9d42-03bbeb5ad8c3\"},{\"activityName\":\"事件追踪\",\"activityNum\":5,\"activityType\":\"TraceActivity\",\"assigners\":\"e6g71ee4-ecdb-4458-a926-7d85ffdeed7b\",\"enable\":1,\"id\":\"571efa49-442a-4185-8dff-d9bd4fb054d3\",\"properties\":\"{\\\"maxLevel\\\":2,\\\"level\\\":2}\",\"successfulRedirect\":\"6\",\"workflowDefinitionId\":\"c4c9a01d-c59e-400b-9d42-03bbeb5ad8c3\"},{\"activityName\":\"流程开始\",\"activityNum\":0,\"activityType\":\"StartActivity\",\"enable\":1,\"id\":\"a99250cd-7b9d-4fc9-9098-8b92956e94bb\",\"properties\":\"{\\\"maxLevel\\\":2}\",\"successfulRedirect\":\"2\",\"workflowDefinitionId\":\"c4c9a01d-c59e-400b-9d42-03bbeb5ad8c3\"},{\"activityName\":\"事件审核\",\"activityNum\":3,\"activityType\":\"AuditActivity\",\"assigners\":\"e6g7bee4-2cdb-4458-a926-7d85ffdeed7b\",\"enable\":1,\"failedRedirect\":\"2\",\"id\":\"d2845e9b-b0e2-41f9-86b9-6b7bac31c25a\",\"properties\":\"{\\\"maxLevel\\\":2,\\\"level\\\":2}\",\"successfulRedirect\":\"4\",\"workflowDefinitionId\":\"c4c9a01d-c59e-400b-9d42-03bbeb5ad8c3\"},{\"activityName\":\"事件上报\",\"activityNum\":1,\"activityType\":\"ReportActivity\",\"enable\":1,\"id\":\"d4a3ac09-ef85-4938-9705-5bba9b35c7db\",\"properties\":\"{\\\"maxLevel\\\":2}\",\"successfulRedirect\":\"2\",\"workflowDefinitionId\":\"c4c9a01d-c59e-400b-9d42-03bbeb5ad8c3\"},{\"activityName\":\"流程结束\",\"activityNum\":8,\"activityType\":\"EndActivity\",\"enable\":1,\"id\":\"d84fbc0b-925d-45fe-a037-485ff21afa64\",\"properties\":\"{\\\"maxLevel\\\":2,\\\"level\\\":2}\",\"workflowDefinitionId\":\"c4c9a01d-c59e-400b-9d42-03bbeb5ad8c3\"},{\"activityName\":\"事件结案\",\"activityNum\":4,\"activityType\":\"CloseActivity\",\"assigners\":\"e6g7b1e4-ecdb-4458-a926-7d85ffdeed7b\",\"enable\":1,\"failedRedirect\":\"3\",\"id\":\"e7865aca-ffb4-4dc7-a2cd-e9900a8fdf72\",\"properties\":\"{\\\"maxLevel\\\":2,\\\"level\\\":2}\",\"successfulRedirect\":\"5\",\"workflowDefinitionId\":\"c4c9a01d-c59e-400b-9d42-03bbeb5ad8c3\"},{\"activityName\":\"事件审核\",\"activityNum\":2,\"activityType\":\"AuditActivity\",\"assigners\":\"e6g7bee4-1cdb-4458-a926-7d85ffdeed7b\",\"enable\":1,\"failedRedirect\":\"1\",\"id\":\"eddcf8fb-b4e3-4eac-884c-33d8b063afb2\",\"properties\":\"{\\\"maxLevel\\\":2,\\\"level\\\":1}\",\"successfulRedirect\":\"3\",\"workflowDefinitionId\":\"c4c9a01d-c59e-400b-9d42-03bbeb5ad8c3\"}]}}', '2019-05-24 16:10:08', '2019-05-24 16:11:06');
INSERT INTO `workflow_instance_storage` VALUES ('358c5d1a674040a99249067ea6b66665', '{\"completed\":true,\"currentActivity\":{\"name\":\"EndActivity\",\"properties\":{\"workflowDefinitionId\":\"c9acead0-82dc-4564-bf45-3f13147b35db\",\"activityNum\":8,\"enable\":1,\"activityName\":\"流程结束\",\"id\":\"565c76a4-1fa7-48e5-98c7-ca138ab06cad\",\"activityType\":\"EndActivity\",\"properties\":\"{\\\"maxLevel\\\":2,\\\"level\\\":2}\"}},\"currentTaskCompleted\":true,\"definitionId\":\"c9acead0-82dc-4564-bf45-3f13147b35db\",\"itemId\":\"358c5d1a674040a99249067ea6b66665\",\"properties\":{\"currentActivityName\":\"EndActivity\"},\"taskId\":\"83ae5bcc-9077-46c2-9d27-65d97738b89f\",\"taskRunning\":false,\"taskSerialId\":\"b602bb25-dea3-440e-bfd5-043e81a3e2af\",\"workflowDefinition\":{\"enable\":1,\"eventType\":\"087e0bab-76f4-11e9-8482-00505684f8da\",\"id\":\"c9acead0-82dc-4564-bf45-3f13147b35db\",\"name\":\"流程事件测试2\",\"reviewLevelCount\":2,\"workflowDefinitionActivities\":[{\"activityName\":\"事件整改\",\"activityNum\":6,\"activityType\":\"ReformActivity\",\"enable\":1,\"id\":\"126673cc-bb9d-4a62-87df-0dc83fb83cae\",\"properties\":\"{\\\"maxLevel\\\":2,\\\"level\\\":2}\",\"successfulRedirect\":\"7\",\"workflowDefinitionId\":\"c9acead0-82dc-4564-bf45-3f13147b35db\"},{\"activityName\":\"事件上报\",\"activityNum\":1,\"activityType\":\"ReportActivity\",\"enable\":1,\"id\":\"1bd5f3c5-8e2e-48d7-abe7-38ffb9fe0b8d\",\"properties\":\"{\\\"maxLevel\\\":2}\",\"successfulRedirect\":\"2\",\"workflowDefinitionId\":\"c9acead0-82dc-4564-bf45-3f13147b35db\"},{\"activityName\":\"流程结束\",\"activityNum\":8,\"activityType\":\"EndActivity\",\"enable\":1,\"id\":\"565c76a4-1fa7-48e5-98c7-ca138ab06cad\",\"properties\":\"{\\\"maxLevel\\\":2,\\\"level\\\":2}\",\"workflowDefinitionId\":\"c9acead0-82dc-4564-bf45-3f13147b35db\"},{\"activityName\":\"事件审核\",\"activityNum\":2,\"activityType\":\"AuditActivity\",\"assigners\":\"e6g7bee4-2cdb-4458-a926-7d85ffdeed7b\",\"enable\":1,\"failedRedirect\":\"1\",\"id\":\"5b9d655b-b9e4-4df5-88e4-38283f72a80c\",\"properties\":\"{\\\"maxLevel\\\":2,\\\"level\\\":1}\",\"successfulRedirect\":\"3\",\"workflowDefinitionId\":\"c9acead0-82dc-4564-bf45-3f13147b35db\"},{\"activityName\":\"整改审核\",\"activityNum\":7,\"activityType\":\"ReformAuditActivity\",\"enable\":1,\"failedRedirect\":\"6\",\"id\":\"62fc30fb-d1f9-48d8-ae80-f8bd37017b22\",\"properties\":\"{\\\"maxLevel\\\":2,\\\"level\\\":2}\",\"successfulRedirect\":\"8\",\"workflowDefinitionId\":\"c9acead0-82dc-4564-bf45-3f13147b35db\"},{\"activityName\":\"事件结案\",\"activityNum\":4,\"activityType\":\"CloseActivity\",\"assigners\":\"e6g7b2e4-ecdb-4458-a926-7d85ffdeed7b\",\"enable\":1,\"failedRedirect\":\"3\",\"id\":\"71f9a5f2-d70c-4cdf-b9b2-77f92701bc45\",\"properties\":\"{\\\"maxLevel\\\":2,\\\"level\\\":2}\",\"successfulRedirect\":\"5\",\"workflowDefinitionId\":\"c9acead0-82dc-4564-bf45-3f13147b35db\"},{\"activityName\":\"事件审核\",\"activityNum\":3,\"activityType\":\"AuditActivity\",\"assigners\":\"e6g7bee4-2cdb-4458-a926-7d85ffdeed7b\",\"enable\":1,\"failedRedirect\":\"2\",\"id\":\"8edaa460-9012-4288-8467-660be84fb0bf\",\"properties\":\"{\\\"maxLevel\\\":2,\\\"level\\\":2}\",\"successfulRedirect\":\"4\",\"workflowDefinitionId\":\"c9acead0-82dc-4564-bf45-3f13147b35db\"},{\"activityName\":\"事件追踪\",\"activityNum\":5,\"activityType\":\"TraceActivity\",\"assigners\":\"e6g71ee4-ecdb-4458-a926-7d85ffdeed7b\",\"enable\":1,\"id\":\"a97c0530-bcc2-4fa1-a7dd-fae5bea10542\",\"properties\":\"{\\\"maxLevel\\\":2,\\\"level\\\":2}\",\"successfulRedirect\":\"6\",\"workflowDefinitionId\":\"c9acead0-82dc-4564-bf45-3f13147b35db\"},{\"activityName\":\"流程开始\",\"activityNum\":0,\"activityType\":\"StartActivity\",\"enable\":1,\"id\":\"e9abec8b-2e9f-4da9-9f6d-5fa8412a3bb0\",\"properties\":\"{\\\"maxLevel\\\":2}\",\"successfulRedirect\":\"2\",\"workflowDefinitionId\":\"c9acead0-82dc-4564-bf45-3f13147b35db\"}]}}', '2019-05-24 10:47:39', '2019-05-24 11:06:03');
INSERT INTO `workflow_instance_storage` VALUES ('3faf3907882e4be6a05f59516e05d262', '{\"completed\":false,\"currentActivity\":{\"name\":\"CloseActivity\",\"properties\":{\"failedRedirect\":\"4\",\"workflowDefinitionId\":\"6efde8c4-4e86-4031-969a-ac32d719715e\",\"activityNum\":5,\"enable\":1,\"activityName\":\"事件结案\",\"assigners\":\"e6g7b1e4-ecdb-4458-a926-7d85ffdeed7b\",\"id\":\"68c48e54-4c1e-47ee-8e3a-567ecfc82a7d\",\"successfulRedirect\":\"6\",\"activityType\":\"CloseActivity\",\"properties\":\"{\\\"maxLevel\\\":3,\\\"level\\\":3}\"}},\"currentTaskCompleted\":false,\"definitionId\":\"6efde8c4-4e86-4031-969a-ac32d719715e\",\"itemId\":\"3faf3907882e4be6a05f59516e05d262\",\"properties\":{\"currentActivityName\":\"CloseActivity\"},\"taskId\":\"79665a9c-4db8-4eb4-b89c-cb3e428db169\",\"taskRunning\":true,\"taskSerialId\":\"16edf3a8-42b3-4a76-b1c1-0344c8376433\",\"workflowDefinition\":{\"enable\":1,\"eventType\":\"0892e7b5-76f4-11e9-8482-00505684f8da\",\"id\":\"6efde8c4-4e86-4031-969a-ac32d719715e\",\"name\":\"流程事件测试3\",\"reviewLevelCount\":3,\"workflowDefinitionActivities\":[{\"activityName\":\"事件整改\",\"activityNum\":7,\"activityType\":\"ReformActivity\",\"enable\":1,\"id\":\"14ca7f9e-f5f1-47ea-86a8-da7551bfa932\",\"properties\":\"{\\\"maxLevel\\\":3,\\\"level\\\":3}\",\"successfulRedirect\":\"8\",\"workflowDefinitionId\":\"6efde8c4-4e86-4031-969a-ac32d719715e\"},{\"activityName\":\"整改审核\",\"activityNum\":8,\"activityType\":\"ReformAuditActivity\",\"enable\":1,\"failedRedirect\":\"7\",\"id\":\"2ddfb468-5393-4d72-a609-4bf19037b736\",\"properties\":\"{\\\"maxLevel\\\":3,\\\"level\\\":3}\",\"successfulRedirect\":\"9\",\"workflowDefinitionId\":\"6efde8c4-4e86-4031-969a-ac32d719715e\"},{\"activityName\":\"流程开始\",\"activityNum\":0,\"activityType\":\"StartActivity\",\"enable\":1,\"id\":\"4783733d-b682-4e8c-9b8e-458877940d43\",\"properties\":\"{\\\"maxLevel\\\":3}\",\"successfulRedirect\":\"2\",\"workflowDefinitionId\":\"6efde8c4-4e86-4031-969a-ac32d719715e\"},{\"activityName\":\"事件结案\",\"activityNum\":5,\"activityType\":\"CloseActivity\",\"assigners\":\"e6g7b1e4-ecdb-4458-a926-7d85ffdeed7b\",\"enable\":1,\"failedRedirect\":\"4\",\"id\":\"68c48e54-4c1e-47ee-8e3a-567ecfc82a7d\",\"properties\":\"{\\\"maxLevel\\\":3,\\\"level\\\":3}\",\"successfulRedirect\":\"6\",\"workflowDefinitionId\":\"6efde8c4-4e86-4031-969a-ac32d719715e\"},{\"activityName\":\"事件审核\",\"activityNum\":2,\"activityType\":\"AuditActivity\",\"assigners\":\"e6g7bee4-1cdb-4458-a926-7d85ffdeed7b\",\"enable\":1,\"failedRedirect\":\"1\",\"id\":\"84fb3f7e-e4e0-499b-85d8-8ae363906e63\",\"properties\":\"{\\\"maxLevel\\\":3,\\\"level\\\":1}\",\"successfulRedirect\":\"3\",\"workflowDefinitionId\":\"6efde8c4-4e86-4031-969a-ac32d719715e\"},{\"activityName\":\"流程结束\",\"activityNum\":9,\"activityType\":\"EndActivity\",\"enable\":1,\"id\":\"a1bc48f4-488d-4242-9a74-7751914935fe\",\"properties\":\"{\\\"maxLevel\\\":3,\\\"level\\\":3}\",\"workflowDefinitionId\":\"6efde8c4-4e86-4031-969a-ac32d719715e\"},{\"activityName\":\"事件追踪\",\"activityNum\":6,\"activityType\":\"TraceActivity\",\"assigners\":\"e6g71ee4-ecdb-4458-a926-7d85ffdeed7b\",\"enable\":1,\"id\":\"ab08bb75-64f6-4de4-bae1-d870623cce93\",\"properties\":\"{\\\"maxLevel\\\":3,\\\"level\\\":3}\",\"successfulRedirect\":\"7\",\"workflowDefinitionId\":\"6efde8c4-4e86-4031-969a-ac32d719715e\"},{\"activityName\":\"事件上报\",\"activityNum\":1,\"activityType\":\"ReportActivity\",\"enable\":1,\"id\":\"ab1bea85-7c61-4745-80c3-63f0b3b079b8\",\"properties\":\"{\\\"maxLevel\\\":3}\",\"successfulRedirect\":\"2\",\"workflowDefinitionId\":\"6efde8c4-4e86-4031-969a-ac32d719715e\"},{\"activityName\":\"事件审核\",\"activityNum\":4,\"activityType\":\"AuditActivity\",\"assigners\":\"e6g7bee4-3cdb-4458-a926-7d85ffdeed7b\",\"enable\":1,\"failedRedirect\":\"3\",\"id\":\"c1d5cb61-5662-46b8-912f-1af828028ec0\",\"properties\":\"{\\\"maxLevel\\\":3,\\\"level\\\":3}\",\"successfulRedirect\":\"5\",\"workflowDefinitionId\":\"6efde8c4-4e86-4031-969a-ac32d719715e\"},{\"activityName\":\"事件审核\",\"activityNum\":3,\"activityType\":\"AuditActivity\",\"assigners\":\"e6g7bee4-2cdb-4458-a926-7d85ffdeed7b\",\"enable\":1,\"failedRedirect\":\"2\",\"id\":\"f03e8ec6-def6-4b70-9a2d-a331384b950a\",\"properties\":\"{\\\"maxLevel\\\":3,\\\"level\\\":2}\",\"successfulRedirect\":\"4\",\"workflowDefinitionId\":\"6efde8c4-4e86-4031-969a-ac32d719715e\"}]}}', '2019-05-24 11:20:12', '2019-05-24 14:17:43');
INSERT INTO `workflow_instance_storage` VALUES ('4d792274b5ca4e84bd2f8d34acd11f7a', '{\"completed\":false,\"currentActivity\":{\"name\":\"CloseActivity\",\"properties\":{\"failedRedirect\":\"2\",\"workflowDefinitionId\":\"626d0e16-270b-486a-99e6-bf4bf3908d5d\",\"activityNum\":3,\"enable\":1,\"activityName\":\"事件结案\",\"assigners\":\"e6g7b1e4-ecdb-4458-a926-7d85ffdeed7b\",\"id\":\"cec2c167-3666-4a91-8f87-ad0e85b8f44a\",\"successfulRedirect\":\"4\",\"activityType\":\"CloseActivity\",\"properties\":\"{\\\"maxLevel\\\":1,\\\"level\\\":1}\"}},\"currentTaskCompleted\":false,\"definitionId\":\"626d0e16-270b-486a-99e6-bf4bf3908d5d\",\"itemId\":\"4d792274b5ca4e84bd2f8d34acd11f7a\",\"properties\":{\"currentActivityName\":\"CloseActivity\"},\"taskId\":\"f6640bad-674d-4014-b0c6-239e7e8a1f4c\",\"taskRunning\":true,\"taskSerialId\":\"05e7d7dd-4be9-4761-a14a-d2e4921b923f\",\"workflowDefinition\":{\"enable\":1,\"eventType\":\"4bc9ad82-76f2-11e9-8482-00505684f8da\",\"id\":\"626d0e16-270b-486a-99e6-bf4bf3908d5d\",\"name\":\"Q一级事件流程（新）\",\"reviewLevelCount\":1,\"workflowDefinitionActivities\":[{\"activityName\":\"事件整改\",\"activityNum\":5,\"activityType\":\"ReformActivity\",\"enable\":1,\"id\":\"320470d3-ff01-4a45-b725-e34e36b2a6b5\",\"properties\":\"{\\\"maxLevel\\\":1,\\\"level\\\":1}\",\"successfulRedirect\":\"6\",\"workflowDefinitionId\":\"626d0e16-270b-486a-99e6-bf4bf3908d5d\"},{\"activityName\":\"事件追踪\",\"activityNum\":4,\"activityType\":\"TraceActivity\",\"assigners\":\"e6g71ee4-ecdb-4458-a926-7d85ffdeed7b\",\"enable\":1,\"id\":\"453a9a91-cc18-44e0-824e-4a4eb4392e46\",\"properties\":\"{\\\"maxLevel\\\":1,\\\"level\\\":1}\",\"successfulRedirect\":\"5\",\"workflowDefinitionId\":\"626d0e16-270b-486a-99e6-bf4bf3908d5d\"},{\"activityName\":\"整改审核\",\"activityNum\":6,\"activityType\":\"ReformAuditActivity\",\"enable\":1,\"failedRedirect\":\"5\",\"id\":\"52c572e2-b543-4545-ae6f-0eab56bee398\",\"properties\":\"{\\\"maxLevel\\\":1,\\\"level\\\":1}\",\"successfulRedirect\":\"7\",\"workflowDefinitionId\":\"626d0e16-270b-486a-99e6-bf4bf3908d5d\"},{\"activityName\":\"流程结束\",\"activityNum\":7,\"activityType\":\"EndActivity\",\"enable\":1,\"id\":\"743630a8-1cbb-4142-8afd-9bdbdbd2277b\",\"properties\":\"{\\\"maxLevel\\\":1,\\\"level\\\":1}\",\"workflowDefinitionId\":\"626d0e16-270b-486a-99e6-bf4bf3908d5d\"},{\"activityName\":\"事件审核\",\"activityNum\":2,\"activityType\":\"AuditActivity\",\"assigners\":\"e6g7bee4-1cdb-4458-a926-7d85ffdeed7b\",\"enable\":1,\"failedRedirect\":\"1\",\"id\":\"c19512c9-d706-4d52-aab3-41414f03b15f\",\"properties\":\"{\\\"maxLevel\\\":1,\\\"level\\\":1}\",\"successfulRedirect\":\"3\",\"workflowDefinitionId\":\"626d0e16-270b-486a-99e6-bf4bf3908d5d\"},{\"activityName\":\"事件结案\",\"activityNum\":3,\"activityType\":\"CloseActivity\",\"assigners\":\"e6g7b1e4-ecdb-4458-a926-7d85ffdeed7b\",\"enable\":1,\"failedRedirect\":\"2\",\"id\":\"cec2c167-3666-4a91-8f87-ad0e85b8f44a\",\"properties\":\"{\\\"maxLevel\\\":1,\\\"level\\\":1}\",\"successfulRedirect\":\"4\",\"workflowDefinitionId\":\"626d0e16-270b-486a-99e6-bf4bf3908d5d\"},{\"activityName\":\"事件上报\",\"activityNum\":1,\"activityType\":\"ReportActivity\",\"enable\":1,\"id\":\"d71be7ee-6847-4c01-82c2-a39388cfbbfa\",\"properties\":\"{\\\"maxLevel\\\":1}\",\"successfulRedirect\":\"2\",\"workflowDefinitionId\":\"626d0e16-270b-486a-99e6-bf4bf3908d5d\"},{\"activityName\":\"流程开始\",\"activityNum\":0,\"activityType\":\"StartActivity\",\"enable\":1,\"id\":\"ddb211be-35af-4b67-bce4-37d413751846\",\"properties\":\"{\\\"maxLevel\\\":1}\",\"successfulRedirect\":\"2\",\"workflowDefinitionId\":\"626d0e16-270b-486a-99e6-bf4bf3908d5d\"}]}}', '2019-05-24 16:43:14', '2019-05-24 16:44:30');
INSERT INTO `workflow_instance_storage` VALUES ('4ee5ae981e5c4dfd8d121b37e25b0f2d', '{\"completed\":false,\"currentActivity\":{\"name\":\"CloseActivity\",\"properties\":{\"failedRedirect\":\"2\",\"workflowDefinitionId\":\"626d0e16-270b-486a-99e6-bf4bf3908d5d\",\"activityNum\":3,\"enable\":1,\"activityName\":\"事件结案\",\"assigners\":\"e6g7b1e4-ecdb-4458-a926-7d85ffdeed7b\",\"id\":\"cec2c167-3666-4a91-8f87-ad0e85b8f44a\",\"successfulRedirect\":\"4\",\"activityType\":\"CloseActivity\",\"properties\":\"{\\\"maxLevel\\\":1,\\\"level\\\":1}\"}},\"currentTaskCompleted\":false,\"definitionId\":\"626d0e16-270b-486a-99e6-bf4bf3908d5d\",\"itemId\":\"4ee5ae981e5c4dfd8d121b37e25b0f2d\",\"properties\":{\"currentActivityName\":\"CloseActivity\"},\"taskId\":\"cfbd2661-6ee1-42d2-8135-f4c912f3a768\",\"taskRunning\":true,\"taskSerialId\":\"d52f3ce2-9847-4015-8c60-24500a2eeafb\",\"workflowDefinition\":{\"enable\":1,\"eventType\":\"4bc9ad82-76f2-11e9-8482-00505684f8da\",\"id\":\"626d0e16-270b-486a-99e6-bf4bf3908d5d\",\"name\":\"Q一级事件流程（新）\",\"reviewLevelCount\":1,\"workflowDefinitionActivities\":[{\"activityName\":\"事件整改\",\"activityNum\":5,\"activityType\":\"ReformActivity\",\"enable\":1,\"id\":\"320470d3-ff01-4a45-b725-e34e36b2a6b5\",\"properties\":\"{\\\"maxLevel\\\":1,\\\"level\\\":1}\",\"successfulRedirect\":\"6\",\"workflowDefinitionId\":\"626d0e16-270b-486a-99e6-bf4bf3908d5d\"},{\"activityName\":\"事件追踪\",\"activityNum\":4,\"activityType\":\"TraceActivity\",\"assigners\":\"e6g71ee4-ecdb-4458-a926-7d85ffdeed7b\",\"enable\":1,\"id\":\"453a9a91-cc18-44e0-824e-4a4eb4392e46\",\"properties\":\"{\\\"maxLevel\\\":1,\\\"level\\\":1}\",\"successfulRedirect\":\"5\",\"workflowDefinitionId\":\"626d0e16-270b-486a-99e6-bf4bf3908d5d\"},{\"activityName\":\"整改审核\",\"activityNum\":6,\"activityType\":\"ReformAuditActivity\",\"enable\":1,\"failedRedirect\":\"5\",\"id\":\"52c572e2-b543-4545-ae6f-0eab56bee398\",\"properties\":\"{\\\"maxLevel\\\":1,\\\"level\\\":1}\",\"successfulRedirect\":\"7\",\"workflowDefinitionId\":\"626d0e16-270b-486a-99e6-bf4bf3908d5d\"},{\"activityName\":\"流程结束\",\"activityNum\":7,\"activityType\":\"EndActivity\",\"enable\":1,\"id\":\"743630a8-1cbb-4142-8afd-9bdbdbd2277b\",\"properties\":\"{\\\"maxLevel\\\":1,\\\"level\\\":1}\",\"workflowDefinitionId\":\"626d0e16-270b-486a-99e6-bf4bf3908d5d\"},{\"activityName\":\"事件审核\",\"activityNum\":2,\"activityType\":\"AuditActivity\",\"assigners\":\"e6g7bee4-1cdb-4458-a926-7d85ffdeed7b\",\"enable\":1,\"failedRedirect\":\"1\",\"id\":\"c19512c9-d706-4d52-aab3-41414f03b15f\",\"properties\":\"{\\\"maxLevel\\\":1,\\\"level\\\":1}\",\"successfulRedirect\":\"3\",\"workflowDefinitionId\":\"626d0e16-270b-486a-99e6-bf4bf3908d5d\"},{\"activityName\":\"事件结案\",\"activityNum\":3,\"activityType\":\"CloseActivity\",\"assigners\":\"e6g7b1e4-ecdb-4458-a926-7d85ffdeed7b\",\"enable\":1,\"failedRedirect\":\"2\",\"id\":\"cec2c167-3666-4a91-8f87-ad0e85b8f44a\",\"properties\":\"{\\\"maxLevel\\\":1,\\\"level\\\":1}\",\"successfulRedirect\":\"4\",\"workflowDefinitionId\":\"626d0e16-270b-486a-99e6-bf4bf3908d5d\"},{\"activityName\":\"事件上报\",\"activityNum\":1,\"activityType\":\"ReportActivity\",\"enable\":1,\"id\":\"d71be7ee-6847-4c01-82c2-a39388cfbbfa\",\"properties\":\"{\\\"maxLevel\\\":1}\",\"successfulRedirect\":\"2\",\"workflowDefinitionId\":\"626d0e16-270b-486a-99e6-bf4bf3908d5d\"},{\"activityName\":\"流程开始\",\"activityNum\":0,\"activityType\":\"StartActivity\",\"enable\":1,\"id\":\"ddb211be-35af-4b67-bce4-37d413751846\",\"properties\":\"{\\\"maxLevel\\\":1}\",\"successfulRedirect\":\"2\",\"workflowDefinitionId\":\"626d0e16-270b-486a-99e6-bf4bf3908d5d\"}]}}', '2019-05-24 19:33:34', '2019-05-24 19:34:18');
INSERT INTO `workflow_instance_storage` VALUES ('65508b37d99940288c18c78c3827c57e', '{\"completed\":true,\"currentActivity\":{\"name\":\"EndActivity\",\"properties\":{\"workflowDefinitionId\":\"c4c9a01d-c59e-400b-9d42-03bbeb5ad8c3\",\"activityNum\":8,\"enable\":1,\"activityName\":\"流程结束\",\"id\":\"d84fbc0b-925d-45fe-a037-485ff21afa64\",\"activityType\":\"EndActivity\",\"properties\":\"{\\\"maxLevel\\\":2,\\\"level\\\":2}\"}},\"currentTaskCompleted\":true,\"definitionId\":\"c4c9a01d-c59e-400b-9d42-03bbeb5ad8c3\",\"itemId\":\"65508b37d99940288c18c78c3827c57e\",\"properties\":{\"currentActivityName\":\"EndActivity\"},\"taskId\":\"6d19de18-1868-4260-8006-f52181ab833b\",\"taskRunning\":false,\"taskSerialId\":\"d6f63bdc-d201-4faa-baf2-b60a7869876c\",\"workflowDefinition\":{\"enable\":1,\"eventType\":\"4bcfd70c-76f2-11e9-8482-00505684f8da\",\"id\":\"c4c9a01d-c59e-400b-9d42-03bbeb5ad8c3\",\"name\":\"Q二级事件流程（新）\",\"reviewLevelCount\":2,\"workflowDefinitionActivities\":[{\"activityName\":\"整改审核\",\"activityNum\":7,\"activityType\":\"ReformAuditActivity\",\"enable\":1,\"failedRedirect\":\"6\",\"id\":\"0b60e611-2586-4043-b49b-e9a5979d4f30\",\"properties\":\"{\\\"maxLevel\\\":2,\\\"level\\\":2}\",\"successfulRedirect\":\"8\",\"workflowDefinitionId\":\"c4c9a01d-c59e-400b-9d42-03bbeb5ad8c3\"},{\"activityName\":\"事件整改\",\"activityNum\":6,\"activityType\":\"ReformActivity\",\"enable\":1,\"id\":\"509f16de-d65d-4bbd-a459-c033b327dc1a\",\"properties\":\"{\\\"maxLevel\\\":2,\\\"level\\\":2}\",\"successfulRedirect\":\"7\",\"workflowDefinitionId\":\"c4c9a01d-c59e-400b-9d42-03bbeb5ad8c3\"},{\"activityName\":\"事件追踪\",\"activityNum\":5,\"activityType\":\"TraceActivity\",\"assigners\":\"e6g71ee4-ecdb-4458-a926-7d85ffdeed7b\",\"enable\":1,\"id\":\"571efa49-442a-4185-8dff-d9bd4fb054d3\",\"properties\":\"{\\\"maxLevel\\\":2,\\\"level\\\":2}\",\"successfulRedirect\":\"6\",\"workflowDefinitionId\":\"c4c9a01d-c59e-400b-9d42-03bbeb5ad8c3\"},{\"activityName\":\"流程开始\",\"activityNum\":0,\"activityType\":\"StartActivity\",\"enable\":1,\"id\":\"a99250cd-7b9d-4fc9-9098-8b92956e94bb\",\"properties\":\"{\\\"maxLevel\\\":2}\",\"successfulRedirect\":\"2\",\"workflowDefinitionId\":\"c4c9a01d-c59e-400b-9d42-03bbeb5ad8c3\"},{\"activityName\":\"事件审核\",\"activityNum\":3,\"activityType\":\"AuditActivity\",\"assigners\":\"e6g7bee4-2cdb-4458-a926-7d85ffdeed7b\",\"enable\":1,\"failedRedirect\":\"2\",\"id\":\"d2845e9b-b0e2-41f9-86b9-6b7bac31c25a\",\"properties\":\"{\\\"maxLevel\\\":2,\\\"level\\\":2}\",\"successfulRedirect\":\"4\",\"workflowDefinitionId\":\"c4c9a01d-c59e-400b-9d42-03bbeb5ad8c3\"},{\"activityName\":\"事件上报\",\"activityNum\":1,\"activityType\":\"ReportActivity\",\"enable\":1,\"id\":\"d4a3ac09-ef85-4938-9705-5bba9b35c7db\",\"properties\":\"{\\\"maxLevel\\\":2}\",\"successfulRedirect\":\"2\",\"workflowDefinitionId\":\"c4c9a01d-c59e-400b-9d42-03bbeb5ad8c3\"},{\"activityName\":\"流程结束\",\"activityNum\":8,\"activityType\":\"EndActivity\",\"enable\":1,\"id\":\"d84fbc0b-925d-45fe-a037-485ff21afa64\",\"properties\":\"{\\\"maxLevel\\\":2,\\\"level\\\":2}\",\"workflowDefinitionId\":\"c4c9a01d-c59e-400b-9d42-03bbeb5ad8c3\"},{\"activityName\":\"事件结案\",\"activityNum\":4,\"activityType\":\"CloseActivity\",\"assigners\":\"e6g7b1e4-ecdb-4458-a926-7d85ffdeed7b\",\"enable\":1,\"failedRedirect\":\"3\",\"id\":\"e7865aca-ffb4-4dc7-a2cd-e9900a8fdf72\",\"properties\":\"{\\\"maxLevel\\\":2,\\\"level\\\":2}\",\"successfulRedirect\":\"5\",\"workflowDefinitionId\":\"c4c9a01d-c59e-400b-9d42-03bbeb5ad8c3\"},{\"activityName\":\"事件审核\",\"activityNum\":2,\"activityType\":\"AuditActivity\",\"assigners\":\"e6g7bee4-1cdb-4458-a926-7d85ffdeed7b\",\"enable\":1,\"failedRedirect\":\"1\",\"id\":\"eddcf8fb-b4e3-4eac-884c-33d8b063afb2\",\"properties\":\"{\\\"maxLevel\\\":2,\\\"level\\\":1}\",\"successfulRedirect\":\"3\",\"workflowDefinitionId\":\"c4c9a01d-c59e-400b-9d42-03bbeb5ad8c3\"}]}}', '2019-05-24 15:56:16', '2019-05-24 16:00:48');
INSERT INTO `workflow_instance_storage` VALUES ('662ac2d9c0ab4c4f9d06fb2e417775d9', '{\"completed\":false,\"currentActivity\":{\"name\":\"AuditActivity\",\"properties\":{\"failedRedirect\":\"2\",\"workflowDefinitionId\":\"8a877680-029f-4874-8948-cf83dd922258\",\"activityNum\":3,\"enable\":1,\"activityName\":\"事件审核\",\"assigners\":\"e6g7bee4-2cdb-4458-a926-7d85ffdeed7b\",\"id\":\"8f892b63-8002-425e-81d7-6ba093e270f2\",\"successfulRedirect\":\"4\",\"activityType\":\"AuditActivity\",\"properties\":\"{\\\"maxLevel\\\":3,\\\"level\\\":2}\"}},\"currentTaskCompleted\":false,\"definitionId\":\"8a877680-029f-4874-8948-cf83dd922258\",\"itemId\":\"662ac2d9c0ab4c4f9d06fb2e417775d9\",\"properties\":{\"currentActivityName\":\"AuditActivity\"},\"taskId\":\"047df143-a5c6-4891-a2f0-40ff6afd2eb3\",\"taskRunning\":true,\"taskSerialId\":\"3e38bcc2-44ff-49db-a1fc-c28c7f3af36f\",\"workflowDefinition\":{\"enable\":1,\"eventType\":\"4bd37863-76f2-11e9-8482-00505684f8da\",\"id\":\"8a877680-029f-4874-8948-cf83dd922258\",\"name\":\"Q三级事件流程（新）\",\"reviewLevelCount\":3,\"workflowDefinitionActivities\":[{\"activityName\":\"事件追踪\",\"activityNum\":6,\"activityType\":\"TraceActivity\",\"assigners\":\"e6g71ee4-ecdb-4458-a926-7d85ffdeed7b\",\"enable\":1,\"id\":\"006d7f0d-b576-4c3a-8c51-579defc05b13\",\"properties\":\"{\\\"maxLevel\\\":3,\\\"level\\\":3}\",\"successfulRedirect\":\"7\",\"workflowDefinitionId\":\"8a877680-029f-4874-8948-cf83dd922258\"},{\"activityName\":\"事件审核\",\"activityNum\":2,\"activityType\":\"AuditActivity\",\"assigners\":\"e6g7bee4-1cdb-4458-a926-7d85ffdeed7b\",\"enable\":1,\"failedRedirect\":\"1\",\"id\":\"48e14fe0-a3ed-4d3e-a104-4b3918db085e\",\"properties\":\"{\\\"maxLevel\\\":3,\\\"level\\\":1}\",\"successfulRedirect\":\"3\",\"workflowDefinitionId\":\"8a877680-029f-4874-8948-cf83dd922258\"},{\"activityName\":\"流程结束\",\"activityNum\":9,\"activityType\":\"EndActivity\",\"enable\":1,\"id\":\"493d71f1-8215-43ad-8e79-2c0289231605\",\"properties\":\"{\\\"maxLevel\\\":3,\\\"level\\\":3}\",\"workflowDefinitionId\":\"8a877680-029f-4874-8948-cf83dd922258\"},{\"activityName\":\"整改审核\",\"activityNum\":8,\"activityType\":\"ReformAuditActivity\",\"enable\":1,\"failedRedirect\":\"7\",\"id\":\"67841b9b-73db-4fd9-a36a-a53f0433bf0b\",\"properties\":\"{\\\"maxLevel\\\":3,\\\"level\\\":3}\",\"successfulRedirect\":\"9\",\"workflowDefinitionId\":\"8a877680-029f-4874-8948-cf83dd922258\"},{\"activityName\":\"事件结案\",\"activityNum\":5,\"activityType\":\"CloseActivity\",\"assigners\":\"e6g7b1e4-ecdb-4458-a926-7d85ffdeed7b\",\"enable\":1,\"failedRedirect\":\"4\",\"id\":\"6937d7db-8ad0-4485-b225-b7e799b9c599\",\"properties\":\"{\\\"maxLevel\\\":3,\\\"level\\\":3}\",\"successfulRedirect\":\"6\",\"workflowDefinitionId\":\"8a877680-029f-4874-8948-cf83dd922258\"},{\"activityName\":\"事件上报\",\"activityNum\":1,\"activityType\":\"ReportActivity\",\"enable\":1,\"id\":\"83967503-8763-4026-9b01-78ad6a8415ac\",\"properties\":\"{\\\"maxLevel\\\":3}\",\"successfulRedirect\":\"2\",\"workflowDefinitionId\":\"8a877680-029f-4874-8948-cf83dd922258\"},{\"activityName\":\"事件审核\",\"activityNum\":3,\"activityType\":\"AuditActivity\",\"assigners\":\"e6g7bee4-2cdb-4458-a926-7d85ffdeed7b\",\"enable\":1,\"failedRedirect\":\"2\",\"id\":\"8f892b63-8002-425e-81d7-6ba093e270f2\",\"properties\":\"{\\\"maxLevel\\\":3,\\\"level\\\":2}\",\"successfulRedirect\":\"4\",\"workflowDefinitionId\":\"8a877680-029f-4874-8948-cf83dd922258\"},{\"activityName\":\"事件整改\",\"activityNum\":7,\"activityType\":\"ReformActivity\",\"enable\":1,\"id\":\"952f2412-23e4-4795-9680-e601e3f31651\",\"properties\":\"{\\\"maxLevel\\\":3,\\\"level\\\":3}\",\"successfulRedirect\":\"8\",\"workflowDefinitionId\":\"8a877680-029f-4874-8948-cf83dd922258\"},{\"activityName\":\"事件审核\",\"activityNum\":4,\"activityType\":\"AuditActivity\",\"assigners\":\"e6g7bee4-3cdb-4458-a926-7d85ffdeed7b\",\"enable\":1,\"failedRedirect\":\"3\",\"id\":\"f562af20-a81f-4c30-9dfd-92acf31a0fec\",\"properties\":\"{\\\"maxLevel\\\":3,\\\"level\\\":3}\",\"successfulRedirect\":\"5\",\"workflowDefinitionId\":\"8a877680-029f-4874-8948-cf83dd922258\"},{\"activityName\":\"流程开始\",\"activityNum\":0,\"activityType\":\"StartActivity\",\"enable\":1,\"id\":\"fd071b3c-79db-42dd-a759-39084aac55af\",\"properties\":\"{\\\"maxLevel\\\":3}\",\"successfulRedirect\":\"2\",\"workflowDefinitionId\":\"8a877680-029f-4874-8948-cf83dd922258\"}]}}', '2019-05-24 18:04:51', '2019-05-24 18:06:14');
INSERT INTO `workflow_instance_storage` VALUES ('672c1e2086874d9093fd103f779fe4ae', '{\"completed\":false,\"currentActivity\":{\"name\":\"CloseActivity\",\"properties\":{\"failedRedirect\":\"3\",\"workflowDefinitionId\":\"c9acead0-82dc-4564-bf45-3f13147b35db\",\"activityNum\":4,\"enable\":1,\"activityName\":\"事件结案\",\"assigners\":\"e6g7b2e4-ecdb-4458-a926-7d85ffdeed7b\",\"id\":\"b50e63ce-da0e-4c39-b0e3-049ef29d8fcc\",\"successfulRedirect\":\"5\",\"activityType\":\"CloseActivity\",\"properties\":\"{\\\"maxLevel\\\":2,\\\"level\\\":2}\"}},\"currentTaskCompleted\":false,\"definitionId\":\"c9acead0-82dc-4564-bf45-3f13147b35db\",\"itemId\":\"672c1e2086874d9093fd103f779fe4ae\",\"properties\":{\"currentActivityName\":\"CloseActivity\"},\"taskId\":\"bdab0cbc-51e1-4f50-b457-d1b69130f634\",\"taskRunning\":true,\"taskSerialId\":\"ec2fd9b0-72a2-455b-804e-a628cad8c14c\",\"workflowDefinition\":{\"enable\":1,\"eventType\":\"087e0bab-76f4-11e9-8482-00505684f8da\",\"id\":\"c9acead0-82dc-4564-bf45-3f13147b35db\",\"name\":\"流程事件测试2\",\"reviewLevelCount\":2,\"workflowDefinitionActivities\":[{\"activityName\":\"事件审核\",\"activityNum\":3,\"activityType\":\"AuditActivity\",\"assigners\":\"e6g7bee4-2cdb-4458-a926-7d85ffdeed7b\",\"enable\":1,\"failedRedirect\":\"2\",\"id\":\"0261be84-1695-4ae9-945c-48325a755160\",\"properties\":\"{\\\"maxLevel\\\":2,\\\"level\\\":2}\",\"successfulRedirect\":\"4\",\"workflowDefinitionId\":\"c9acead0-82dc-4564-bf45-3f13147b35db\"},{\"activityName\":\"事件上报\",\"activityNum\":1,\"activityType\":\"ReportActivity\",\"enable\":1,\"id\":\"1cfbed7d-26d3-4203-b4c9-72a1d99719f0\",\"properties\":\"{\\\"maxLevel\\\":2}\",\"successfulRedirect\":\"2\",\"workflowDefinitionId\":\"c9acead0-82dc-4564-bf45-3f13147b35db\"},{\"activityName\":\"事件追踪\",\"activityNum\":5,\"activityType\":\"TraceActivity\",\"assigners\":\"e6g71ee4-ecdb-4458-a926-7d85ffdeed7b\",\"enable\":1,\"id\":\"2dcb2f4b-7fc3-42cf-87fe-732145968491\",\"properties\":\"{\\\"maxLevel\\\":2,\\\"level\\\":2}\",\"successfulRedirect\":\"6\",\"workflowDefinitionId\":\"c9acead0-82dc-4564-bf45-3f13147b35db\"},{\"activityName\":\"流程结束\",\"activityNum\":8,\"activityType\":\"EndActivity\",\"enable\":1,\"id\":\"2f24f2ce-de8e-4489-9acc-ac5f5df63ca7\",\"properties\":\"{\\\"maxLevel\\\":2,\\\"level\\\":2}\",\"workflowDefinitionId\":\"c9acead0-82dc-4564-bf45-3f13147b35db\"},{\"activityName\":\"流程开始\",\"activityNum\":0,\"activityType\":\"StartActivity\",\"enable\":1,\"id\":\"363f0031-84c5-4d2a-adc2-669b1652830d\",\"properties\":\"{\\\"maxLevel\\\":2}\",\"successfulRedirect\":\"2\",\"workflowDefinitionId\":\"c9acead0-82dc-4564-bf45-3f13147b35db\"},{\"activityName\":\"整改审核\",\"activityNum\":7,\"activityType\":\"ReformAuditActivity\",\"enable\":1,\"failedRedirect\":\"6\",\"id\":\"5838ebf5-7703-438d-a8b4-78e687e6ef72\",\"properties\":\"{\\\"maxLevel\\\":2,\\\"level\\\":2}\",\"successfulRedirect\":\"8\",\"workflowDefinitionId\":\"c9acead0-82dc-4564-bf45-3f13147b35db\"},{\"activityName\":\"事件审核\",\"activityNum\":2,\"activityType\":\"AuditActivity\",\"assigners\":\"e6g7bee4-1cdb-4458-a926-7d85ffdeed7b\",\"enable\":1,\"failedRedirect\":\"1\",\"id\":\"9dace259-5e79-45f0-9c59-7f07ac2a1580\",\"properties\":\"{\\\"maxLevel\\\":2,\\\"level\\\":1}\",\"successfulRedirect\":\"3\",\"workflowDefinitionId\":\"c9acead0-82dc-4564-bf45-3f13147b35db\"},{\"activityName\":\"事件整改\",\"activityNum\":6,\"activityType\":\"ReformActivity\",\"enable\":1,\"id\":\"a7039573-21cf-4f4b-9a94-69b0a7c8a2da\",\"properties\":\"{\\\"maxLevel\\\":2,\\\"level\\\":2}\",\"successfulRedirect\":\"7\",\"workflowDefinitionId\":\"c9acead0-82dc-4564-bf45-3f13147b35db\"},{\"activityName\":\"事件结案\",\"activityNum\":4,\"activityType\":\"CloseActivity\",\"assigners\":\"e6g7b2e4-ecdb-4458-a926-7d85ffdeed7b\",\"enable\":1,\"failedRedirect\":\"3\",\"id\":\"b50e63ce-da0e-4c39-b0e3-049ef29d8fcc\",\"properties\":\"{\\\"maxLevel\\\":2,\\\"level\\\":2}\",\"successfulRedirect\":\"5\",\"workflowDefinitionId\":\"c9acead0-82dc-4564-bf45-3f13147b35db\"}]}}', '2019-05-24 11:11:51', '2019-05-24 11:13:19');
INSERT INTO `workflow_instance_storage` VALUES ('68c6d6910aa445dfb679875c9fec1a17', '{\"completed\":false,\"currentActivity\":{\"name\":\"AuditActivity\",\"properties\":{\"failedRedirect\":\"1\",\"workflowDefinitionId\":\"626d0e16-270b-486a-99e6-bf4bf3908d5d\",\"activityNum\":2,\"enable\":1,\"activityName\":\"事件审核\",\"assigners\":\"e6g7bee4-1cdb-4458-a926-7d85ffdeed7b\",\"id\":\"c19512c9-d706-4d52-aab3-41414f03b15f\",\"successfulRedirect\":\"3\",\"activityType\":\"AuditActivity\",\"properties\":\"{\\\"maxLevel\\\":1,\\\"level\\\":1}\"}},\"currentTaskCompleted\":false,\"definitionId\":\"626d0e16-270b-486a-99e6-bf4bf3908d5d\",\"itemId\":\"68c6d6910aa445dfb679875c9fec1a17\",\"properties\":{\"currentActivityName\":\"AuditActivity\"},\"taskRunning\":true,\"taskSerialId\":\"eb8329d9-0a4b-4f8d-ab09-7197c2648c09\",\"workflowDefinition\":{\"enable\":1,\"eventType\":\"4bc9ad82-76f2-11e9-8482-00505684f8da\",\"id\":\"626d0e16-270b-486a-99e6-bf4bf3908d5d\",\"name\":\"Q一级事件流程（新）\",\"reviewLevelCount\":1,\"workflowDefinitionActivities\":[{\"activityName\":\"事件整改\",\"activityNum\":5,\"activityType\":\"ReformActivity\",\"enable\":1,\"id\":\"320470d3-ff01-4a45-b725-e34e36b2a6b5\",\"properties\":\"{\\\"maxLevel\\\":1,\\\"level\\\":1}\",\"successfulRedirect\":\"6\",\"workflowDefinitionId\":\"626d0e16-270b-486a-99e6-bf4bf3908d5d\"},{\"activityName\":\"事件追踪\",\"activityNum\":4,\"activityType\":\"TraceActivity\",\"assigners\":\"e6g71ee4-ecdb-4458-a926-7d85ffdeed7b\",\"enable\":1,\"id\":\"453a9a91-cc18-44e0-824e-4a4eb4392e46\",\"properties\":\"{\\\"maxLevel\\\":1,\\\"level\\\":1}\",\"successfulRedirect\":\"5\",\"workflowDefinitionId\":\"626d0e16-270b-486a-99e6-bf4bf3908d5d\"},{\"activityName\":\"整改审核\",\"activityNum\":6,\"activityType\":\"ReformAuditActivity\",\"enable\":1,\"failedRedirect\":\"5\",\"id\":\"52c572e2-b543-4545-ae6f-0eab56bee398\",\"properties\":\"{\\\"maxLevel\\\":1,\\\"level\\\":1}\",\"successfulRedirect\":\"7\",\"workflowDefinitionId\":\"626d0e16-270b-486a-99e6-bf4bf3908d5d\"},{\"activityName\":\"流程结束\",\"activityNum\":7,\"activityType\":\"EndActivity\",\"enable\":1,\"id\":\"743630a8-1cbb-4142-8afd-9bdbdbd2277b\",\"properties\":\"{\\\"maxLevel\\\":1,\\\"level\\\":1}\",\"workflowDefinitionId\":\"626d0e16-270b-486a-99e6-bf4bf3908d5d\"},{\"activityName\":\"事件审核\",\"activityNum\":2,\"activityType\":\"AuditActivity\",\"assigners\":\"e6g7bee4-1cdb-4458-a926-7d85ffdeed7b\",\"enable\":1,\"failedRedirect\":\"1\",\"id\":\"c19512c9-d706-4d52-aab3-41414f03b15f\",\"properties\":\"{\\\"maxLevel\\\":1,\\\"level\\\":1}\",\"successfulRedirect\":\"3\",\"workflowDefinitionId\":\"626d0e16-270b-486a-99e6-bf4bf3908d5d\"},{\"activityName\":\"事件结案\",\"activityNum\":3,\"activityType\":\"CloseActivity\",\"assigners\":\"e6g7b1e4-ecdb-4458-a926-7d85ffdeed7b\",\"enable\":1,\"failedRedirect\":\"2\",\"id\":\"cec2c167-3666-4a91-8f87-ad0e85b8f44a\",\"properties\":\"{\\\"maxLevel\\\":1,\\\"level\\\":1}\",\"successfulRedirect\":\"4\",\"workflowDefinitionId\":\"626d0e16-270b-486a-99e6-bf4bf3908d5d\"},{\"activityName\":\"事件上报\",\"activityNum\":1,\"activityType\":\"ReportActivity\",\"enable\":1,\"id\":\"d71be7ee-6847-4c01-82c2-a39388cfbbfa\",\"properties\":\"{\\\"maxLevel\\\":1}\",\"successfulRedirect\":\"2\",\"workflowDefinitionId\":\"626d0e16-270b-486a-99e6-bf4bf3908d5d\"},{\"activityName\":\"流程开始\",\"activityNum\":0,\"activityType\":\"StartActivity\",\"enable\":1,\"id\":\"ddb211be-35af-4b67-bce4-37d413751846\",\"properties\":\"{\\\"maxLevel\\\":1}\",\"successfulRedirect\":\"2\",\"workflowDefinitionId\":\"626d0e16-270b-486a-99e6-bf4bf3908d5d\"}]}}', '2019-05-27 15:23:26', '2019-05-27 15:23:26');
INSERT INTO `workflow_instance_storage` VALUES ('75af1a23d1ac42ef97d05ac6b72106ec', '{\"completed\":true,\"currentActivity\":{\"name\":\"EndActivity\",\"properties\":{\"workflowDefinitionId\":\"c4c9a01d-c59e-400b-9d42-03bbeb5ad8c3\",\"activityNum\":8,\"enable\":1,\"activityName\":\"流程结束\",\"id\":\"d84fbc0b-925d-45fe-a037-485ff21afa64\",\"activityType\":\"EndActivity\",\"properties\":\"{\\\"maxLevel\\\":2,\\\"level\\\":2}\"}},\"currentTaskCompleted\":true,\"definitionId\":\"c4c9a01d-c59e-400b-9d42-03bbeb5ad8c3\",\"itemId\":\"75af1a23d1ac42ef97d05ac6b72106ec\",\"properties\":{\"currentActivityName\":\"EndActivity\"},\"taskId\":\"9d01d829-c438-4d4c-80e3-3577ca783cae\",\"taskRunning\":false,\"taskSerialId\":\"1d79c2b0-4d44-40aa-9d04-b4c2140906af\",\"workflowDefinition\":{\"enable\":1,\"eventType\":\"4bcfd70c-76f2-11e9-8482-00505684f8da\",\"id\":\"c4c9a01d-c59e-400b-9d42-03bbeb5ad8c3\",\"name\":\"Q二级事件流程（新）\",\"reviewLevelCount\":2,\"workflowDefinitionActivities\":[{\"activityName\":\"整改审核\",\"activityNum\":7,\"activityType\":\"ReformAuditActivity\",\"enable\":1,\"failedRedirect\":\"6\",\"id\":\"0b60e611-2586-4043-b49b-e9a5979d4f30\",\"properties\":\"{\\\"maxLevel\\\":2,\\\"level\\\":2}\",\"successfulRedirect\":\"8\",\"workflowDefinitionId\":\"c4c9a01d-c59e-400b-9d42-03bbeb5ad8c3\"},{\"activityName\":\"事件整改\",\"activityNum\":6,\"activityType\":\"ReformActivity\",\"enable\":1,\"id\":\"509f16de-d65d-4bbd-a459-c033b327dc1a\",\"properties\":\"{\\\"maxLevel\\\":2,\\\"level\\\":2}\",\"successfulRedirect\":\"7\",\"workflowDefinitionId\":\"c4c9a01d-c59e-400b-9d42-03bbeb5ad8c3\"},{\"activityName\":\"事件追踪\",\"activityNum\":5,\"activityType\":\"TraceActivity\",\"assigners\":\"e6g71ee4-ecdb-4458-a926-7d85ffdeed7b\",\"enable\":1,\"id\":\"571efa49-442a-4185-8dff-d9bd4fb054d3\",\"properties\":\"{\\\"maxLevel\\\":2,\\\"level\\\":2}\",\"successfulRedirect\":\"6\",\"workflowDefinitionId\":\"c4c9a01d-c59e-400b-9d42-03bbeb5ad8c3\"},{\"activityName\":\"流程开始\",\"activityNum\":0,\"activityType\":\"StartActivity\",\"enable\":1,\"id\":\"a99250cd-7b9d-4fc9-9098-8b92956e94bb\",\"properties\":\"{\\\"maxLevel\\\":2}\",\"successfulRedirect\":\"2\",\"workflowDefinitionId\":\"c4c9a01d-c59e-400b-9d42-03bbeb5ad8c3\"},{\"activityName\":\"事件审核\",\"activityNum\":3,\"activityType\":\"AuditActivity\",\"assigners\":\"e6g7bee4-2cdb-4458-a926-7d85ffdeed7b\",\"enable\":1,\"failedRedirect\":\"2\",\"id\":\"d2845e9b-b0e2-41f9-86b9-6b7bac31c25a\",\"properties\":\"{\\\"maxLevel\\\":2,\\\"level\\\":2}\",\"successfulRedirect\":\"4\",\"workflowDefinitionId\":\"c4c9a01d-c59e-400b-9d42-03bbeb5ad8c3\"},{\"activityName\":\"事件上报\",\"activityNum\":1,\"activityType\":\"ReportActivity\",\"enable\":1,\"id\":\"d4a3ac09-ef85-4938-9705-5bba9b35c7db\",\"properties\":\"{\\\"maxLevel\\\":2}\",\"successfulRedirect\":\"2\",\"workflowDefinitionId\":\"c4c9a01d-c59e-400b-9d42-03bbeb5ad8c3\"},{\"activityName\":\"流程结束\",\"activityNum\":8,\"activityType\":\"EndActivity\",\"enable\":1,\"id\":\"d84fbc0b-925d-45fe-a037-485ff21afa64\",\"properties\":\"{\\\"maxLevel\\\":2,\\\"level\\\":2}\",\"workflowDefinitionId\":\"c4c9a01d-c59e-400b-9d42-03bbeb5ad8c3\"},{\"activityName\":\"事件结案\",\"activityNum\":4,\"activityType\":\"CloseActivity\",\"assigners\":\"e6g7b1e4-ecdb-4458-a926-7d85ffdeed7b\",\"enable\":1,\"failedRedirect\":\"3\",\"id\":\"e7865aca-ffb4-4dc7-a2cd-e9900a8fdf72\",\"properties\":\"{\\\"maxLevel\\\":2,\\\"level\\\":2}\",\"successfulRedirect\":\"5\",\"workflowDefinitionId\":\"c4c9a01d-c59e-400b-9d42-03bbeb5ad8c3\"},{\"activityName\":\"事件审核\",\"activityNum\":2,\"activityType\":\"AuditActivity\",\"assigners\":\"e6g7bee4-1cdb-4458-a926-7d85ffdeed7b\",\"enable\":1,\"failedRedirect\":\"1\",\"id\":\"eddcf8fb-b4e3-4eac-884c-33d8b063afb2\",\"properties\":\"{\\\"maxLevel\\\":2,\\\"level\\\":1}\",\"successfulRedirect\":\"3\",\"workflowDefinitionId\":\"c4c9a01d-c59e-400b-9d42-03bbeb5ad8c3\"}]}}', '2019-05-24 18:00:49', '2019-05-24 20:08:32');
INSERT INTO `workflow_instance_storage` VALUES ('77bb4aa387ca423e8705db2d211ce742', '{\"completed\":false,\"currentActivity\":{\"name\":\"AuditActivity\",\"properties\":{\"failedRedirect\":\"2\",\"workflowDefinitionId\":\"c9acead0-82dc-4564-bf45-3f13147b35db\",\"activityNum\":3,\"enable\":1,\"activityName\":\"事件审核\",\"assigners\":\"e6g7bee4-2cdb-4458-a926-7d85ffdeed7b\",\"id\":\"8edaa460-9012-4288-8467-660be84fb0bf\",\"successfulRedirect\":\"4\",\"activityType\":\"AuditActivity\",\"properties\":\"{\\\"maxLevel\\\":2,\\\"level\\\":2}\"}},\"currentTaskCompleted\":false,\"definitionId\":\"c9acead0-82dc-4564-bf45-3f13147b35db\",\"itemId\":\"77bb4aa387ca423e8705db2d211ce742\",\"properties\":{\"currentActivityName\":\"AuditActivity\"},\"taskId\":\"09a7a4c9-a0c9-4be7-aee0-ac90e6890000\",\"taskRunning\":true,\"taskSerialId\":\"3bdb6242-3e31-404d-9b95-03c40a16d1ff\",\"workflowDefinition\":{\"enable\":1,\"eventType\":\"087e0bab-76f4-11e9-8482-00505684f8da\",\"id\":\"c9acead0-82dc-4564-bf45-3f13147b35db\",\"name\":\"流程事件测试2\",\"reviewLevelCount\":2,\"workflowDefinitionActivities\":[{\"activityName\":\"事件整改\",\"activityNum\":6,\"activityType\":\"ReformActivity\",\"enable\":1,\"id\":\"126673cc-bb9d-4a62-87df-0dc83fb83cae\",\"properties\":\"{\\\"maxLevel\\\":2,\\\"level\\\":2}\",\"successfulRedirect\":\"7\",\"workflowDefinitionId\":\"c9acead0-82dc-4564-bf45-3f13147b35db\"},{\"activityName\":\"事件上报\",\"activityNum\":1,\"activityType\":\"ReportActivity\",\"enable\":1,\"id\":\"1bd5f3c5-8e2e-48d7-abe7-38ffb9fe0b8d\",\"properties\":\"{\\\"maxLevel\\\":2}\",\"successfulRedirect\":\"2\",\"workflowDefinitionId\":\"c9acead0-82dc-4564-bf45-3f13147b35db\"},{\"activityName\":\"流程结束\",\"activityNum\":8,\"activityType\":\"EndActivity\",\"enable\":1,\"id\":\"565c76a4-1fa7-48e5-98c7-ca138ab06cad\",\"properties\":\"{\\\"maxLevel\\\":2,\\\"level\\\":2}\",\"workflowDefinitionId\":\"c9acead0-82dc-4564-bf45-3f13147b35db\"},{\"activityName\":\"事件审核\",\"activityNum\":2,\"activityType\":\"AuditActivity\",\"assigners\":\"e6g7bee4-2cdb-4458-a926-7d85ffdeed7b\",\"enable\":1,\"failedRedirect\":\"1\",\"id\":\"5b9d655b-b9e4-4df5-88e4-38283f72a80c\",\"properties\":\"{\\\"maxLevel\\\":2,\\\"level\\\":1}\",\"successfulRedirect\":\"3\",\"workflowDefinitionId\":\"c9acead0-82dc-4564-bf45-3f13147b35db\"},{\"activityName\":\"整改审核\",\"activityNum\":7,\"activityType\":\"ReformAuditActivity\",\"enable\":1,\"failedRedirect\":\"6\",\"id\":\"62fc30fb-d1f9-48d8-ae80-f8bd37017b22\",\"properties\":\"{\\\"maxLevel\\\":2,\\\"level\\\":2}\",\"successfulRedirect\":\"8\",\"workflowDefinitionId\":\"c9acead0-82dc-4564-bf45-3f13147b35db\"},{\"activityName\":\"事件结案\",\"activityNum\":4,\"activityType\":\"CloseActivity\",\"assigners\":\"e6g7b2e4-ecdb-4458-a926-7d85ffdeed7b\",\"enable\":1,\"failedRedirect\":\"3\",\"id\":\"71f9a5f2-d70c-4cdf-b9b2-77f92701bc45\",\"properties\":\"{\\\"maxLevel\\\":2,\\\"level\\\":2}\",\"successfulRedirect\":\"5\",\"workflowDefinitionId\":\"c9acead0-82dc-4564-bf45-3f13147b35db\"},{\"activityName\":\"事件审核\",\"activityNum\":3,\"activityType\":\"AuditActivity\",\"assigners\":\"e6g7bee4-2cdb-4458-a926-7d85ffdeed7b\",\"enable\":1,\"failedRedirect\":\"2\",\"id\":\"8edaa460-9012-4288-8467-660be84fb0bf\",\"properties\":\"{\\\"maxLevel\\\":2,\\\"level\\\":2}\",\"successfulRedirect\":\"4\",\"workflowDefinitionId\":\"c9acead0-82dc-4564-bf45-3f13147b35db\"},{\"activityName\":\"事件追踪\",\"activityNum\":5,\"activityType\":\"TraceActivity\",\"assigners\":\"e6g71ee4-ecdb-4458-a926-7d85ffdeed7b\",\"enable\":1,\"id\":\"a97c0530-bcc2-4fa1-a7dd-fae5bea10542\",\"properties\":\"{\\\"maxLevel\\\":2,\\\"level\\\":2}\",\"successfulRedirect\":\"6\",\"workflowDefinitionId\":\"c9acead0-82dc-4564-bf45-3f13147b35db\"},{\"activityName\":\"流程开始\",\"activityNum\":0,\"activityType\":\"StartActivity\",\"enable\":1,\"id\":\"e9abec8b-2e9f-4da9-9f6d-5fa8412a3bb0\",\"properties\":\"{\\\"maxLevel\\\":2}\",\"successfulRedirect\":\"2\",\"workflowDefinitionId\":\"c9acead0-82dc-4564-bf45-3f13147b35db\"}]}}', '2019-05-24 10:21:31', '2019-05-24 10:51:18');
INSERT INTO `workflow_instance_storage` VALUES ('7af783560f3547c1b075c1434612c416', '{\"completed\":false,\"currentActivity\":{\"name\":\"AuditActivity\",\"properties\":{\"failedRedirect\":\"1\",\"workflowDefinitionId\":\"626d0e16-270b-486a-99e6-bf4bf3908d5d\",\"activityNum\":2,\"enable\":1,\"activityName\":\"事件审核\",\"assigners\":\"e6g7bee4-1cdb-4458-a926-7d85ffdeed7b\",\"id\":\"c19512c9-d706-4d52-aab3-41414f03b15f\",\"successfulRedirect\":\"3\",\"activityType\":\"AuditActivity\",\"properties\":\"{\\\"maxLevel\\\":1,\\\"level\\\":1}\"}},\"currentTaskCompleted\":false,\"definitionId\":\"626d0e16-270b-486a-99e6-bf4bf3908d5d\",\"itemId\":\"7af783560f3547c1b075c1434612c416\",\"properties\":{\"currentActivityName\":\"AuditActivity\"},\"taskRunning\":true,\"taskSerialId\":\"ae327183-3cb1-462d-bd67-c4e8fdc45da5\",\"workflowDefinition\":{\"enable\":1,\"eventType\":\"4bc9ad82-76f2-11e9-8482-00505684f8da\",\"id\":\"626d0e16-270b-486a-99e6-bf4bf3908d5d\",\"name\":\"Q一级事件流程（新）\",\"reviewLevelCount\":1,\"workflowDefinitionActivities\":[{\"activityName\":\"事件整改\",\"activityNum\":5,\"activityType\":\"ReformActivity\",\"enable\":1,\"id\":\"320470d3-ff01-4a45-b725-e34e36b2a6b5\",\"properties\":\"{\\\"maxLevel\\\":1,\\\"level\\\":1}\",\"successfulRedirect\":\"6\",\"workflowDefinitionId\":\"626d0e16-270b-486a-99e6-bf4bf3908d5d\"},{\"activityName\":\"事件追踪\",\"activityNum\":4,\"activityType\":\"TraceActivity\",\"assigners\":\"e6g71ee4-ecdb-4458-a926-7d85ffdeed7b\",\"enable\":1,\"id\":\"453a9a91-cc18-44e0-824e-4a4eb4392e46\",\"properties\":\"{\\\"maxLevel\\\":1,\\\"level\\\":1}\",\"successfulRedirect\":\"5\",\"workflowDefinitionId\":\"626d0e16-270b-486a-99e6-bf4bf3908d5d\"},{\"activityName\":\"整改审核\",\"activityNum\":6,\"activityType\":\"ReformAuditActivity\",\"enable\":1,\"failedRedirect\":\"5\",\"id\":\"52c572e2-b543-4545-ae6f-0eab56bee398\",\"properties\":\"{\\\"maxLevel\\\":1,\\\"level\\\":1}\",\"successfulRedirect\":\"7\",\"workflowDefinitionId\":\"626d0e16-270b-486a-99e6-bf4bf3908d5d\"},{\"activityName\":\"流程结束\",\"activityNum\":7,\"activityType\":\"EndActivity\",\"enable\":1,\"id\":\"743630a8-1cbb-4142-8afd-9bdbdbd2277b\",\"properties\":\"{\\\"maxLevel\\\":1,\\\"level\\\":1}\",\"workflowDefinitionId\":\"626d0e16-270b-486a-99e6-bf4bf3908d5d\"},{\"activityName\":\"事件审核\",\"activityNum\":2,\"activityType\":\"AuditActivity\",\"assigners\":\"e6g7bee4-1cdb-4458-a926-7d85ffdeed7b\",\"enable\":1,\"failedRedirect\":\"1\",\"id\":\"c19512c9-d706-4d52-aab3-41414f03b15f\",\"properties\":\"{\\\"maxLevel\\\":1,\\\"level\\\":1}\",\"successfulRedirect\":\"3\",\"workflowDefinitionId\":\"626d0e16-270b-486a-99e6-bf4bf3908d5d\"},{\"activityName\":\"事件结案\",\"activityNum\":3,\"activityType\":\"CloseActivity\",\"assigners\":\"e6g7b1e4-ecdb-4458-a926-7d85ffdeed7b\",\"enable\":1,\"failedRedirect\":\"2\",\"id\":\"cec2c167-3666-4a91-8f87-ad0e85b8f44a\",\"properties\":\"{\\\"maxLevel\\\":1,\\\"level\\\":1}\",\"successfulRedirect\":\"4\",\"workflowDefinitionId\":\"626d0e16-270b-486a-99e6-bf4bf3908d5d\"},{\"activityName\":\"事件上报\",\"activityNum\":1,\"activityType\":\"ReportActivity\",\"enable\":1,\"id\":\"d71be7ee-6847-4c01-82c2-a39388cfbbfa\",\"properties\":\"{\\\"maxLevel\\\":1}\",\"successfulRedirect\":\"2\",\"workflowDefinitionId\":\"626d0e16-270b-486a-99e6-bf4bf3908d5d\"},{\"activityName\":\"流程开始\",\"activityNum\":0,\"activityType\":\"StartActivity\",\"enable\":1,\"id\":\"ddb211be-35af-4b67-bce4-37d413751846\",\"properties\":\"{\\\"maxLevel\\\":1}\",\"successfulRedirect\":\"2\",\"workflowDefinitionId\":\"626d0e16-270b-486a-99e6-bf4bf3908d5d\"}]}}', '2019-05-27 15:21:46', '2019-05-27 15:21:46');
INSERT INTO `workflow_instance_storage` VALUES ('7d64c53f7a1a437c94bdb3f659a3f17c', '{\"completed\":false,\"currentActivity\":{\"name\":\"ReformAuditActivity\",\"properties\":{\"failedRedirect\":\"5\",\"workflowDefinitionId\":\"b12fd71b-0b22-4c93-a16d-e5f20cf26a59\",\"activityNum\":6,\"enable\":1,\"activityName\":\"整改审核\",\"id\":\"e6565d31-3462-4b26-9545-3503871978a8\",\"successfulRedirect\":\"7\",\"activityType\":\"ReformAuditActivity\",\"properties\":\"{\\\"maxLevel\\\":1,\\\"level\\\":1}\"}},\"currentTaskCompleted\":false,\"definitionId\":\"b12fd71b-0b22-4c93-a16d-e5f20cf26a59\",\"itemId\":\"7d64c53f7a1a437c94bdb3f659a3f17c\",\"properties\":{\"currentActivityName\":\"ReformAuditActivity\"},\"taskId\":\"f8a7bb7d-54f3-4112-9f3f-9c1461594d8a\",\"taskRunning\":true,\"taskSerialId\":\"05b54453-c39c-4e4f-9bb9-eeccdd305c56\",\"workflowDefinition\":{\"enable\":1,\"eventType\":\"086ebee8-76f4-11e9-8482-00505684f8da\",\"id\":\"b12fd71b-0b22-4c93-a16d-e5f20cf26a59\",\"name\":\"流程事件测试1\",\"reviewLevelCount\":1,\"workflowDefinitionActivities\":[{\"activityName\":\"事件结案\",\"activityNum\":3,\"activityType\":\"CloseActivity\",\"assigners\":\"e6g7b1e4-ecdb-4458-a926-7d85ffdeed7b\",\"enable\":1,\"failedRedirect\":\"2\",\"id\":\"166de8f5-3ec1-490d-a995-76e3b5b2645d\",\"properties\":\"{\\\"maxLevel\\\":1,\\\"level\\\":1}\",\"successfulRedirect\":\"4\",\"workflowDefinitionId\":\"b12fd71b-0b22-4c93-a16d-e5f20cf26a59\"},{\"activityName\":\"事件整改\",\"activityNum\":5,\"activityType\":\"ReformActivity\",\"enable\":1,\"id\":\"33ea26d9-964a-4202-9dd7-354f7b9ef7e6\",\"properties\":\"{\\\"maxLevel\\\":1,\\\"level\\\":1}\",\"successfulRedirect\":\"6\",\"workflowDefinitionId\":\"b12fd71b-0b22-4c93-a16d-e5f20cf26a59\"},{\"activityName\":\"流程开始\",\"activityNum\":0,\"activityType\":\"StartActivity\",\"enable\":1,\"id\":\"43014129-4f88-444b-9b1d-17f81060c3d7\",\"properties\":\"{\\\"maxLevel\\\":1}\",\"successfulRedirect\":\"2\",\"workflowDefinitionId\":\"b12fd71b-0b22-4c93-a16d-e5f20cf26a59\"},{\"activityName\":\"流程结束\",\"activityNum\":7,\"activityType\":\"EndActivity\",\"enable\":1,\"id\":\"55acfbea-6afc-4269-863a-a8e182320f27\",\"properties\":\"{\\\"maxLevel\\\":1,\\\"level\\\":1}\",\"workflowDefinitionId\":\"b12fd71b-0b22-4c93-a16d-e5f20cf26a59\"},{\"activityName\":\"事件上报\",\"activityNum\":1,\"activityType\":\"ReportActivity\",\"enable\":1,\"id\":\"63f12b09-a253-4d63-8d97-ad19dd9bdbed\",\"properties\":\"{\\\"maxLevel\\\":1}\",\"successfulRedirect\":\"2\",\"workflowDefinitionId\":\"b12fd71b-0b22-4c93-a16d-e5f20cf26a59\"},{\"activityName\":\"事件审核\",\"activityNum\":2,\"activityType\":\"AuditActivity\",\"assigners\":\"e6g7bee4-1cdb-4458-a926-7d85ffdeed7b\",\"enable\":1,\"failedRedirect\":\"1\",\"id\":\"8bd18945-0646-49f2-a032-e2203036ec20\",\"properties\":\"{\\\"maxLevel\\\":1,\\\"level\\\":1}\",\"successfulRedirect\":\"3\",\"workflowDefinitionId\":\"b12fd71b-0b22-4c93-a16d-e5f20cf26a59\"},{\"activityName\":\"事件追踪\",\"activityNum\":4,\"activityType\":\"TraceActivity\",\"assigners\":\"e6g71ee4-ecdb-4458-a926-7d85ffdeed7b\",\"enable\":1,\"id\":\"ba61d152-0540-45ef-af6c-f054184843b8\",\"properties\":\"{\\\"maxLevel\\\":1,\\\"level\\\":1}\",\"successfulRedirect\":\"5\",\"workflowDefinitionId\":\"b12fd71b-0b22-4c93-a16d-e5f20cf26a59\"},{\"activityName\":\"整改审核\",\"activityNum\":6,\"activityType\":\"ReformAuditActivity\",\"enable\":1,\"failedRedirect\":\"5\",\"id\":\"e6565d31-3462-4b26-9545-3503871978a8\",\"properties\":\"{\\\"maxLevel\\\":1,\\\"level\\\":1}\",\"successfulRedirect\":\"7\",\"workflowDefinitionId\":\"b12fd71b-0b22-4c93-a16d-e5f20cf26a59\"}]}}', '2019-05-24 10:19:03', '2019-05-24 10:37:34');
INSERT INTO `workflow_instance_storage` VALUES ('80f0aba63a1842d281748c3520f84cf4', '{\"completed\":false,\"currentActivity\":{\"name\":\"AuditActivity\",\"properties\":{\"failedRedirect\":\"1\",\"workflowDefinitionId\":\"6efde8c4-4e86-4031-969a-ac32d719715e\",\"activityNum\":2,\"enable\":1,\"activityName\":\"事件审核\",\"assigners\":\"e6g7bee4-3cdb-4458-a926-7d85ffdeed7b#e6g7bee4-4cdb-4458-a926-7d85ffdeed7b#e6g7bee4-5cdb-4458-a926-7d85ffdeed7b\",\"id\":\"2345e7c3-f395-49d1-9576-cef70ffddeca\",\"successfulRedirect\":\"3\",\"activityType\":\"AuditActivity\",\"properties\":\"{\\\"maxLevel\\\":3,\\\"level\\\":1}\"}},\"currentTaskCompleted\":false,\"definitionId\":\"6efde8c4-4e86-4031-969a-ac32d719715e\",\"itemId\":\"80f0aba63a1842d281748c3520f84cf4\",\"properties\":{\"currentActivityName\":\"AuditActivity\"},\"taskRunning\":true,\"taskSerialId\":\"c2eb662d-edaf-4ac3-bc4d-4c1b797441b8\",\"workflowDefinition\":{\"enable\":1,\"eventType\":\"0892e7b5-76f4-11e9-8482-00505684f8da\",\"id\":\"6efde8c4-4e86-4031-969a-ac32d719715e\",\"name\":\"流程事件测试3\",\"reviewLevelCount\":3,\"workflowDefinitionActivities\":[{\"activityName\":\"事件审核\",\"activityNum\":2,\"activityType\":\"AuditActivity\",\"assigners\":\"e6g7bee4-3cdb-4458-a926-7d85ffdeed7b#e6g7bee4-4cdb-4458-a926-7d85ffdeed7b#e6g7bee4-5cdb-4458-a926-7d85ffdeed7b\",\"enable\":1,\"failedRedirect\":\"1\",\"id\":\"2345e7c3-f395-49d1-9576-cef70ffddeca\",\"properties\":\"{\\\"maxLevel\\\":3,\\\"level\\\":1}\",\"successfulRedirect\":\"3\",\"workflowDefinitionId\":\"6efde8c4-4e86-4031-969a-ac32d719715e\"},{\"activityName\":\"事件审核\",\"activityNum\":4,\"activityType\":\"AuditActivity\",\"assigners\":\"e6g7bee4-3cdb-4458-a926-7d85ffdeed7b\",\"enable\":1,\"failedRedirect\":\"3\",\"id\":\"4535f19a-1c4a-42d3-81b3-5d5c765beab5\",\"properties\":\"{\\\"maxLevel\\\":3,\\\"level\\\":3}\",\"successfulRedirect\":\"5\",\"workflowDefinitionId\":\"6efde8c4-4e86-4031-969a-ac32d719715e\"},{\"activityName\":\"事件审核\",\"activityNum\":3,\"activityType\":\"AuditActivity\",\"assigners\":\"e6g7bee4-3cdb-4458-a926-7d85ffdeed7b\",\"enable\":1,\"failedRedirect\":\"2\",\"id\":\"7e86c0ba-0571-415e-8974-62248126ef34\",\"properties\":\"{\\\"maxLevel\\\":3,\\\"level\\\":2}\",\"successfulRedirect\":\"4\",\"workflowDefinitionId\":\"6efde8c4-4e86-4031-969a-ac32d719715e\"},{\"activityName\":\"事件整改\",\"activityNum\":7,\"activityType\":\"ReformActivity\",\"enable\":1,\"id\":\"88bcf0d2-c4ae-42b7-aef6-5cd80d76233e\",\"properties\":\"{\\\"maxLevel\\\":3,\\\"level\\\":3}\",\"successfulRedirect\":\"8\",\"workflowDefinitionId\":\"6efde8c4-4e86-4031-969a-ac32d719715e\"},{\"activityName\":\"事件追踪\",\"activityNum\":6,\"activityType\":\"TraceActivity\",\"assigners\":\"e6g71ee4-ecdb-4458-a926-7d85ffdeed7b\",\"enable\":1,\"id\":\"97071816-b319-4215-b1d2-da4c9d5873e6\",\"properties\":\"{\\\"maxLevel\\\":3,\\\"level\\\":3}\",\"successfulRedirect\":\"7\",\"workflowDefinitionId\":\"6efde8c4-4e86-4031-969a-ac32d719715e\"},{\"activityName\":\"流程开始\",\"activityNum\":0,\"activityType\":\"StartActivity\",\"enable\":1,\"id\":\"9c15ed04-b301-4425-a889-7ed65e6e76ec\",\"properties\":\"{\\\"maxLevel\\\":3}\",\"successfulRedirect\":\"2\",\"workflowDefinitionId\":\"6efde8c4-4e86-4031-969a-ac32d719715e\"},{\"activityName\":\"整改审核\",\"activityNum\":8,\"activityType\":\"ReformAuditActivity\",\"enable\":1,\"failedRedirect\":\"7\",\"id\":\"ae786fba-705e-4793-b778-6aab1bce6cf4\",\"properties\":\"{\\\"maxLevel\\\":3,\\\"level\\\":3}\",\"successfulRedirect\":\"9\",\"workflowDefinitionId\":\"6efde8c4-4e86-4031-969a-ac32d719715e\"},{\"activityName\":\"事件上报\",\"activityNum\":1,\"activityType\":\"ReportActivity\",\"enable\":1,\"id\":\"b9509547-7a44-4ad3-9a97-30a4cfa970c7\",\"properties\":\"{\\\"maxLevel\\\":3}\",\"successfulRedirect\":\"2\",\"workflowDefinitionId\":\"6efde8c4-4e86-4031-969a-ac32d719715e\"},{\"activityName\":\"事件结案\",\"activityNum\":5,\"activityType\":\"CloseActivity\",\"assigners\":\"e6g7b1e4-ecdb-4458-a926-7d85ffdeed7b\",\"enable\":1,\"failedRedirect\":\"4\",\"id\":\"f031b057-12db-47a3-8105-f58d8f4f4701\",\"properties\":\"{\\\"maxLevel\\\":3,\\\"level\\\":3}\",\"successfulRedirect\":\"6\",\"workflowDefinitionId\":\"6efde8c4-4e86-4031-969a-ac32d719715e\"},{\"activityName\":\"流程结束\",\"activityNum\":9,\"activityType\":\"EndActivity\",\"enable\":1,\"id\":\"f5359d90-7737-46fa-963a-321319c0c06c\",\"properties\":\"{\\\"maxLevel\\\":3,\\\"level\\\":3}\",\"workflowDefinitionId\":\"6efde8c4-4e86-4031-969a-ac32d719715e\"}]}}', '2019-05-24 10:48:35', '2019-05-24 10:48:36');
INSERT INTO `workflow_instance_storage` VALUES ('8448a85b3d214bcdafaefc2cc0ab1e1a', '{\"completed\":false,\"currentActivity\":{\"name\":\"ReportActivity\",\"properties\":{\"workflowDefinitionId\":\"626d0e16-270b-486a-99e6-bf4bf3908d5d\",\"activityNum\":1,\"enable\":1,\"activityName\":\"事件上报\",\"id\":\"d71be7ee-6847-4c01-82c2-a39388cfbbfa\",\"successfulRedirect\":\"2\",\"activityType\":\"ReportActivity\",\"properties\":\"{\\\"maxLevel\\\":1}\"}},\"currentTaskCompleted\":false,\"definitionId\":\"626d0e16-270b-486a-99e6-bf4bf3908d5d\",\"itemId\":\"8448a85b3d214bcdafaefc2cc0ab1e1a\",\"properties\":{\"currentActivityName\":\"ReportActivity\"},\"taskId\":\"ea061f02-e047-42c5-87a8-a993a423556a\",\"taskRunning\":true,\"taskSerialId\":\"81a3450d-00c7-4fde-b213-63053c0d29cf\",\"workflowDefinition\":{\"enable\":1,\"eventType\":\"4bc9ad82-76f2-11e9-8482-00505684f8da\",\"id\":\"626d0e16-270b-486a-99e6-bf4bf3908d5d\",\"name\":\"Q一级事件流程（新）\",\"reviewLevelCount\":1,\"workflowDefinitionActivities\":[{\"activityName\":\"事件整改\",\"activityNum\":5,\"activityType\":\"ReformActivity\",\"enable\":1,\"id\":\"320470d3-ff01-4a45-b725-e34e36b2a6b5\",\"properties\":\"{\\\"maxLevel\\\":1,\\\"level\\\":1}\",\"successfulRedirect\":\"6\",\"workflowDefinitionId\":\"626d0e16-270b-486a-99e6-bf4bf3908d5d\"},{\"activityName\":\"事件追踪\",\"activityNum\":4,\"activityType\":\"TraceActivity\",\"assigners\":\"e6g71ee4-ecdb-4458-a926-7d85ffdeed7b\",\"enable\":1,\"id\":\"453a9a91-cc18-44e0-824e-4a4eb4392e46\",\"properties\":\"{\\\"maxLevel\\\":1,\\\"level\\\":1}\",\"successfulRedirect\":\"5\",\"workflowDefinitionId\":\"626d0e16-270b-486a-99e6-bf4bf3908d5d\"},{\"activityName\":\"整改审核\",\"activityNum\":6,\"activityType\":\"ReformAuditActivity\",\"enable\":1,\"failedRedirect\":\"5\",\"id\":\"52c572e2-b543-4545-ae6f-0eab56bee398\",\"properties\":\"{\\\"maxLevel\\\":1,\\\"level\\\":1}\",\"successfulRedirect\":\"7\",\"workflowDefinitionId\":\"626d0e16-270b-486a-99e6-bf4bf3908d5d\"},{\"activityName\":\"流程结束\",\"activityNum\":7,\"activityType\":\"EndActivity\",\"enable\":1,\"id\":\"743630a8-1cbb-4142-8afd-9bdbdbd2277b\",\"properties\":\"{\\\"maxLevel\\\":1,\\\"level\\\":1}\",\"workflowDefinitionId\":\"626d0e16-270b-486a-99e6-bf4bf3908d5d\"},{\"activityName\":\"事件审核\",\"activityNum\":2,\"activityType\":\"AuditActivity\",\"assigners\":\"e6g7bee4-1cdb-4458-a926-7d85ffdeed7b\",\"enable\":1,\"failedRedirect\":\"1\",\"id\":\"c19512c9-d706-4d52-aab3-41414f03b15f\",\"properties\":\"{\\\"maxLevel\\\":1,\\\"level\\\":1}\",\"successfulRedirect\":\"3\",\"workflowDefinitionId\":\"626d0e16-270b-486a-99e6-bf4bf3908d5d\"},{\"activityName\":\"事件结案\",\"activityNum\":3,\"activityType\":\"CloseActivity\",\"assigners\":\"e6g7b1e4-ecdb-4458-a926-7d85ffdeed7b\",\"enable\":1,\"failedRedirect\":\"2\",\"id\":\"cec2c167-3666-4a91-8f87-ad0e85b8f44a\",\"properties\":\"{\\\"maxLevel\\\":1,\\\"level\\\":1}\",\"successfulRedirect\":\"4\",\"workflowDefinitionId\":\"626d0e16-270b-486a-99e6-bf4bf3908d5d\"},{\"activityName\":\"事件上报\",\"activityNum\":1,\"activityType\":\"ReportActivity\",\"enable\":1,\"id\":\"d71be7ee-6847-4c01-82c2-a39388cfbbfa\",\"properties\":\"{\\\"maxLevel\\\":1}\",\"successfulRedirect\":\"2\",\"workflowDefinitionId\":\"626d0e16-270b-486a-99e6-bf4bf3908d5d\"},{\"activityName\":\"流程开始\",\"activityNum\":0,\"activityType\":\"StartActivity\",\"enable\":1,\"id\":\"ddb211be-35af-4b67-bce4-37d413751846\",\"properties\":\"{\\\"maxLevel\\\":1}\",\"successfulRedirect\":\"2\",\"workflowDefinitionId\":\"626d0e16-270b-486a-99e6-bf4bf3908d5d\"}]}}', '2019-05-24 16:06:01', '2019-05-24 16:07:07');
INSERT INTO `workflow_instance_storage` VALUES ('8709a133eaa749448bd78745adae4254', '{\"completed\":true,\"currentActivity\":{\"name\":\"EndActivity\",\"properties\":{\"workflowDefinitionId\":\"6efde8c4-4e86-4031-969a-ac32d719715e\",\"activityNum\":9,\"enable\":1,\"activityName\":\"流程结束\",\"id\":\"a1bc48f4-488d-4242-9a74-7751914935fe\",\"activityType\":\"EndActivity\",\"properties\":\"{\\\"maxLevel\\\":3,\\\"level\\\":3}\"}},\"currentTaskCompleted\":true,\"definitionId\":\"6efde8c4-4e86-4031-969a-ac32d719715e\",\"itemId\":\"8709a133eaa749448bd78745adae4254\",\"properties\":{\"currentActivityName\":\"EndActivity\"},\"taskId\":\"5ac5a502-a373-4c21-b99d-7b13dee758dd\",\"taskRunning\":false,\"taskSerialId\":\"2185c6fd-6d37-4ffa-ac2f-98a672aa035e\",\"workflowDefinition\":{\"enable\":1,\"eventType\":\"0892e7b5-76f4-11e9-8482-00505684f8da\",\"id\":\"6efde8c4-4e86-4031-969a-ac32d719715e\",\"name\":\"流程事件测试3\",\"reviewLevelCount\":3,\"workflowDefinitionActivities\":[{\"activityName\":\"事件整改\",\"activityNum\":7,\"activityType\":\"ReformActivity\",\"enable\":1,\"id\":\"14ca7f9e-f5f1-47ea-86a8-da7551bfa932\",\"properties\":\"{\\\"maxLevel\\\":3,\\\"level\\\":3}\",\"successfulRedirect\":\"8\",\"workflowDefinitionId\":\"6efde8c4-4e86-4031-969a-ac32d719715e\"},{\"activityName\":\"整改审核\",\"activityNum\":8,\"activityType\":\"ReformAuditActivity\",\"enable\":1,\"failedRedirect\":\"7\",\"id\":\"2ddfb468-5393-4d72-a609-4bf19037b736\",\"properties\":\"{\\\"maxLevel\\\":3,\\\"level\\\":3}\",\"successfulRedirect\":\"9\",\"workflowDefinitionId\":\"6efde8c4-4e86-4031-969a-ac32d719715e\"},{\"activityName\":\"流程开始\",\"activityNum\":0,\"activityType\":\"StartActivity\",\"enable\":1,\"id\":\"4783733d-b682-4e8c-9b8e-458877940d43\",\"properties\":\"{\\\"maxLevel\\\":3}\",\"successfulRedirect\":\"2\",\"workflowDefinitionId\":\"6efde8c4-4e86-4031-969a-ac32d719715e\"},{\"activityName\":\"事件结案\",\"activityNum\":5,\"activityType\":\"CloseActivity\",\"assigners\":\"e6g7b1e4-ecdb-4458-a926-7d85ffdeed7b\",\"enable\":1,\"failedRedirect\":\"4\",\"id\":\"68c48e54-4c1e-47ee-8e3a-567ecfc82a7d\",\"properties\":\"{\\\"maxLevel\\\":3,\\\"level\\\":3}\",\"successfulRedirect\":\"6\",\"workflowDefinitionId\":\"6efde8c4-4e86-4031-969a-ac32d719715e\"},{\"activityName\":\"事件审核\",\"activityNum\":2,\"activityType\":\"AuditActivity\",\"assigners\":\"e6g7bee4-1cdb-4458-a926-7d85ffdeed7b\",\"enable\":1,\"failedRedirect\":\"1\",\"id\":\"84fb3f7e-e4e0-499b-85d8-8ae363906e63\",\"properties\":\"{\\\"maxLevel\\\":3,\\\"level\\\":1}\",\"successfulRedirect\":\"3\",\"workflowDefinitionId\":\"6efde8c4-4e86-4031-969a-ac32d719715e\"},{\"activityName\":\"流程结束\",\"activityNum\":9,\"activityType\":\"EndActivity\",\"enable\":1,\"id\":\"a1bc48f4-488d-4242-9a74-7751914935fe\",\"properties\":\"{\\\"maxLevel\\\":3,\\\"level\\\":3}\",\"workflowDefinitionId\":\"6efde8c4-4e86-4031-969a-ac32d719715e\"},{\"activityName\":\"事件追踪\",\"activityNum\":6,\"activityType\":\"TraceActivity\",\"assigners\":\"e6g71ee4-ecdb-4458-a926-7d85ffdeed7b\",\"enable\":1,\"id\":\"ab08bb75-64f6-4de4-bae1-d870623cce93\",\"properties\":\"{\\\"maxLevel\\\":3,\\\"level\\\":3}\",\"successfulRedirect\":\"7\",\"workflowDefinitionId\":\"6efde8c4-4e86-4031-969a-ac32d719715e\"},{\"activityName\":\"事件上报\",\"activityNum\":1,\"activityType\":\"ReportActivity\",\"enable\":1,\"id\":\"ab1bea85-7c61-4745-80c3-63f0b3b079b8\",\"properties\":\"{\\\"maxLevel\\\":3}\",\"successfulRedirect\":\"2\",\"workflowDefinitionId\":\"6efde8c4-4e86-4031-969a-ac32d719715e\"},{\"activityName\":\"事件审核\",\"activityNum\":4,\"activityType\":\"AuditActivity\",\"assigners\":\"e6g7bee4-3cdb-4458-a926-7d85ffdeed7b\",\"enable\":1,\"failedRedirect\":\"3\",\"id\":\"c1d5cb61-5662-46b8-912f-1af828028ec0\",\"properties\":\"{\\\"maxLevel\\\":3,\\\"level\\\":3}\",\"successfulRedirect\":\"5\",\"workflowDefinitionId\":\"6efde8c4-4e86-4031-969a-ac32d719715e\"},{\"activityName\":\"事件审核\",\"activityNum\":3,\"activityType\":\"AuditActivity\",\"assigners\":\"e6g7bee4-2cdb-4458-a926-7d85ffdeed7b\",\"enable\":1,\"failedRedirect\":\"2\",\"id\":\"f03e8ec6-def6-4b70-9a2d-a331384b950a\",\"properties\":\"{\\\"maxLevel\\\":3,\\\"level\\\":2}\",\"successfulRedirect\":\"4\",\"workflowDefinitionId\":\"6efde8c4-4e86-4031-969a-ac32d719715e\"}]}}', '2019-05-24 14:42:12', '2019-05-24 14:53:10');
INSERT INTO `workflow_instance_storage` VALUES ('ac7f1a41464f448489d32ed4ad39d8b5', '{\"completed\":false,\"currentActivity\":{\"name\":\"AuditActivity\",\"properties\":{\"failedRedirect\":\"2\",\"workflowDefinitionId\":\"6efde8c4-4e86-4031-969a-ac32d719715e\",\"activityNum\":3,\"enable\":1,\"activityName\":\"事件审核\",\"assigners\":\"e6g7bee4-2cdb-4458-a926-7d85ffdeed7b\",\"id\":\"f03e8ec6-def6-4b70-9a2d-a331384b950a\",\"successfulRedirect\":\"4\",\"activityType\":\"AuditActivity\",\"properties\":\"{\\\"maxLevel\\\":3,\\\"level\\\":2}\"}},\"currentTaskCompleted\":false,\"definitionId\":\"6efde8c4-4e86-4031-969a-ac32d719715e\",\"itemId\":\"ac7f1a41464f448489d32ed4ad39d8b5\",\"properties\":{\"currentActivityName\":\"AuditActivity\"},\"taskId\":\"3babd6c3-3b8c-48be-b2cb-fadc6addc985\",\"taskRunning\":true,\"taskSerialId\":\"b04645f6-8499-4d86-90b2-075c2100ae77\",\"workflowDefinition\":{\"enable\":1,\"eventType\":\"0892e7b5-76f4-11e9-8482-00505684f8da\",\"id\":\"6efde8c4-4e86-4031-969a-ac32d719715e\",\"name\":\"流程事件测试3\",\"reviewLevelCount\":3,\"workflowDefinitionActivities\":[{\"activityName\":\"事件整改\",\"activityNum\":7,\"activityType\":\"ReformActivity\",\"enable\":1,\"id\":\"14ca7f9e-f5f1-47ea-86a8-da7551bfa932\",\"properties\":\"{\\\"maxLevel\\\":3,\\\"level\\\":3}\",\"successfulRedirect\":\"8\",\"workflowDefinitionId\":\"6efde8c4-4e86-4031-969a-ac32d719715e\"},{\"activityName\":\"整改审核\",\"activityNum\":8,\"activityType\":\"ReformAuditActivity\",\"enable\":1,\"failedRedirect\":\"7\",\"id\":\"2ddfb468-5393-4d72-a609-4bf19037b736\",\"properties\":\"{\\\"maxLevel\\\":3,\\\"level\\\":3}\",\"successfulRedirect\":\"9\",\"workflowDefinitionId\":\"6efde8c4-4e86-4031-969a-ac32d719715e\"},{\"activityName\":\"流程开始\",\"activityNum\":0,\"activityType\":\"StartActivity\",\"enable\":1,\"id\":\"4783733d-b682-4e8c-9b8e-458877940d43\",\"properties\":\"{\\\"maxLevel\\\":3}\",\"successfulRedirect\":\"2\",\"workflowDefinitionId\":\"6efde8c4-4e86-4031-969a-ac32d719715e\"},{\"activityName\":\"事件结案\",\"activityNum\":5,\"activityType\":\"CloseActivity\",\"assigners\":\"e6g7b1e4-ecdb-4458-a926-7d85ffdeed7b\",\"enable\":1,\"failedRedirect\":\"4\",\"id\":\"68c48e54-4c1e-47ee-8e3a-567ecfc82a7d\",\"properties\":\"{\\\"maxLevel\\\":3,\\\"level\\\":3}\",\"successfulRedirect\":\"6\",\"workflowDefinitionId\":\"6efde8c4-4e86-4031-969a-ac32d719715e\"},{\"activityName\":\"事件审核\",\"activityNum\":2,\"activityType\":\"AuditActivity\",\"assigners\":\"e6g7bee4-1cdb-4458-a926-7d85ffdeed7b\",\"enable\":1,\"failedRedirect\":\"1\",\"id\":\"84fb3f7e-e4e0-499b-85d8-8ae363906e63\",\"properties\":\"{\\\"maxLevel\\\":3,\\\"level\\\":1}\",\"successfulRedirect\":\"3\",\"workflowDefinitionId\":\"6efde8c4-4e86-4031-969a-ac32d719715e\"},{\"activityName\":\"流程结束\",\"activityNum\":9,\"activityType\":\"EndActivity\",\"enable\":1,\"id\":\"a1bc48f4-488d-4242-9a74-7751914935fe\",\"properties\":\"{\\\"maxLevel\\\":3,\\\"level\\\":3}\",\"workflowDefinitionId\":\"6efde8c4-4e86-4031-969a-ac32d719715e\"},{\"activityName\":\"事件追踪\",\"activityNum\":6,\"activityType\":\"TraceActivity\",\"assigners\":\"e6g71ee4-ecdb-4458-a926-7d85ffdeed7b\",\"enable\":1,\"id\":\"ab08bb75-64f6-4de4-bae1-d870623cce93\",\"properties\":\"{\\\"maxLevel\\\":3,\\\"level\\\":3}\",\"successfulRedirect\":\"7\",\"workflowDefinitionId\":\"6efde8c4-4e86-4031-969a-ac32d719715e\"},{\"activityName\":\"事件上报\",\"activityNum\":1,\"activityType\":\"ReportActivity\",\"enable\":1,\"id\":\"ab1bea85-7c61-4745-80c3-63f0b3b079b8\",\"properties\":\"{\\\"maxLevel\\\":3}\",\"successfulRedirect\":\"2\",\"workflowDefinitionId\":\"6efde8c4-4e86-4031-969a-ac32d719715e\"},{\"activityName\":\"事件审核\",\"activityNum\":4,\"activityType\":\"AuditActivity\",\"assigners\":\"e6g7bee4-3cdb-4458-a926-7d85ffdeed7b\",\"enable\":1,\"failedRedirect\":\"3\",\"id\":\"c1d5cb61-5662-46b8-912f-1af828028ec0\",\"properties\":\"{\\\"maxLevel\\\":3,\\\"level\\\":3}\",\"successfulRedirect\":\"5\",\"workflowDefinitionId\":\"6efde8c4-4e86-4031-969a-ac32d719715e\"},{\"activityName\":\"事件审核\",\"activityNum\":3,\"activityType\":\"AuditActivity\",\"assigners\":\"e6g7bee4-2cdb-4458-a926-7d85ffdeed7b\",\"enable\":1,\"failedRedirect\":\"2\",\"id\":\"f03e8ec6-def6-4b70-9a2d-a331384b950a\",\"properties\":\"{\\\"maxLevel\\\":3,\\\"level\\\":2}\",\"successfulRedirect\":\"4\",\"workflowDefinitionId\":\"6efde8c4-4e86-4031-969a-ac32d719715e\"}]}}', '2019-05-24 14:31:05', '2019-05-24 14:31:46');
INSERT INTO `workflow_instance_storage` VALUES ('cd5c99e6069d468a9fe143217fa41025', '{\"completed\":false,\"currentActivity\":{\"name\":\"CloseActivity\",\"properties\":{\"failedRedirect\":\"2\",\"workflowDefinitionId\":\"626d0e16-270b-486a-99e6-bf4bf3908d5d\",\"activityNum\":3,\"enable\":1,\"activityName\":\"事件结案\",\"assigners\":\"e6g7b1e4-ecdb-4458-a926-7d85ffdeed7b\",\"id\":\"cec2c167-3666-4a91-8f87-ad0e85b8f44a\",\"successfulRedirect\":\"4\",\"activityType\":\"CloseActivity\",\"properties\":\"{\\\"maxLevel\\\":1,\\\"level\\\":1}\"}},\"currentTaskCompleted\":false,\"definitionId\":\"626d0e16-270b-486a-99e6-bf4bf3908d5d\",\"itemId\":\"cd5c99e6069d468a9fe143217fa41025\",\"properties\":{\"currentActivityName\":\"CloseActivity\"},\"taskId\":\"53de886f-c5a7-4458-ab62-fa224b026497\",\"taskRunning\":true,\"taskSerialId\":\"1e4ea6d8-77a7-4459-abd6-20a58a5e9d89\",\"workflowDefinition\":{\"enable\":1,\"eventType\":\"4bc9ad82-76f2-11e9-8482-00505684f8da\",\"id\":\"626d0e16-270b-486a-99e6-bf4bf3908d5d\",\"name\":\"Q一级事件流程（新）\",\"reviewLevelCount\":1,\"workflowDefinitionActivities\":[{\"activityName\":\"事件整改\",\"activityNum\":5,\"activityType\":\"ReformActivity\",\"enable\":1,\"id\":\"320470d3-ff01-4a45-b725-e34e36b2a6b5\",\"properties\":\"{\\\"maxLevel\\\":1,\\\"level\\\":1}\",\"successfulRedirect\":\"6\",\"workflowDefinitionId\":\"626d0e16-270b-486a-99e6-bf4bf3908d5d\"},{\"activityName\":\"事件追踪\",\"activityNum\":4,\"activityType\":\"TraceActivity\",\"assigners\":\"e6g71ee4-ecdb-4458-a926-7d85ffdeed7b\",\"enable\":1,\"id\":\"453a9a91-cc18-44e0-824e-4a4eb4392e46\",\"properties\":\"{\\\"maxLevel\\\":1,\\\"level\\\":1}\",\"successfulRedirect\":\"5\",\"workflowDefinitionId\":\"626d0e16-270b-486a-99e6-bf4bf3908d5d\"},{\"activityName\":\"整改审核\",\"activityNum\":6,\"activityType\":\"ReformAuditActivity\",\"enable\":1,\"failedRedirect\":\"5\",\"id\":\"52c572e2-b543-4545-ae6f-0eab56bee398\",\"properties\":\"{\\\"maxLevel\\\":1,\\\"level\\\":1}\",\"successfulRedirect\":\"7\",\"workflowDefinitionId\":\"626d0e16-270b-486a-99e6-bf4bf3908d5d\"},{\"activityName\":\"流程结束\",\"activityNum\":7,\"activityType\":\"EndActivity\",\"enable\":1,\"id\":\"743630a8-1cbb-4142-8afd-9bdbdbd2277b\",\"properties\":\"{\\\"maxLevel\\\":1,\\\"level\\\":1}\",\"workflowDefinitionId\":\"626d0e16-270b-486a-99e6-bf4bf3908d5d\"},{\"activityName\":\"事件审核\",\"activityNum\":2,\"activityType\":\"AuditActivity\",\"assigners\":\"e6g7bee4-1cdb-4458-a926-7d85ffdeed7b\",\"enable\":1,\"failedRedirect\":\"1\",\"id\":\"c19512c9-d706-4d52-aab3-41414f03b15f\",\"properties\":\"{\\\"maxLevel\\\":1,\\\"level\\\":1}\",\"successfulRedirect\":\"3\",\"workflowDefinitionId\":\"626d0e16-270b-486a-99e6-bf4bf3908d5d\"},{\"activityName\":\"事件结案\",\"activityNum\":3,\"activityType\":\"CloseActivity\",\"assigners\":\"e6g7b1e4-ecdb-4458-a926-7d85ffdeed7b\",\"enable\":1,\"failedRedirect\":\"2\",\"id\":\"cec2c167-3666-4a91-8f87-ad0e85b8f44a\",\"properties\":\"{\\\"maxLevel\\\":1,\\\"level\\\":1}\",\"successfulRedirect\":\"4\",\"workflowDefinitionId\":\"626d0e16-270b-486a-99e6-bf4bf3908d5d\"},{\"activityName\":\"事件上报\",\"activityNum\":1,\"activityType\":\"ReportActivity\",\"enable\":1,\"id\":\"d71be7ee-6847-4c01-82c2-a39388cfbbfa\",\"properties\":\"{\\\"maxLevel\\\":1}\",\"successfulRedirect\":\"2\",\"workflowDefinitionId\":\"626d0e16-270b-486a-99e6-bf4bf3908d5d\"},{\"activityName\":\"流程开始\",\"activityNum\":0,\"activityType\":\"StartActivity\",\"enable\":1,\"id\":\"ddb211be-35af-4b67-bce4-37d413751846\",\"properties\":\"{\\\"maxLevel\\\":1}\",\"successfulRedirect\":\"2\",\"workflowDefinitionId\":\"626d0e16-270b-486a-99e6-bf4bf3908d5d\"}]}}', '2019-05-24 16:40:11', '2019-05-24 16:40:39');
INSERT INTO `workflow_instance_storage` VALUES ('d0a05390748a4e9f86dcb415bddd71ac', '{\"completed\":false,\"currentActivity\":{\"name\":\"AuditActivity\",\"properties\":{\"failedRedirect\":\"1\",\"workflowDefinitionId\":\"6efde8c4-4e86-4031-969a-ac32d719715e\",\"activityNum\":2,\"enable\":1,\"activityName\":\"事件审核\",\"assigners\":\"e6g7bee4-3cdb-4458-a926-7d85ffdeed7b#e6g7bee4-4cdb-4458-a926-7d85ffdeed7b#e6g7bee4-5cdb-4458-a926-7d85ffdeed7b\",\"id\":\"2345e7c3-f395-49d1-9576-cef70ffddeca\",\"successfulRedirect\":\"3\",\"activityType\":\"AuditActivity\",\"properties\":\"{\\\"maxLevel\\\":3,\\\"level\\\":1}\"}},\"currentTaskCompleted\":false,\"definitionId\":\"6efde8c4-4e86-4031-969a-ac32d719715e\",\"itemId\":\"d0a05390748a4e9f86dcb415bddd71ac\",\"properties\":{\"currentActivityName\":\"AuditActivity\"},\"taskRunning\":true,\"taskSerialId\":\"6c130e1f-96fd-4cfe-aa3c-e042054628cf\",\"workflowDefinition\":{\"enable\":1,\"eventType\":\"0892e7b5-76f4-11e9-8482-00505684f8da\",\"id\":\"6efde8c4-4e86-4031-969a-ac32d719715e\",\"name\":\"流程事件测试3\",\"reviewLevelCount\":3,\"workflowDefinitionActivities\":[{\"activityName\":\"事件审核\",\"activityNum\":2,\"activityType\":\"AuditActivity\",\"assigners\":\"e6g7bee4-3cdb-4458-a926-7d85ffdeed7b#e6g7bee4-4cdb-4458-a926-7d85ffdeed7b#e6g7bee4-5cdb-4458-a926-7d85ffdeed7b\",\"enable\":1,\"failedRedirect\":\"1\",\"id\":\"2345e7c3-f395-49d1-9576-cef70ffddeca\",\"properties\":\"{\\\"maxLevel\\\":3,\\\"level\\\":1}\",\"successfulRedirect\":\"3\",\"workflowDefinitionId\":\"6efde8c4-4e86-4031-969a-ac32d719715e\"},{\"activityName\":\"事件审核\",\"activityNum\":4,\"activityType\":\"AuditActivity\",\"assigners\":\"e6g7bee4-3cdb-4458-a926-7d85ffdeed7b\",\"enable\":1,\"failedRedirect\":\"3\",\"id\":\"4535f19a-1c4a-42d3-81b3-5d5c765beab5\",\"properties\":\"{\\\"maxLevel\\\":3,\\\"level\\\":3}\",\"successfulRedirect\":\"5\",\"workflowDefinitionId\":\"6efde8c4-4e86-4031-969a-ac32d719715e\"},{\"activityName\":\"事件审核\",\"activityNum\":3,\"activityType\":\"AuditActivity\",\"assigners\":\"e6g7bee4-3cdb-4458-a926-7d85ffdeed7b\",\"enable\":1,\"failedRedirect\":\"2\",\"id\":\"7e86c0ba-0571-415e-8974-62248126ef34\",\"properties\":\"{\\\"maxLevel\\\":3,\\\"level\\\":2}\",\"successfulRedirect\":\"4\",\"workflowDefinitionId\":\"6efde8c4-4e86-4031-969a-ac32d719715e\"},{\"activityName\":\"事件整改\",\"activityNum\":7,\"activityType\":\"ReformActivity\",\"enable\":1,\"id\":\"88bcf0d2-c4ae-42b7-aef6-5cd80d76233e\",\"properties\":\"{\\\"maxLevel\\\":3,\\\"level\\\":3}\",\"successfulRedirect\":\"8\",\"workflowDefinitionId\":\"6efde8c4-4e86-4031-969a-ac32d719715e\"},{\"activityName\":\"事件追踪\",\"activityNum\":6,\"activityType\":\"TraceActivity\",\"assigners\":\"e6g71ee4-ecdb-4458-a926-7d85ffdeed7b\",\"enable\":1,\"id\":\"97071816-b319-4215-b1d2-da4c9d5873e6\",\"properties\":\"{\\\"maxLevel\\\":3,\\\"level\\\":3}\",\"successfulRedirect\":\"7\",\"workflowDefinitionId\":\"6efde8c4-4e86-4031-969a-ac32d719715e\"},{\"activityName\":\"流程开始\",\"activityNum\":0,\"activityType\":\"StartActivity\",\"enable\":1,\"id\":\"9c15ed04-b301-4425-a889-7ed65e6e76ec\",\"properties\":\"{\\\"maxLevel\\\":3}\",\"successfulRedirect\":\"2\",\"workflowDefinitionId\":\"6efde8c4-4e86-4031-969a-ac32d719715e\"},{\"activityName\":\"整改审核\",\"activityNum\":8,\"activityType\":\"ReformAuditActivity\",\"enable\":1,\"failedRedirect\":\"7\",\"id\":\"ae786fba-705e-4793-b778-6aab1bce6cf4\",\"properties\":\"{\\\"maxLevel\\\":3,\\\"level\\\":3}\",\"successfulRedirect\":\"9\",\"workflowDefinitionId\":\"6efde8c4-4e86-4031-969a-ac32d719715e\"},{\"activityName\":\"事件上报\",\"activityNum\":1,\"activityType\":\"ReportActivity\",\"enable\":1,\"id\":\"b9509547-7a44-4ad3-9a97-30a4cfa970c7\",\"properties\":\"{\\\"maxLevel\\\":3}\",\"successfulRedirect\":\"2\",\"workflowDefinitionId\":\"6efde8c4-4e86-4031-969a-ac32d719715e\"},{\"activityName\":\"事件结案\",\"activityNum\":5,\"activityType\":\"CloseActivity\",\"assigners\":\"e6g7b1e4-ecdb-4458-a926-7d85ffdeed7b\",\"enable\":1,\"failedRedirect\":\"4\",\"id\":\"f031b057-12db-47a3-8105-f58d8f4f4701\",\"properties\":\"{\\\"maxLevel\\\":3,\\\"level\\\":3}\",\"successfulRedirect\":\"6\",\"workflowDefinitionId\":\"6efde8c4-4e86-4031-969a-ac32d719715e\"},{\"activityName\":\"流程结束\",\"activityNum\":9,\"activityType\":\"EndActivity\",\"enable\":1,\"id\":\"f5359d90-7737-46fa-963a-321319c0c06c\",\"properties\":\"{\\\"maxLevel\\\":3,\\\"level\\\":3}\",\"workflowDefinitionId\":\"6efde8c4-4e86-4031-969a-ac32d719715e\"}]}}', '2019-05-24 10:31:23', '2019-05-24 10:31:23');
INSERT INTO `workflow_instance_storage` VALUES ('e0b581bf036b4cb795a0efaae7f244fe', '{\"completed\":true,\"currentActivity\":{\"name\":\"EndActivity\",\"properties\":{\"workflowDefinitionId\":\"c4c9a01d-c59e-400b-9d42-03bbeb5ad8c3\",\"activityNum\":8,\"enable\":1,\"activityName\":\"流程结束\",\"id\":\"d84fbc0b-925d-45fe-a037-485ff21afa64\",\"activityType\":\"EndActivity\",\"properties\":\"{\\\"maxLevel\\\":2,\\\"level\\\":2}\"}},\"currentTaskCompleted\":true,\"definitionId\":\"c4c9a01d-c59e-400b-9d42-03bbeb5ad8c3\",\"itemId\":\"e0b581bf036b4cb795a0efaae7f244fe\",\"properties\":{\"currentActivityName\":\"EndActivity\"},\"taskId\":\"daeca88d-d9b9-4e1d-a9fa-88e8d194b280\",\"taskRunning\":false,\"taskSerialId\":\"54305421-02c8-4925-80a9-65b0ec7d796f\",\"workflowDefinition\":{\"enable\":1,\"eventType\":\"4bcfd70c-76f2-11e9-8482-00505684f8da\",\"id\":\"c4c9a01d-c59e-400b-9d42-03bbeb5ad8c3\",\"name\":\"Q二级事件流程（新）\",\"reviewLevelCount\":2,\"workflowDefinitionActivities\":[{\"activityName\":\"整改审核\",\"activityNum\":7,\"activityType\":\"ReformAuditActivity\",\"enable\":1,\"failedRedirect\":\"6\",\"id\":\"0b60e611-2586-4043-b49b-e9a5979d4f30\",\"properties\":\"{\\\"maxLevel\\\":2,\\\"level\\\":2}\",\"successfulRedirect\":\"8\",\"workflowDefinitionId\":\"c4c9a01d-c59e-400b-9d42-03bbeb5ad8c3\"},{\"activityName\":\"事件整改\",\"activityNum\":6,\"activityType\":\"ReformActivity\",\"enable\":1,\"id\":\"509f16de-d65d-4bbd-a459-c033b327dc1a\",\"properties\":\"{\\\"maxLevel\\\":2,\\\"level\\\":2}\",\"successfulRedirect\":\"7\",\"workflowDefinitionId\":\"c4c9a01d-c59e-400b-9d42-03bbeb5ad8c3\"},{\"activityName\":\"事件追踪\",\"activityNum\":5,\"activityType\":\"TraceActivity\",\"assigners\":\"e6g71ee4-ecdb-4458-a926-7d85ffdeed7b\",\"enable\":1,\"id\":\"571efa49-442a-4185-8dff-d9bd4fb054d3\",\"properties\":\"{\\\"maxLevel\\\":2,\\\"level\\\":2}\",\"successfulRedirect\":\"6\",\"workflowDefinitionId\":\"c4c9a01d-c59e-400b-9d42-03bbeb5ad8c3\"},{\"activityName\":\"流程开始\",\"activityNum\":0,\"activityType\":\"StartActivity\",\"enable\":1,\"id\":\"a99250cd-7b9d-4fc9-9098-8b92956e94bb\",\"properties\":\"{\\\"maxLevel\\\":2}\",\"successfulRedirect\":\"2\",\"workflowDefinitionId\":\"c4c9a01d-c59e-400b-9d42-03bbeb5ad8c3\"},{\"activityName\":\"事件审核\",\"activityNum\":3,\"activityType\":\"AuditActivity\",\"assigners\":\"e6g7bee4-2cdb-4458-a926-7d85ffdeed7b\",\"enable\":1,\"failedRedirect\":\"2\",\"id\":\"d2845e9b-b0e2-41f9-86b9-6b7bac31c25a\",\"properties\":\"{\\\"maxLevel\\\":2,\\\"level\\\":2}\",\"successfulRedirect\":\"4\",\"workflowDefinitionId\":\"c4c9a01d-c59e-400b-9d42-03bbeb5ad8c3\"},{\"activityName\":\"事件上报\",\"activityNum\":1,\"activityType\":\"ReportActivity\",\"enable\":1,\"id\":\"d4a3ac09-ef85-4938-9705-5bba9b35c7db\",\"properties\":\"{\\\"maxLevel\\\":2}\",\"successfulRedirect\":\"2\",\"workflowDefinitionId\":\"c4c9a01d-c59e-400b-9d42-03bbeb5ad8c3\"},{\"activityName\":\"流程结束\",\"activityNum\":8,\"activityType\":\"EndActivity\",\"enable\":1,\"id\":\"d84fbc0b-925d-45fe-a037-485ff21afa64\",\"properties\":\"{\\\"maxLevel\\\":2,\\\"level\\\":2}\",\"workflowDefinitionId\":\"c4c9a01d-c59e-400b-9d42-03bbeb5ad8c3\"},{\"activityName\":\"事件结案\",\"activityNum\":4,\"activityType\":\"CloseActivity\",\"assigners\":\"e6g7b1e4-ecdb-4458-a926-7d85ffdeed7b\",\"enable\":1,\"failedRedirect\":\"3\",\"id\":\"e7865aca-ffb4-4dc7-a2cd-e9900a8fdf72\",\"properties\":\"{\\\"maxLevel\\\":2,\\\"level\\\":2}\",\"successfulRedirect\":\"5\",\"workflowDefinitionId\":\"c4c9a01d-c59e-400b-9d42-03bbeb5ad8c3\"},{\"activityName\":\"事件审核\",\"activityNum\":2,\"activityType\":\"AuditActivity\",\"assigners\":\"e6g7bee4-1cdb-4458-a926-7d85ffdeed7b\",\"enable\":1,\"failedRedirect\":\"1\",\"id\":\"eddcf8fb-b4e3-4eac-884c-33d8b063afb2\",\"properties\":\"{\\\"maxLevel\\\":2,\\\"level\\\":1}\",\"successfulRedirect\":\"3\",\"workflowDefinitionId\":\"c4c9a01d-c59e-400b-9d42-03bbeb5ad8c3\"}]}}', '2019-05-24 16:25:06', '2019-05-24 16:26:02');
INSERT INTO `workflow_instance_storage` VALUES ('e2394363e48549fbb3ec9c317adb17f3', '{\"completed\":true,\"currentActivity\":{\"name\":\"EndActivity\",\"properties\":{\"workflowDefinitionId\":\"626d0e16-270b-486a-99e6-bf4bf3908d5d\",\"activityNum\":7,\"enable\":1,\"activityName\":\"流程结束\",\"id\":\"743630a8-1cbb-4142-8afd-9bdbdbd2277b\",\"activityType\":\"EndActivity\",\"properties\":\"{\\\"maxLevel\\\":1,\\\"level\\\":1}\"}},\"currentTaskCompleted\":true,\"definitionId\":\"626d0e16-270b-486a-99e6-bf4bf3908d5d\",\"itemId\":\"e2394363e48549fbb3ec9c317adb17f3\",\"properties\":{\"currentActivityName\":\"EndActivity\"},\"taskId\":\"a83f43b3-751a-46b4-a6ac-3243027acd9c\",\"taskRunning\":false,\"taskSerialId\":\"6b953064-b88d-437c-b2f0-8d5ded05fe3d\",\"workflowDefinition\":{\"enable\":1,\"eventType\":\"4bc9ad82-76f2-11e9-8482-00505684f8da\",\"id\":\"626d0e16-270b-486a-99e6-bf4bf3908d5d\",\"name\":\"Q一级事件流程（新）\",\"reviewLevelCount\":1,\"workflowDefinitionActivities\":[{\"activityName\":\"事件整改\",\"activityNum\":5,\"activityType\":\"ReformActivity\",\"enable\":1,\"id\":\"320470d3-ff01-4a45-b725-e34e36b2a6b5\",\"properties\":\"{\\\"maxLevel\\\":1,\\\"level\\\":1}\",\"successfulRedirect\":\"6\",\"workflowDefinitionId\":\"626d0e16-270b-486a-99e6-bf4bf3908d5d\"},{\"activityName\":\"事件追踪\",\"activityNum\":4,\"activityType\":\"TraceActivity\",\"assigners\":\"e6g71ee4-ecdb-4458-a926-7d85ffdeed7b\",\"enable\":1,\"id\":\"453a9a91-cc18-44e0-824e-4a4eb4392e46\",\"properties\":\"{\\\"maxLevel\\\":1,\\\"level\\\":1}\",\"successfulRedirect\":\"5\",\"workflowDefinitionId\":\"626d0e16-270b-486a-99e6-bf4bf3908d5d\"},{\"activityName\":\"整改审核\",\"activityNum\":6,\"activityType\":\"ReformAuditActivity\",\"enable\":1,\"failedRedirect\":\"5\",\"id\":\"52c572e2-b543-4545-ae6f-0eab56bee398\",\"properties\":\"{\\\"maxLevel\\\":1,\\\"level\\\":1}\",\"successfulRedirect\":\"7\",\"workflowDefinitionId\":\"626d0e16-270b-486a-99e6-bf4bf3908d5d\"},{\"activityName\":\"流程结束\",\"activityNum\":7,\"activityType\":\"EndActivity\",\"enable\":1,\"id\":\"743630a8-1cbb-4142-8afd-9bdbdbd2277b\",\"properties\":\"{\\\"maxLevel\\\":1,\\\"level\\\":1}\",\"workflowDefinitionId\":\"626d0e16-270b-486a-99e6-bf4bf3908d5d\"},{\"activityName\":\"事件审核\",\"activityNum\":2,\"activityType\":\"AuditActivity\",\"assigners\":\"e6g7bee4-1cdb-4458-a926-7d85ffdeed7b\",\"enable\":1,\"failedRedirect\":\"1\",\"id\":\"c19512c9-d706-4d52-aab3-41414f03b15f\",\"properties\":\"{\\\"maxLevel\\\":1,\\\"level\\\":1}\",\"successfulRedirect\":\"3\",\"workflowDefinitionId\":\"626d0e16-270b-486a-99e6-bf4bf3908d5d\"},{\"activityName\":\"事件结案\",\"activityNum\":3,\"activityType\":\"CloseActivity\",\"assigners\":\"e6g7b1e4-ecdb-4458-a926-7d85ffdeed7b\",\"enable\":1,\"failedRedirect\":\"2\",\"id\":\"cec2c167-3666-4a91-8f87-ad0e85b8f44a\",\"properties\":\"{\\\"maxLevel\\\":1,\\\"level\\\":1}\",\"successfulRedirect\":\"4\",\"workflowDefinitionId\":\"626d0e16-270b-486a-99e6-bf4bf3908d5d\"},{\"activityName\":\"事件上报\",\"activityNum\":1,\"activityType\":\"ReportActivity\",\"enable\":1,\"id\":\"d71be7ee-6847-4c01-82c2-a39388cfbbfa\",\"properties\":\"{\\\"maxLevel\\\":1}\",\"successfulRedirect\":\"2\",\"workflowDefinitionId\":\"626d0e16-270b-486a-99e6-bf4bf3908d5d\"},{\"activityName\":\"流程开始\",\"activityNum\":0,\"activityType\":\"StartActivity\",\"enable\":1,\"id\":\"ddb211be-35af-4b67-bce4-37d413751846\",\"properties\":\"{\\\"maxLevel\\\":1}\",\"successfulRedirect\":\"2\",\"workflowDefinitionId\":\"626d0e16-270b-486a-99e6-bf4bf3908d5d\"}]}}', '2019-05-24 16:22:51', '2019-05-24 16:23:20');
INSERT INTO `workflow_instance_storage` VALUES ('e8ecb827917c4312a87b61d1d474e65b', '{\"completed\":true,\"currentActivity\":{\"name\":\"EndActivity\",\"properties\":{\"workflowDefinitionId\":\"626d0e16-270b-486a-99e6-bf4bf3908d5d\",\"activityNum\":7,\"enable\":1,\"activityName\":\"流程结束\",\"id\":\"743630a8-1cbb-4142-8afd-9bdbdbd2277b\",\"activityType\":\"EndActivity\",\"properties\":\"{\\\"maxLevel\\\":1,\\\"level\\\":1}\"}},\"currentTaskCompleted\":true,\"definitionId\":\"626d0e16-270b-486a-99e6-bf4bf3908d5d\",\"itemId\":\"e8ecb827917c4312a87b61d1d474e65b\",\"properties\":{\"currentActivityName\":\"EndActivity\"},\"taskId\":\"6361b43f-4991-4295-8220-940b5e24f697\",\"taskRunning\":false,\"taskSerialId\":\"5fe8aa62-8af4-4893-ad8c-5c76dad575ed\",\"workflowDefinition\":{\"enable\":1,\"eventType\":\"4bc9ad82-76f2-11e9-8482-00505684f8da\",\"id\":\"626d0e16-270b-486a-99e6-bf4bf3908d5d\",\"name\":\"Q一级事件流程（新）\",\"reviewLevelCount\":1,\"workflowDefinitionActivities\":[{\"activityName\":\"事件整改\",\"activityNum\":5,\"activityType\":\"ReformActivity\",\"enable\":1,\"id\":\"320470d3-ff01-4a45-b725-e34e36b2a6b5\",\"properties\":\"{\\\"maxLevel\\\":1,\\\"level\\\":1}\",\"successfulRedirect\":\"6\",\"workflowDefinitionId\":\"626d0e16-270b-486a-99e6-bf4bf3908d5d\"},{\"activityName\":\"事件追踪\",\"activityNum\":4,\"activityType\":\"TraceActivity\",\"assigners\":\"e6g71ee4-ecdb-4458-a926-7d85ffdeed7b\",\"enable\":1,\"id\":\"453a9a91-cc18-44e0-824e-4a4eb4392e46\",\"properties\":\"{\\\"maxLevel\\\":1,\\\"level\\\":1}\",\"successfulRedirect\":\"5\",\"workflowDefinitionId\":\"626d0e16-270b-486a-99e6-bf4bf3908d5d\"},{\"activityName\":\"整改审核\",\"activityNum\":6,\"activityType\":\"ReformAuditActivity\",\"enable\":1,\"failedRedirect\":\"5\",\"id\":\"52c572e2-b543-4545-ae6f-0eab56bee398\",\"properties\":\"{\\\"maxLevel\\\":1,\\\"level\\\":1}\",\"successfulRedirect\":\"7\",\"workflowDefinitionId\":\"626d0e16-270b-486a-99e6-bf4bf3908d5d\"},{\"activityName\":\"流程结束\",\"activityNum\":7,\"activityType\":\"EndActivity\",\"enable\":1,\"id\":\"743630a8-1cbb-4142-8afd-9bdbdbd2277b\",\"properties\":\"{\\\"maxLevel\\\":1,\\\"level\\\":1}\",\"workflowDefinitionId\":\"626d0e16-270b-486a-99e6-bf4bf3908d5d\"},{\"activityName\":\"事件审核\",\"activityNum\":2,\"activityType\":\"AuditActivity\",\"assigners\":\"e6g7bee4-1cdb-4458-a926-7d85ffdeed7b\",\"enable\":1,\"failedRedirect\":\"1\",\"id\":\"c19512c9-d706-4d52-aab3-41414f03b15f\",\"properties\":\"{\\\"maxLevel\\\":1,\\\"level\\\":1}\",\"successfulRedirect\":\"3\",\"workflowDefinitionId\":\"626d0e16-270b-486a-99e6-bf4bf3908d5d\"},{\"activityName\":\"事件结案\",\"activityNum\":3,\"activityType\":\"CloseActivity\",\"assigners\":\"e6g7b1e4-ecdb-4458-a926-7d85ffdeed7b\",\"enable\":1,\"failedRedirect\":\"2\",\"id\":\"cec2c167-3666-4a91-8f87-ad0e85b8f44a\",\"properties\":\"{\\\"maxLevel\\\":1,\\\"level\\\":1}\",\"successfulRedirect\":\"4\",\"workflowDefinitionId\":\"626d0e16-270b-486a-99e6-bf4bf3908d5d\"},{\"activityName\":\"事件上报\",\"activityNum\":1,\"activityType\":\"ReportActivity\",\"enable\":1,\"id\":\"d71be7ee-6847-4c01-82c2-a39388cfbbfa\",\"properties\":\"{\\\"maxLevel\\\":1}\",\"successfulRedirect\":\"2\",\"workflowDefinitionId\":\"626d0e16-270b-486a-99e6-bf4bf3908d5d\"},{\"activityName\":\"流程开始\",\"activityNum\":0,\"activityType\":\"StartActivity\",\"enable\":1,\"id\":\"ddb211be-35af-4b67-bce4-37d413751846\",\"properties\":\"{\\\"maxLevel\\\":1}\",\"successfulRedirect\":\"2\",\"workflowDefinitionId\":\"626d0e16-270b-486a-99e6-bf4bf3908d5d\"}]}}', '2019-05-24 16:01:53', '2019-05-24 16:04:46');
INSERT INTO `workflow_instance_storage` VALUES ('f2cc7f214ff74dbba0da5327895589a7', '{\"completed\":false,\"currentActivity\":{\"name\":\"AuditActivity\",\"properties\":{\"failedRedirect\":\"1\",\"workflowDefinitionId\":\"626d0e16-270b-486a-99e6-bf4bf3908d5d\",\"activityNum\":2,\"enable\":1,\"activityName\":\"事件审核\",\"assigners\":\"e6g7bee4-1cdb-4458-a926-7d85ffdeed7b\",\"id\":\"c19512c9-d706-4d52-aab3-41414f03b15f\",\"successfulRedirect\":\"3\",\"activityType\":\"AuditActivity\",\"properties\":\"{\\\"maxLevel\\\":1,\\\"level\\\":1}\"}},\"currentTaskCompleted\":false,\"definitionId\":\"626d0e16-270b-486a-99e6-bf4bf3908d5d\",\"itemId\":\"f2cc7f214ff74dbba0da5327895589a7\",\"properties\":{\"currentActivityName\":\"AuditActivity\"},\"taskRunning\":true,\"taskSerialId\":\"341474c1-7002-42ef-b988-d838a25468f9\",\"workflowDefinition\":{\"enable\":1,\"eventType\":\"4bc9ad82-76f2-11e9-8482-00505684f8da\",\"id\":\"626d0e16-270b-486a-99e6-bf4bf3908d5d\",\"name\":\"Q一级事件流程（新）\",\"reviewLevelCount\":1,\"workflowDefinitionActivities\":[{\"activityName\":\"事件整改\",\"activityNum\":5,\"activityType\":\"ReformActivity\",\"enable\":1,\"id\":\"320470d3-ff01-4a45-b725-e34e36b2a6b5\",\"properties\":\"{\\\"maxLevel\\\":1,\\\"level\\\":1}\",\"successfulRedirect\":\"6\",\"workflowDefinitionId\":\"626d0e16-270b-486a-99e6-bf4bf3908d5d\"},{\"activityName\":\"事件追踪\",\"activityNum\":4,\"activityType\":\"TraceActivity\",\"assigners\":\"e6g71ee4-ecdb-4458-a926-7d85ffdeed7b\",\"enable\":1,\"id\":\"453a9a91-cc18-44e0-824e-4a4eb4392e46\",\"properties\":\"{\\\"maxLevel\\\":1,\\\"level\\\":1}\",\"successfulRedirect\":\"5\",\"workflowDefinitionId\":\"626d0e16-270b-486a-99e6-bf4bf3908d5d\"},{\"activityName\":\"整改审核\",\"activityNum\":6,\"activityType\":\"ReformAuditActivity\",\"enable\":1,\"failedRedirect\":\"5\",\"id\":\"52c572e2-b543-4545-ae6f-0eab56bee398\",\"properties\":\"{\\\"maxLevel\\\":1,\\\"level\\\":1}\",\"successfulRedirect\":\"7\",\"workflowDefinitionId\":\"626d0e16-270b-486a-99e6-bf4bf3908d5d\"},{\"activityName\":\"流程结束\",\"activityNum\":7,\"activityType\":\"EndActivity\",\"enable\":1,\"id\":\"743630a8-1cbb-4142-8afd-9bdbdbd2277b\",\"properties\":\"{\\\"maxLevel\\\":1,\\\"level\\\":1}\",\"workflowDefinitionId\":\"626d0e16-270b-486a-99e6-bf4bf3908d5d\"},{\"activityName\":\"事件审核\",\"activityNum\":2,\"activityType\":\"AuditActivity\",\"assigners\":\"e6g7bee4-1cdb-4458-a926-7d85ffdeed7b\",\"enable\":1,\"failedRedirect\":\"1\",\"id\":\"c19512c9-d706-4d52-aab3-41414f03b15f\",\"properties\":\"{\\\"maxLevel\\\":1,\\\"level\\\":1}\",\"successfulRedirect\":\"3\",\"workflowDefinitionId\":\"626d0e16-270b-486a-99e6-bf4bf3908d5d\"},{\"activityName\":\"事件结案\",\"activityNum\":3,\"activityType\":\"CloseActivity\",\"assigners\":\"e6g7b1e4-ecdb-4458-a926-7d85ffdeed7b\",\"enable\":1,\"failedRedirect\":\"2\",\"id\":\"cec2c167-3666-4a91-8f87-ad0e85b8f44a\",\"properties\":\"{\\\"maxLevel\\\":1,\\\"level\\\":1}\",\"successfulRedirect\":\"4\",\"workflowDefinitionId\":\"626d0e16-270b-486a-99e6-bf4bf3908d5d\"},{\"activityName\":\"事件上报\",\"activityNum\":1,\"activityType\":\"ReportActivity\",\"enable\":1,\"id\":\"d71be7ee-6847-4c01-82c2-a39388cfbbfa\",\"properties\":\"{\\\"maxLevel\\\":1}\",\"successfulRedirect\":\"2\",\"workflowDefinitionId\":\"626d0e16-270b-486a-99e6-bf4bf3908d5d\"},{\"activityName\":\"流程开始\",\"activityNum\":0,\"activityType\":\"StartActivity\",\"enable\":1,\"id\":\"ddb211be-35af-4b67-bce4-37d413751846\",\"properties\":\"{\\\"maxLevel\\\":1}\",\"successfulRedirect\":\"2\",\"workflowDefinitionId\":\"626d0e16-270b-486a-99e6-bf4bf3908d5d\"}]}}', '2019-05-24 17:49:22', '2019-05-24 17:49:22');

-- ----------------------------
-- Table structure for workflow_task
-- ----------------------------
DROP TABLE IF EXISTS `workflow_task`;
CREATE TABLE `workflow_task` (
  `id` varchar(50) NOT NULL,
  `workflow_instance_id` varchar(50) DEFAULT NULL COMMENT '流程实例ID',
  `serial_id` varchar(50) DEFAULT NULL,
  `name` varchar(50) DEFAULT NULL COMMENT '任务名称',
  `assigner` varchar(50) DEFAULT NULL COMMENT '执行人',
  `completed` int(1) DEFAULT NULL COMMENT '是否完成',
  `enable` int(11) DEFAULT NULL COMMENT '是否激活',
  `detail` text COMMENT '审核内容，JSON格式',
  `type` int(11) DEFAULT NULL COMMENT '任务类型: Report = 1, Audit = 2,  Close = 4, Trace = 8,  Reform = 16,  Reform_Audit = 32',
  `result` int(11) DEFAULT NULL COMMENT '执行结果:  无状态=普通提交表单=NONE=0,  审核通过(PASS)=1, 退回(RETURNED)=2, 作废(CANCEL)=4',
  `level` int(11) DEFAULT NULL COMMENT '负责存储task的审核级别',
  `create_time` timestamp NULL DEFAULT CURRENT_TIMESTAMP COMMENT '创建时间',
  `update_time` timestamp NULL DEFAULT CURRENT_TIMESTAMP ON UPDATE CURRENT_TIMESTAMP COMMENT '更新时间',
  PRIMARY KEY (`id`)
) ENGINE=InnoDB DEFAULT CHARSET=utf8 ROW_FORMAT=DYNAMIC COMMENT='工作流程任务';

-- ----------------------------
-- Records of workflow_task
-- ----------------------------
INSERT INTO `workflow_task` VALUES ('01a19c50-8f20-4720-9b93-813fd3b47184', '662ac2d9c0ab4c4f9d06fb2e417775d9', '3e38bcc2-44ff-49db-a1fc-c28c7f3af36f', '事件审核task', 'e6g7bee4-2cdb-4458-a926-7d85ffdeed7b', '0', '1', null, '2', '0', '2', '2019-05-24 18:06:14', '2019-05-24 18:06:14');
INSERT INTO `workflow_task` VALUES ('047df143-a5c6-4891-a2f0-40ff6afd2eb3', '662ac2d9c0ab4c4f9d06fb2e417775d9', '37b45ea5-1bdc-43ce-869c-558c7f6104ff', '事件审核task', 'e6g7bee4-3cdb-4458-a926-7d85ffdeed7b', '1', '1', '{\"attachment\":\"[]\",\"comment\":\"退回\"}', '2', '2', '3', '2019-05-24 18:06:14', '2019-05-24 18:06:14');
INSERT INTO `workflow_task` VALUES ('09a7a4c9-a0c9-4be7-aee0-ac90e6890000', '77bb4aa387ca423e8705db2d211ce742', '54667c97-10b9-4daf-a821-6e33e373f42d', '事件审核task', 'e6g7bee4-2cdb-4458-a926-7d85ffdeed7b', '1', '1', '{\"attachment\":\"[]\",\"comment\":\"111\"}', '2', '1', '1', '2019-05-24 10:51:18', '2019-05-24 10:51:18');
INSERT INTO `workflow_task` VALUES ('0c2e0cd9-bcaf-4e91-af86-5d8e1eb32c05', '7d64c53f7a1a437c94bdb3f659a3f17c', '8fa288ec-1ccc-47ee-9924-fdeddbeeb6e4', '事件整改task', 'e6g7bee4-3cdb-4458-a926-7d85ffdeed7b', '0', '1', null, '16', '0', null, '2019-05-24 10:34:58', '2019-05-24 10:34:58');
INSERT INTO `workflow_task` VALUES ('0d334203-262d-4b22-aa87-830b20c664fd', '75af1a23d1ac42ef97d05ac6b72106ec', '55759521-c502-496d-bd5b-92b7bc590156', '事件整改task', 'e6g7bee4-2cdb-4458-a926-7d85ffdeed7b', '0', '1', null, '16', '0', null, '2019-05-24 20:07:32', '2019-05-24 20:07:32');
INSERT INTO `workflow_task` VALUES ('0f2cd68d-38b2-4795-b012-6be324bb198d', '16c5f66d20d54908871845ff69722cf7', 'f3961032-761a-4aa8-adc9-d37ddc442bd0', '事件上报task', '1', '1', '1', null, '1', '0', null, '2019-05-24 10:48:39', '2019-05-27 14:27:58');
INSERT INTO `workflow_task` VALUES ('12713247-fd38-4e81-ae53-6098e0fc6449', '1-1', 'ac649b9c-6f56-4e75-82d8-4557afa392b6', '事件审核task', 'e6g7bee4-1cdb-4458-a926-7d85ffdeed7b', '1', '1', null, '2', '1', '1', '2019-05-24 16:50:37', '2019-05-24 16:51:56');
INSERT INTO `workflow_task` VALUES ('12cea4c2-d00e-492b-ade3-a78c380f6eea', 'd0a05390748a4e9f86dcb415bddd71ac', '6c130e1f-96fd-4cfe-aa3c-e042054628cf', '事件审核task', 'e6g7bee4-3cdb-4458-a926-7d85ffdeed7b', '0', '1', null, '2', '0', '1', '2019-05-24 10:31:24', '2019-05-24 10:31:24');
INSERT INTO `workflow_task` VALUES ('149c214a-3007-482f-ae30-708e940a724f', 'e8ecb827917c4312a87b61d1d474e65b', '58a416f6-a582-484e-af50-70eb9cf59457', '事件整改task', 'e6g7bee4-3cdb-4458-a926-7d85ffdeed7b', '1', '1', '{\"attachment\":[\"\"],\"comment\":\"护士整改\"}', '16', '1', null, '2019-05-24 16:03:41', '2019-05-24 16:04:18');
INSERT INTO `workflow_task` VALUES ('1f7532f0-ef6e-4e6d-b31d-c0218f1f6223', '3faf3907882e4be6a05f59516e05d262', '16edf3a8-42b3-4a76-b1c1-0344c8376433', '事件结案task', 'e6g7b1e4-ecdb-4458-a926-7d85ffdeed7b', '0', '1', null, '4', '0', null, '2019-05-24 14:17:44', '2019-05-24 14:17:44');
INSERT INTO `workflow_task` VALUES ('218c969c-e0ac-4e01-b1d1-0846bec8ca9b', '02589708fcbf47509452e3115c580fa3', 'fbfe9f07-3297-4fdf-b7c2-00ef1ee9eb52', '事件初始化上报task', '1', '1', '1', null, '1', '0', null, '2019-05-24 16:48:06', '2019-05-24 16:48:06');
INSERT INTO `workflow_task` VALUES ('23016aa6-f2fc-467d-b037-c2a5a128c5fe', '1-1', '4081f8ef-9319-4f58-831e-6e4c986d115d', '事件审核task', 'e6g7bee4-2cdb-4458-a926-7d85ffdeed7b', '1', '1', null, '2', '2', '2', '2019-05-24 16:51:56', '2019-05-24 16:53:21');
INSERT INTO `workflow_task` VALUES ('24adf933-7c1b-4bca-a4a8-d754b61614c5', '7af783560f3547c1b075c1434612c416', 'f9a230df-e65a-4422-8637-b1b8a360f4d4', '事件初始化上报task', '1', '1', '1', null, '1', '0', null, '2019-05-27 15:21:46', '2019-05-27 15:21:46');
INSERT INTO `workflow_task` VALUES ('26691018-51a6-4fcc-b4ca-b564f2581958', 'f2cc7f214ff74dbba0da5327895589a7', '341474c1-7002-42ef-b988-d838a25468f9', '事件审核task', 'e6g7bee4-1cdb-4458-a926-7d85ffdeed7b', '0', '1', null, '2', '0', '1', '2019-05-24 17:49:23', '2019-05-24 17:49:23');
INSERT INTO `workflow_task` VALUES ('26d8de36-cec7-49a1-9767-abc53ff8c157', '16c5f66d20d54908871845ff69722cf7', 'd956c3ae-0ef4-4cb8-aab5-aaa70f99f020', '事件初始化上报task', '1', '1', '1', null, '1', '0', null, '2019-05-24 10:46:31', '2019-05-24 10:46:31');
INSERT INTO `workflow_task` VALUES ('2afc1375-8091-47e9-ad03-05d36de62630', '80f0aba63a1842d281748c3520f84cf4', 'c2eb662d-edaf-4ac3-bc4d-4c1b797441b8', '事件审核task', 'e6g7bee4-3cdb-4458-a926-7d85ffdeed7b', '0', '1', null, '2', '0', '1', '2019-05-24 10:48:36', '2019-05-24 10:48:36');
INSERT INTO `workflow_task` VALUES ('31e865ad-4102-445d-be9d-437803134f78', '68c6d6910aa445dfb679875c9fec1a17', 'eb8329d9-0a4b-4f8d-ab09-7197c2648c09', '事件审核task', 'e6g7bee4-1cdb-4458-a926-7d85ffdeed7b', '0', '1', null, '2', '0', '1', '2019-05-27 15:23:26', '2019-05-27 15:23:26');
INSERT INTO `workflow_task` VALUES ('32039e01-c0b2-45c8-811c-0c341f898dd1', '16c5f66d20d54908871845ff69722cf7', '143b4ab5-ce04-4653-9304-521ed6a21309', '事件审核task', 'e6g7bee4-1cdb-4458-a926-7d85ffdeed7b', '1', '1', '{\"attachment\":\"[]\",\"comment\":\"222\"}', '2', '2', '1', '2019-05-24 10:48:39', '2019-05-24 10:48:39');
INSERT INTO `workflow_task` VALUES ('35d62048-f721-4348-8aa0-bf94ba34f390', 'd0a05390748a4e9f86dcb415bddd71ac', '6c130e1f-96fd-4cfe-aa3c-e042054628cf', '事件审核task', 'e6g7bee4-4cdb-4458-a926-7d85ffdeed7b', '0', '1', null, '2', '0', '1', '2019-05-24 10:31:24', '2019-05-24 10:31:24');
INSERT INTO `workflow_task` VALUES ('3babd6c3-3b8c-48be-b2cb-fadc6addc985', 'ac7f1a41464f448489d32ed4ad39d8b5', 'e59dc81b-4072-4e9c-a434-322f5f8b3a6d', '事件审核task', 'e6g7bee4-1cdb-4458-a926-7d85ffdeed7b', '1', '1', '{\"attachment\":\"[]\",\"comment\":\"1级通过\"}', '2', '1', '1', '2019-05-24 14:31:46', '2019-05-24 14:31:47');
INSERT INTO `workflow_task` VALUES ('3d1f45ac-b7b3-419f-8b64-1afeeee3bb67', '4ee5ae981e5c4dfd8d121b37e25b0f2d', 'e6915b0c-e145-43ba-a5db-0bc3555d5279', '事件初始化上报task', '1', '1', '1', null, '1', '0', null, '2019-05-24 19:33:12', '2019-05-24 19:33:12');
INSERT INTO `workflow_task` VALUES ('4055db4b-ab01-486c-a34b-ffcb78ba3159', 'cd5c99e6069d468a9fe143217fa41025', 'fc1d8b51-5984-4f44-a896-137ca3b80a15', '事件初始化上报task', '1', '1', '1', null, '1', '0', null, '2019-05-24 16:40:11', '2019-05-24 16:40:11');
INSERT INTO `workflow_task` VALUES ('41183ef7-1af5-4b55-aabd-e62fc8fae0a6', '21ef127700794e15a619cc4c761c7689', 'a89fa2a8-276d-4382-9f2d-c3f9b076f031', '事件审核task', 'e6g7bee4-2cdb-4458-a926-7d85ffdeed7b', '1', '1', '{\"attachment\":\"[]\",\"comment\":\"不合格\"}', '2', '2', '2', '2019-05-24 16:11:06', '2019-05-24 16:11:06');
INSERT INTO `workflow_task` VALUES ('426630d5-d267-4dde-b3d9-734729462eba', '8448a85b3d214bcdafaefc2cc0ab1e1a', '81a3450d-00c7-4fde-b213-63053c0d29cf', '事件上报task', '1', '0', '1', null, '1', '0', null, '2019-05-24 16:07:08', '2019-05-24 16:07:08');
INSERT INTO `workflow_task` VALUES ('474c20e8-a44e-475b-af67-28935e67cd4d', '80f0aba63a1842d281748c3520f84cf4', 'c2eb662d-edaf-4ac3-bc4d-4c1b797441b8', '事件审核task', 'e6g7bee4-4cdb-4458-a926-7d85ffdeed7b', '0', '1', null, '2', '0', '1', '2019-05-24 10:48:36', '2019-05-24 10:48:36');
INSERT INTO `workflow_task` VALUES ('4b7cd909-667b-4d91-adb8-d36249daba3f', '7d64c53f7a1a437c94bdb3f659a3f17c', 'c1b57134-0e17-4658-ba2c-96eab74b9a9c', '事件初始化上报task', '1', '1', '1', null, '1', '0', null, '2019-05-24 10:19:03', '2019-05-24 10:19:03');
INSERT INTO `workflow_task` VALUES ('4d730595-4f2a-4dec-ac16-0d1dbb1cf81e', '75af1a23d1ac42ef97d05ac6b72106ec', '69a61c47-8853-4757-a694-bae9879b18e6', '事件审核task', 'e6g7bee4-1cdb-4458-a926-7d85ffdeed7b', '1', '1', '{\"attachment\":\"[]\",\"comment\":\"通过\"}', '2', '1', '1', '2019-05-24 18:01:32', '2019-05-24 18:01:32');
INSERT INTO `workflow_task` VALUES ('53de886f-c5a7-4458-ab62-fa224b026497', 'cd5c99e6069d468a9fe143217fa41025', 'e36a695e-b499-434a-8f91-634186a19ba9', '事件审核task', 'e6g7bee4-1cdb-4458-a926-7d85ffdeed7b', '1', '1', '{\"attachment\":\"[]\",\"comment\":\"通过\"}', '2', '1', '1', '2019-05-24 16:40:39', '2019-05-24 16:40:39');
INSERT INTO `workflow_task` VALUES ('53f08cb6-03f0-4ed2-ad3d-19ace6f4590f', '65508b37d99940288c18c78c3827c57e', 'a5a2101e-394f-4496-9898-cef934a04ca1', '事件初始化上报task', '1', '1', '1', null, '1', '0', null, '2019-05-24 15:56:17', '2019-05-24 15:56:17');
INSERT INTO `workflow_task` VALUES ('55f4a704-d5c7-4b38-b34f-20872b08bc5e', '1-1', '709f22d4-f579-4493-a0f7-a1575a643a6b', '事件初始化上报task', null, '1', '1', null, '1', '0', null, '2019-05-24 16:50:36', '2019-05-24 16:50:36');
INSERT INTO `workflow_task` VALUES ('5ab79ecf-d983-48b0-8988-31195c2f02b2', '3faf3907882e4be6a05f59516e05d262', '7d0c5158-59c9-45a6-b474-216102b69086', '事件审核task', 'e6g7bee4-2cdb-4458-a926-7d85ffdeed7b', '1', '1', '{\"attachment\":\"[]\",\"comment\":\"11111\"}', '2', '1', '2', '2019-05-24 14:17:20', '2019-05-24 14:17:20');
INSERT INTO `workflow_task` VALUES ('5ac5a502-a373-4c21-b99d-7b13dee758dd', '8709a133eaa749448bd78745adae4254', '2185c6fd-6d37-4ffa-ac2f-98a672aa035e', '事件整改审核task', 'e6g7bee4-4cdb-4458-a926-7d85ffdeed7b', '1', '1', '{\"attachment\":[{\"123\",\"324\"}],\"comment\":\"审核通过\"}', '32', '1', null, '2019-05-24 14:50:04', '2019-05-24 16:35:19');
INSERT INTO `workflow_task` VALUES ('5bfc9cd8-089c-4fe9-9350-791cded08857', '21ef127700794e15a619cc4c761c7689', '0e01cf90-c852-4259-858c-64cdf074b2b1', '事件审核task', 'e6g7bee4-1cdb-4458-a926-7d85ffdeed7b', '1', '1', '{\"attachment\":\"[]\",\"comment\":\"合格\"}', '2', '1', '1', '2019-05-24 16:10:41', '2019-05-24 16:10:41');
INSERT INTO `workflow_task` VALUES ('5d5b5744-1d42-4b3b-8c6b-42130dd4c09f', '8709a133eaa749448bd78745adae4254', '59e67823-a9e3-476d-ad64-684261c9c7af', '事件初始化上报task', '1', '1', '1', null, '1', '0', null, '2019-05-24 14:42:13', '2019-05-24 14:42:13');
INSERT INTO `workflow_task` VALUES ('5ffccc42-df59-4a76-9b41-33d998c470fa', '8709a133eaa749448bd78745adae4254', '744a43da-8479-4b62-ba76-dba3162192e8', '事件整改task', 'e6g7bee4-2cdb-4458-a926-7d85ffdeed7b', '1', '1', '{\"attachment\":[\"\"],\"comment\":\"医生整改结果\"}', '16', '1', null, '2019-05-24 14:49:01', '2019-05-24 14:50:04');
INSERT INTO `workflow_task` VALUES ('6361b43f-4991-4295-8220-940b5e24f697', 'e8ecb827917c4312a87b61d1d474e65b', '5fe8aa62-8af4-4893-ad8c-5c76dad575ed', '事件整改审核task', 'e6g7bee4-4cdb-4458-a926-7d85ffdeed7b', '1', '1', '{\"attachment\":[\"\"],\"comment\":\"通过\"}', '32', '1', null, '2019-05-24 16:04:19', '2019-05-24 16:04:46');
INSERT INTO `workflow_task` VALUES ('646cd434-30a4-424a-9d78-4dc7b1abb066', '672c1e2086874d9093fd103f779fe4ae', '39fc211a-aa2c-4ec2-8cd9-7fb1776de17f', '事件审核task', 'e6g7bee4-1cdb-4458-a926-7d85ffdeed7b', '1', '1', '{\"attachment\":\"[]\",\"comment\":\"111\"}', '2', '1', '1', '2019-05-24 11:12:45', '2019-05-24 11:12:46');
INSERT INTO `workflow_task` VALUES ('684a4b3b-5a29-4473-8cb3-7dda82075fa1', '8709a133eaa749448bd78745adae4254', '16199889-aaab-437f-ba25-f9376e74bf0e', '事件追踪task', 'e6g71ee4-ecdb-4458-a926-7d85ffdeed7b', '1', '1', '{\"comment\":\"\"}', '8', '1', null, '2019-05-24 14:47:34', '2019-05-24 14:49:01');
INSERT INTO `workflow_task` VALUES ('6b14c17f-8b45-401e-9b54-baad83cc7c2e', '358c5d1a674040a99249067ea6b66665', '593f55ef-4f60-47f5-9486-604bef9023c7', '事件审核task', 'e6g7bee4-2cdb-4458-a926-7d85ffdeed7b', '1', '1', '{\"attachment\":\"[]\",\"comment\":\"222\"}', '2', '1', '1', '2019-05-24 11:04:52', '2019-05-24 11:04:52');
INSERT INTO `workflow_task` VALUES ('6b99a314-0e48-4722-bad3-deb1fbc79fe5', '65508b37d99940288c18c78c3827c57e', 'd0a68783-ffd9-4621-95e0-6b4fa6054a70', '事件结案task', 'e6g7b1e4-ecdb-4458-a926-7d85ffdeed7b', '1', '1', '{\"attachment\":\"[]\",\"comment\":\"结案通过\"}', '4', '1', null, '2019-05-24 15:58:24', '2019-05-24 15:58:24');
INSERT INTO `workflow_task` VALUES ('6cb0b7ff-5ce6-4a01-82d1-3cbb2dc67ff1', '672c1e2086874d9093fd103f779fe4ae', '3a9550d4-3726-4f50-badb-4e9a7b99e015', '事件初始化上报task', '1', '1', '1', null, '1', '0', null, '2019-05-24 11:11:51', '2019-05-24 11:11:51');
INSERT INTO `workflow_task` VALUES ('6d19de18-1868-4260-8006-f52181ab833b', '65508b37d99940288c18c78c3827c57e', 'd6f63bdc-d201-4faa-baf2-b60a7869876c', '事件整改审核task', 'e6g7bee4-4cdb-4458-a926-7d85ffdeed7b', '1', '1', '{\"attachment\":[\"\"],\"comment\":\"整改通过\"}', '32', '1', null, '2019-05-24 16:00:07', '2019-05-24 16:00:48');
INSERT INTO `workflow_task` VALUES ('701ff90b-9b3a-480d-a62a-650e678976a8', '80f0aba63a1842d281748c3520f84cf4', 'c2eb662d-edaf-4ac3-bc4d-4c1b797441b8', '事件审核task', 'e6g7bee4-5cdb-4458-a926-7d85ffdeed7b', '0', '1', null, '2', '0', '1', '2019-05-24 10:48:36', '2019-05-24 10:48:36');
INSERT INTO `workflow_task` VALUES ('71357c32-c24b-4704-a2e3-b8da3264205e', '3faf3907882e4be6a05f59516e05d262', '1cb96f28-e053-47a8-b55a-eb19e3ca12a5', '事件审核task', 'e6g7bee4-1cdb-4458-a926-7d85ffdeed7b', '1', '1', '{\"attachment\":\"[]\",\"comment\":\"1111\"}', '2', '1', '1', '2019-05-24 14:00:36', '2019-05-24 14:00:36');
INSERT INTO `workflow_task` VALUES ('72aa5ad7-6dcd-4281-a213-ebaa9d0dd44f', '77bb4aa387ca423e8705db2d211ce742', '3bdb6242-3e31-404d-9b95-03c40a16d1ff', '事件审核task', 'e6g7bee4-2cdb-4458-a926-7d85ffdeed7b', '0', '1', null, '2', '0', '2', '2019-05-24 10:51:18', '2019-05-24 10:51:18');
INSERT INTO `workflow_task` VALUES ('76bd50ca-3eae-4c41-a88b-56e171aef6da', '7d64c53f7a1a437c94bdb3f659a3f17c', '8de141c2-2bcc-45e7-b9ac-11d36fde4343', '事件追踪task', 'e6g71ee4-ecdb-4458-a926-7d85ffdeed7b', '1', '1', '{\"comment\":\"\"}', '8', '1', null, '2019-05-24 10:30:24', '2019-05-24 10:34:57');
INSERT INTO `workflow_task` VALUES ('793cfc09-08dd-4912-b46b-5e9262df376d', '02589708fcbf47509452e3115c580fa3', '2ac89c35-bf73-43d0-9f5f-bd2479633bf5', '事件审核task', 'e6g7bee4-1cdb-4458-a926-7d85ffdeed7b', '0', '1', null, '2', '0', '1', '2019-05-24 16:48:07', '2019-05-24 16:48:07');
INSERT INTO `workflow_task` VALUES ('79665a9c-4db8-4eb4-b89c-cb3e428db169', '3faf3907882e4be6a05f59516e05d262', '9fea461a-8a56-45d5-8c18-d6dd909c44c1', '事件审核task', 'e6g7bee4-3cdb-4458-a926-7d85ffdeed7b', '1', '1', '{\"attachment\":\"[]\",\"comment\":\"11111\"}', '2', '2', '3', '2019-05-24 14:17:43', '2019-05-24 14:17:44');
INSERT INTO `workflow_task` VALUES ('7f1b272e-d2d9-4a5c-9f53-3863f9349094', '65508b37d99940288c18c78c3827c57e', '0c04f5e8-afd3-4134-8652-928e089fc8f6', '事件审核task', 'e6g7bee4-2cdb-4458-a926-7d85ffdeed7b', '1', '1', '{\"attachment\":\"[]\",\"comment\":\"二级通过\"}', '2', '1', '2', '2019-05-24 15:57:50', '2019-05-24 15:57:50');
INSERT INTO `workflow_task` VALUES ('7f4031c6-08d3-45d2-b3ed-d5292ff67c36', '7d64c53f7a1a437c94bdb3f659a3f17c', '0b354e44-f0ee-4a43-965e-c0409ba0a1b2', '事件审核task', 'e6g7bee4-1cdb-4458-a926-7d85ffdeed7b', '1', '1', '{\"attachment\":\"[]\",\"comment\":\"11111\"}', '2', '1', '1', '2019-05-24 10:23:58', '2019-05-24 10:23:58');
INSERT INTO `workflow_task` VALUES ('809f0419-473d-4f56-92b5-847c7bf0be6f', 'e0b581bf036b4cb795a0efaae7f244fe', 'e393bf0f-9077-4b55-a0cd-9a58e67eaefe', '事件初始化上报task', '1', '1', '1', null, '1', '0', null, '2019-05-24 16:25:06', '2019-05-24 16:25:06');
INSERT INTO `workflow_task` VALUES ('81c2d730-6735-499e-a3c8-39e9eb99ea9b', '4d792274b5ca4e84bd2f8d34acd11f7a', '05e7d7dd-4be9-4761-a14a-d2e4921b923f', '事件结案task', 'e6g7b1e4-ecdb-4458-a926-7d85ffdeed7b', '0', '1', null, '4', '0', null, '2019-05-24 16:44:30', '2019-05-24 16:44:30');
INSERT INTO `workflow_task` VALUES ('83ae5bcc-9077-46c2-9d27-65d97738b89f', '358c5d1a674040a99249067ea6b66665', 'b602bb25-dea3-440e-bfd5-043e81a3e2af', '事件审核task', 'e6g7bee4-2cdb-4458-a926-7d85ffdeed7b', '1', '1', '{\"attachment\":\"[]\",\"comment\":\"11\"}', '2', '4', '2', '2019-05-24 11:06:03', '2019-05-24 11:06:03');
INSERT INTO `workflow_task` VALUES ('849c060e-2a4c-4610-916e-d7f160d328a7', '77bb4aa387ca423e8705db2d211ce742', '002d306e-a70f-48f8-9d8f-84b336611bb8', '事件初始化上报task', '-1', '1', '1', null, '1', '0', null, '2019-05-24 10:21:31', '2019-05-24 10:21:31');
INSERT INTO `workflow_task` VALUES ('874c6d07-e535-445a-8127-44e6ab300a57', 'e8ecb827917c4312a87b61d1d474e65b', '58a416f6-a582-484e-af50-70eb9cf59457', '事件整改task', 'e6g7bee4-2cdb-4458-a926-7d85ffdeed7b', '0', '1', null, '16', '0', null, '2019-05-24 16:03:41', '2019-05-24 16:03:41');
INSERT INTO `workflow_task` VALUES ('88b72813-0249-4103-b352-c2f490a4ef39', '4ee5ae981e5c4dfd8d121b37e25b0f2d', 'd52f3ce2-9847-4015-8c60-24500a2eeafb', '事件结案task', 'e6g7b1e4-ecdb-4458-a926-7d85ffdeed7b', '0', '1', null, '4', '0', null, '2019-05-24 19:33:56', '2019-05-24 19:33:56');
INSERT INTO `workflow_task` VALUES ('89b2aaa6-1a48-4500-a8c1-6461132d3452', 'e8ecb827917c4312a87b61d1d474e65b', '86d7d735-d794-49b5-a06a-691d8c03d1cb', '事件初始化上报task', '1', '1', '1', null, '1', '0', null, '2019-05-24 16:01:54', '2019-05-24 16:01:54');
INSERT INTO `workflow_task` VALUES ('8d0e7f47-5027-4eb9-b6b1-4b1111ff0446', 'ac7f1a41464f448489d32ed4ad39d8b5', '24701e2a-13a0-4918-87d6-2c8a06c3d516', '事件初始化上报task', '1', '1', '1', null, '1', '0', null, '2019-05-24 14:31:06', '2019-05-24 14:31:06');
INSERT INTO `workflow_task` VALUES ('8eab4346-4dbd-4f09-affe-87be43286420', '65508b37d99940288c18c78c3827c57e', 'bd01fb91-5a99-402e-873d-ce080661f461', '事件追踪task', 'e6g71ee4-ecdb-4458-a926-7d85ffdeed7b', '1', '1', '{\"comment\":\"\"}', '8', '1', null, '2019-05-24 15:58:25', '2019-05-24 15:59:11');
INSERT INTO `workflow_task` VALUES ('92a1e20c-67af-431c-ab00-6d813d843b8d', '65508b37d99940288c18c78c3827c57e', '0e6201b2-4379-48d4-a5b1-f6d05683c137', '事件审核task', 'e6g7bee4-1cdb-4458-a926-7d85ffdeed7b', '1', '1', '{\"attachment\":\"[]\",\"comment\":\"一级通过\"}', '2', '1', '1', '2019-05-24 15:57:16', '2019-05-24 15:57:17');
INSERT INTO `workflow_task` VALUES ('938c5ada-abb4-4807-961d-c6fde39f5dee', '7d64c53f7a1a437c94bdb3f659a3f17c', 'e562931f-0a2a-4ba6-bd79-4f351ef33d53', '事件结案task', 'e6g7b1e4-ecdb-4458-a926-7d85ffdeed7b', '1', '1', '{\"attachment\":\"[]\",\"comment\":\"111\"}', '4', '1', null, '2019-05-24 10:30:24', '2019-05-24 10:30:24');
INSERT INTO `workflow_task` VALUES ('944133f4-c72b-46a9-b936-64d12e93fed4', '7af783560f3547c1b075c1434612c416', 'ae327183-3cb1-462d-bd67-c4e8fdc45da5', '事件审核task', 'e6g7bee4-1cdb-4458-a926-7d85ffdeed7b', '0', '1', null, '2', '0', '1', '2019-05-27 15:21:47', '2019-05-27 15:21:47');
INSERT INTO `workflow_task` VALUES ('9616094a-8927-417c-a5f3-c9067c9350cb', 'e8ecb827917c4312a87b61d1d474e65b', '5a372616-f834-42fb-a033-436d35501ca6', '事件结案task', 'e6g7b1e4-ecdb-4458-a926-7d85ffdeed7b', '1', '1', '{\"attachment\":\"[]\",\"comment\":\"通过\"}', '4', '1', null, '2019-05-24 16:02:55', '2019-05-24 16:02:55');
INSERT INTO `workflow_task` VALUES ('99d2b3c9-86d2-409b-8039-4f115637fa89', '75af1a23d1ac42ef97d05ac6b72106ec', '5bc96a25-3019-4976-ba8d-5934e4a34a82', '事件初始化上报task', '1', '1', '1', null, '1', '0', null, '2019-05-24 18:00:49', '2019-05-24 18:00:49');
INSERT INTO `workflow_task` VALUES ('9bbf0609-30a1-4e1e-ad8e-030b256e1875', 'f2cc7f214ff74dbba0da5327895589a7', '3a9d3711-c91c-4072-9d3a-1367192352b2', '事件初始化上报task', '-1', '1', '1', null, '1', '0', null, '2019-05-24 17:49:22', '2019-05-24 17:49:22');
INSERT INTO `workflow_task` VALUES ('9d01d829-c438-4d4c-80e3-3577ca783cae', '75af1a23d1ac42ef97d05ac6b72106ec', '1d79c2b0-4d44-40aa-9d04-b4c2140906af', '事件整改审核task', 'e6g7bee4-4cdb-4458-a926-7d85ffdeed7b', '1', '1', '{\"attachment\":\"[]\",\"comment\":\"444\"}', '32', '1', null, '2019-05-24 20:08:03', '2019-05-24 20:08:32');
INSERT INTO `workflow_task` VALUES ('9ddfac1d-ab54-48fc-8225-d188bdb784ae', '75af1a23d1ac42ef97d05ac6b72106ec', 'f0ae4139-f29c-4c1e-b576-06d80ec24d73', '事件追踪task', 'e6g71ee4-ecdb-4458-a926-7d85ffdeed7b', '1', '1', '{\"comment\":\"\"}', '8', '1', null, '2019-05-24 20:06:56', '2019-05-24 20:07:32');
INSERT INTO `workflow_task` VALUES ('9e1fc98b-5e28-460d-a25f-02ed2b897fbb', 'd0a05390748a4e9f86dcb415bddd71ac', '7b0b6a15-905b-4150-bc82-f94472885f5b', '事件初始化上报task', '1', '1', '1', null, '1', '0', null, '2019-05-24 10:31:23', '2019-05-24 10:31:23');
INSERT INTO `workflow_task` VALUES ('a535e80d-2471-40ec-9952-e07bb743a882', '65508b37d99940288c18c78c3827c57e', '409bdfc6-ec9d-407b-85d4-a1685f4fa2a0', '事件整改task', 'e6g7bee4-2cdb-4458-a926-7d85ffdeed7b', '1', '1', '{\"attachment\":[\"\"],\"comment\":\"医生整改1\"}', '16', '1', null, '2019-05-24 15:59:11', '2019-05-24 16:00:06');
INSERT INTO `workflow_task` VALUES ('a83f43b3-751a-46b4-a6ac-3243027acd9c', 'e2394363e48549fbb3ec9c317adb17f3', '6b953064-b88d-437c-b2f0-8d5ded05fe3d', '事件审核task', 'e6g7bee4-1cdb-4458-a926-7d85ffdeed7b', '1', '1', '{\"attachment\":\"[]\",\"comment\":\"不合格\"}', '2', '4', '1', '2019-05-24 16:23:20', '2019-05-24 16:23:20');
INSERT INTO `workflow_task` VALUES ('a88d806f-a51f-494b-96f7-200c90ea612f', '75af1a23d1ac42ef97d05ac6b72106ec', '59eed55d-bdad-46c6-b584-20c3061b7768', '事件结案task', 'e6g7b1e4-ecdb-4458-a926-7d85ffdeed7b', '1', '1', '{\"attachment\":\"[]\",\"comment\":\"11\"}', '4', '1', null, '2019-05-24 20:06:56', '2019-05-24 20:06:56');
INSERT INTO `workflow_task` VALUES ('a8afbb55-ee06-4f0d-8ab6-da8f92a2b560', 'e0b581bf036b4cb795a0efaae7f244fe', 'ec3d9e73-b499-4d07-8a14-7dc349445ca0', '事件审核task', 'e6g7bee4-1cdb-4458-a926-7d85ffdeed7b', '1', '1', '{\"attachment\":\"[]\",\"comment\":\"合格\"}', '2', '1', '1', '2019-05-24 16:25:35', '2019-05-24 16:25:36');
INSERT INTO `workflow_task` VALUES ('a95fc8b4-7a1f-45fb-a663-94d15fa06580', '8709a133eaa749448bd78745adae4254', '744a43da-8479-4b62-ba76-dba3162192e8', '事件整改task', 'e6g7bee4-3cdb-4458-a926-7d85ffdeed7b', '0', '1', null, '16', '0', null, '2019-05-24 14:49:01', '2019-05-24 14:49:01');
INSERT INTO `workflow_task` VALUES ('afa19056-361e-436a-a1da-0d45d4889092', 'd0a05390748a4e9f86dcb415bddd71ac', '6c130e1f-96fd-4cfe-aa3c-e042054628cf', '事件审核task', 'e6g7bee4-5cdb-4458-a926-7d85ffdeed7b', '0', '1', null, '2', '0', '1', '2019-05-24 10:31:24', '2019-05-24 10:31:24');
INSERT INTO `workflow_task` VALUES ('afc9a1b2-007b-4fd0-9a80-97934941f56f', '358c5d1a674040a99249067ea6b66665', '0da4d85c-db82-4cb4-85d6-0ffd066c5a7a', '事件初始化上报task', '1', '1', '1', null, '1', '0', null, '2019-05-24 10:47:40', '2019-05-24 10:47:40');
INSERT INTO `workflow_task` VALUES ('b0f6aa9f-74f7-4b11-871e-97ab1aff5e2f', '672c1e2086874d9093fd103f779fe4ae', 'ec2fd9b0-72a2-455b-804e-a628cad8c14c', '事件结案task', 'e6g7b2e4-ecdb-4458-a926-7d85ffdeed7b', '0', '1', null, '4', '0', null, '2019-05-24 11:13:19', '2019-05-24 11:13:19');
INSERT INTO `workflow_task` VALUES ('b15f664f-2a2a-4b3f-9892-3e64b348d5fb', '4d792274b5ca4e84bd2f8d34acd11f7a', '80a8fbc8-62df-4f25-939f-6b331323eca0', '事件初始化上报task', '1', '1', '1', null, '1', '0', null, '2019-05-24 16:43:14', '2019-05-24 16:43:14');
INSERT INTO `workflow_task` VALUES ('b6aac3c6-bf12-4ad0-aa88-de1b933d0ee4', '8448a85b3d214bcdafaefc2cc0ab1e1a', '9fd713fe-3d69-4a4b-8bae-24d4ea784ba9', '事件初始化上报task', '1', '1', '1', null, '1', '0', null, '2019-05-24 16:06:01', '2019-05-24 16:06:01');
INSERT INTO `workflow_task` VALUES ('b7542906-ab79-4ca3-8b3d-51a039b23462', '8709a133eaa749448bd78745adae4254', '8b19a35f-0133-45bd-b68c-bde10152a20d', '事件审核task', null, '1', '1', '{\"attachment\":\"[]\",\"comment\":\"一级通过\"}', '2', '1', '1', '2019-05-24 14:45:32', '2019-05-24 14:45:35');
INSERT INTO `workflow_task` VALUES ('bdab0cbc-51e1-4f50-b457-d1b69130f634', '672c1e2086874d9093fd103f779fe4ae', 'f7e6e6d6-8a34-40a1-8758-f0bcde1478d6', '事件审核task', 'e6g7bee4-2cdb-4458-a926-7d85ffdeed7b', '1', '1', '{\"attachment\":\"[]\",\"comment\":\"222\"}', '2', '2', '2', '2019-05-24 11:13:19', '2019-05-24 11:13:19');
INSERT INTO `workflow_task` VALUES ('bf4fc1c0-7061-4556-8398-d8352898be93', '1-1', 'aea2fb1f-1f56-463e-b07d-d76c4fe84039', '事件结案task', 'e6g7b1e4-ecdb-4458-a926-7d85ffdeed7b', '0', '1', null, '4', '0', null, '2019-05-24 17:30:55', '2019-05-24 17:30:55');
INSERT INTO `workflow_task` VALUES ('bff44599-f11f-488c-9729-18fc573c7cf3', 'cd5c99e6069d468a9fe143217fa41025', '1e4ea6d8-77a7-4459-abd6-20a58a5e9d89', '事件结案task', 'e6g7b1e4-ecdb-4458-a926-7d85ffdeed7b', '0', '1', null, '4', '0', null, '2019-05-24 16:40:39', '2019-05-24 16:40:39');
INSERT INTO `workflow_task` VALUES ('c3d3af83-babb-40f6-b0a6-59f6797febbb', '8709a133eaa749448bd78745adae4254', '7281bd2a-247b-4e82-9bbf-c43023bea1ad', '事件审核task', 'e6g7bee4-2cdb-4458-a926-7d85ffdeed7b', '1', '1', '{\"attachment\":\"[]\",\"comment\":\"二级通过\"}', '2', '1', '2', '2019-05-24 14:46:34', '2019-05-24 14:46:34');
INSERT INTO `workflow_task` VALUES ('c3ebe880-62e0-4c12-a1a8-dc6861be04b5', '662ac2d9c0ab4c4f9d06fb2e417775d9', 'db9af87a-96a9-4e5f-9b62-531b3ee805b3', '事件审核task', 'e6g7bee4-2cdb-4458-a926-7d85ffdeed7b', '1', '1', '{\"attachment\":\"[]\",\"comment\":\"通过\"}', '2', '1', '2', '2019-05-24 18:05:54', '2019-05-24 18:05:54');
INSERT INTO `workflow_task` VALUES ('c47a71cd-3ad6-4d5f-9d00-cc803320c02e', '7d64c53f7a1a437c94bdb3f659a3f17c', '05b54453-c39c-4e4f-9bb9-eeccdd305c56', '事件整改审核task', 'e6g7bee4-6cdb-4458-a926-7d85ffdeed7b', '0', '1', null, '32', '0', null, '2019-05-24 10:37:34', '2019-05-24 10:37:34');
INSERT INTO `workflow_task` VALUES ('c7fb2153-4dec-4950-9222-4fd88dc4c47d', '662ac2d9c0ab4c4f9d06fb2e417775d9', '790dce51-3837-462c-8121-4a9912b59a0e', '事件审核task', 'e6g7bee4-1cdb-4458-a926-7d85ffdeed7b', '1', '1', '{\"attachment\":\"[]\",\"comment\":\"通过\"}', '2', '1', '1', '2019-05-24 18:05:18', '2019-05-24 18:05:18');
INSERT INTO `workflow_task` VALUES ('ca25b807-eeb9-40b0-8354-67c46bfc6915', '16c5f66d20d54908871845ff69722cf7', '22617693-38f6-4dc9-864a-f0d5186db40b', '事件审核task', 'e6g7bee4-1cdb-4458-a926-7d85ffdeed7b', '0', '1', null, '2', '0', '1', '2019-05-27 14:27:58', '2019-05-27 14:27:58');
INSERT INTO `workflow_task` VALUES ('cfbd2661-6ee1-42d2-8135-f4c912f3a768', '4ee5ae981e5c4dfd8d121b37e25b0f2d', '51fee600-6d5c-435f-87d1-b9ac589aed9d', '事件审核task', null, '1', '1', '{\"attachment\":\"[]\",\"comment\":\"开始\"}', '2', '1', '1', '2019-05-24 19:33:56', '2019-05-24 19:33:56');
INSERT INTO `workflow_task` VALUES ('d41eee76-9a77-4784-9559-90174527458a', '80f0aba63a1842d281748c3520f84cf4', '83f907c4-f206-4528-ad9e-5613564c25b6', '事件初始化上报task', '1', '1', '1', null, '1', '0', null, '2019-05-24 10:48:36', '2019-05-24 10:48:36');
INSERT INTO `workflow_task` VALUES ('d709ef74-8934-4721-a2c4-c217de44cf7c', '65508b37d99940288c18c78c3827c57e', '409bdfc6-ec9d-407b-85d4-a1685f4fa2a0', '事件整改task', 'e6g7bee4-3cdb-4458-a926-7d85ffdeed7b', '0', '1', null, '16', '0', null, '2019-05-24 15:59:11', '2019-05-24 15:59:11');
INSERT INTO `workflow_task` VALUES ('d729f862-0f76-4747-8624-0ec512f58cec', '75af1a23d1ac42ef97d05ac6b72106ec', '55759521-c502-496d-bd5b-92b7bc590156', '事件整改task', 'e6g7bee4-3cdb-4458-a926-7d85ffdeed7b', '1', '1', '{\"attachment\":\"[]\",\"comment\":\"2333\"}', '16', '1', null, '2019-05-24 20:07:33', '2019-05-24 20:08:03');
INSERT INTO `workflow_task` VALUES ('daeca88d-d9b9-4e1d-a9fa-88e8d194b280', 'e0b581bf036b4cb795a0efaae7f244fe', '54305421-02c8-4925-80a9-65b0ec7d796f', '事件审核task', 'e6g7bee4-2cdb-4458-a926-7d85ffdeed7b', '1', '1', '{\"attachment\":\"[]\",\"comment\":\"作废\"}', '2', '4', '2', '2019-05-24 16:26:02', '2019-05-24 16:26:02');
INSERT INTO `workflow_task` VALUES ('db9791d5-d4b9-4160-9dfa-1e180fd035c0', '662ac2d9c0ab4c4f9d06fb2e417775d9', '289337ea-227c-4866-afd6-0d606dcfec4f', '事件初始化上报task', '1', '1', '1', null, '1', '0', null, '2019-05-24 18:04:52', '2019-05-24 18:04:52');
INSERT INTO `workflow_task` VALUES ('dca4bf26-6d72-4dc5-8069-76794d5793cd', '68c6d6910aa445dfb679875c9fec1a17', '21716f02-042a-4cb3-8a22-af1e8c4c5aed', '事件初始化上报task', '1', '1', '1', null, '1', '0', null, '2019-05-27 15:23:26', '2019-05-27 15:23:26');
INSERT INTO `workflow_task` VALUES ('e5382e32-789e-4f3c-aaa2-c87f56532bad', 'ac7f1a41464f448489d32ed4ad39d8b5', 'b04645f6-8499-4d86-90b2-075c2100ae77', '事件审核task', 'e6g7bee4-2cdb-4458-a926-7d85ffdeed7b', '0', '1', null, '2', '0', '2', '2019-05-24 14:31:47', '2019-05-24 14:31:47');
INSERT INTO `workflow_task` VALUES ('e7cd9e07-d80d-4135-804d-c19750e9673d', 'e2394363e48549fbb3ec9c317adb17f3', '3e7ea343-6c50-4ef0-8088-a28dbcc5c269', '事件初始化上报task', '1', '1', '1', null, '1', '0', null, '2019-05-24 16:22:52', '2019-05-24 16:22:52');
INSERT INTO `workflow_task` VALUES ('e7f90fa8-0a67-4a7b-96be-a543b457f45b', '3faf3907882e4be6a05f59516e05d262', 'bf4ec2f0-8bf7-478a-aacd-8290f77da508', '事件初始化上报task', '1', '1', '1', null, '1', '0', null, '2019-05-24 11:20:12', '2019-05-24 11:20:12');
INSERT INTO `workflow_task` VALUES ('ea061f02-e047-42c5-87a8-a993a423556a', '8448a85b3d214bcdafaefc2cc0ab1e1a', 'fb2fcd50-354c-4590-b8d4-add0ccb7717f', '事件审核task', 'e6g7bee4-1cdb-4458-a926-7d85ffdeed7b', '1', '1', '{\"attachment\":\"[]\",\"comment\":\"不合格\"}', '2', '2', '1', '2019-05-24 16:07:07', '2019-05-24 16:07:07');
INSERT INTO `workflow_task` VALUES ('ec119ea0-04ef-4b86-8987-1a881ef968ef', '75af1a23d1ac42ef97d05ac6b72106ec', '466edb37-a3fe-4675-a6bf-4cbee986d8e2', '事件审核task', 'e6g7bee4-2cdb-4458-a926-7d85ffdeed7b', '1', '1', '{\"attachment\":\"[]\",\"comment\":\"退回\"}', '2', '2', '2', '2019-05-24 18:02:12', '2019-05-24 18:02:12');
INSERT INTO `workflow_task` VALUES ('eeddd32c-30bd-4965-a6b5-6332e57dfc47', '21ef127700794e15a619cc4c761c7689', 'f7df161e-e8a4-4688-ad5f-007b5d77a1ae', '事件结案task', 'e6g7b1e4-ecdb-4458-a926-7d85ffdeed7b', '0', '1', null, '4', '0', null, '2019-05-24 16:11:06', '2019-05-24 16:11:06');
INSERT INTO `workflow_task` VALUES ('eff8a8be-25df-4425-89f0-8429ebf895ee', '8709a133eaa749448bd78745adae4254', 'd7a8ac68-15c8-45e2-9303-8e36f4b20485', '事件审核task', 'e6g7bee4-3cdb-4458-a926-7d85ffdeed7b', '1', '1', '{\"attachment\":\"[]\",\"comment\":\"三级通过\"}', '2', '1', '3', '2019-05-24 14:47:00', '2019-05-24 14:47:00');
INSERT INTO `workflow_task` VALUES ('f1947864-8bf3-4cf3-ae48-70b21e670c16', 'e8ecb827917c4312a87b61d1d474e65b', 'a11081d4-7788-43bf-89e5-ef74917f30dc', '事件审核task', 'e6g7bee4-1cdb-4458-a926-7d85ffdeed7b', '1', '1', '{\"attachment\":\"[]\",\"comment\":\"审核通过\"}', '2', '1', '1', '2019-05-24 16:02:27', '2019-05-24 16:02:27');
INSERT INTO `workflow_task` VALUES ('f199f6fd-7a06-4dd8-89c3-698eca467b07', '8709a133eaa749448bd78745adae4254', 'b88fd189-a8a4-492c-aa42-871fc5dad105', '事件结案task', 'e6g7b1e4-ecdb-4458-a926-7d85ffdeed7b', '1', '1', '{\"attachment\":\"[]\",\"comment\":\"结案通过\"}', '4', '1', null, '2019-05-24 14:47:34', '2019-05-24 14:47:34');
INSERT INTO `workflow_task` VALUES ('f6640bad-674d-4014-b0c6-239e7e8a1f4c', '4d792274b5ca4e84bd2f8d34acd11f7a', '82b4b574-74c9-442d-b110-1b4cbdc5ee2a', '事件审核task', 'e6g7bee4-1cdb-4458-a926-7d85ffdeed7b', '1', '1', '{\"attachment\":\"[]\",\"comment\":\"通过\"}', '2', '1', '1', '2019-05-24 16:44:30', '2019-05-24 16:44:30');
INSERT INTO `workflow_task` VALUES ('f6cca2ab-355b-47ee-9319-a659bf08d5ce', '75af1a23d1ac42ef97d05ac6b72106ec', 'f1bea6b7-fc8c-48ae-9303-fd8c51ab26ef', '事件审核task', 'e6g7bee4-1cdb-4458-a926-7d85ffdeed7b', '1', '1', '{\"attachment\":\"[]\",\"comment\":\"11\"}', '2', '1', '1', '2019-05-24 20:05:30', '2019-05-24 20:05:30');
INSERT INTO `workflow_task` VALUES ('f74247c4-75ed-4da2-a95b-03efc12cf4ba', '21ef127700794e15a619cc4c761c7689', 'eeaacf87-9221-4ecc-997a-797ab9e33b77', '事件初始化上报task', '1', '1', '1', null, '1', '0', null, '2019-05-24 16:10:09', '2019-05-24 16:10:09');
INSERT INTO `workflow_task` VALUES ('f8a7bb7d-54f3-4112-9f3f-9c1461594d8a', '7d64c53f7a1a437c94bdb3f659a3f17c', '8fa288ec-1ccc-47ee-9924-fdeddbeeb6e4', '事件整改task', 'e6g7bee4-2cdb-4458-a926-7d85ffdeed7b', '1', '1', '{\"attachment\":[\"\"],\"comment\":\"11111\"}', '16', '1', null, '2019-05-24 10:34:58', '2019-05-24 10:37:34');
INSERT INTO `workflow_task` VALUES ('f8e39b74-e8a8-42c3-a066-b5669019c50c', '75af1a23d1ac42ef97d05ac6b72106ec', 'a23d7065-204c-42f4-8d3b-16f3c3eba749', '事件审核task', 'e6g7bee4-2cdb-4458-a926-7d85ffdeed7b', '1', '1', '{\"attachment\":\"[]\",\"comment\":\"222\"}', '2', '1', '2', '2019-05-24 20:05:54', '2019-05-24 20:05:54');
INSERT INTO `workflow_task` VALUES ('fb128240-7666-472f-af3c-83553725ba62', 'e8ecb827917c4312a87b61d1d474e65b', 'a86f42b0-e1cf-439d-9012-99c193d289b4', '事件追踪task', 'e6g71ee4-ecdb-4458-a926-7d85ffdeed7b', '1', '1', '{\"comment\":\"\"}', '8', '1', null, '2019-05-24 16:02:56', '2019-05-24 16:03:41');
